invoice_id,invoice_line_id,po_id,vendor_id,invoice_date,invoice_amount,invoice_status
INV000001, INV1,PO02412 ,V458,2023-01-25,12509.31,posted
INV000002, INV1,PO03754,v366,2023-06-25,5021.31,Cancelled
INV000003,INV2 ,PO03645, V079,2024-02-12,44847.16,posted
INV000004,INV1,po07593,V475,2024-08-23,64248.06,CANCELLED
INV000005,INV2 ,PO05055,V407,2024-09-09,40764.55,Cancelled
INV000006, INV2,PO07687,V196 ,2023-12-27,57847.3,POSTED
INV000007, INV2,po05695,V324,2023-08-12,73268.08,posted
INV000008,INV2 ,po04555,V111 ,2023-12-02,17268.66,CANCELLED
INV000009,INV2,PO05547, V063,2024-01-01,6874.56,CANCELLED
INV000010,INV1,PO02625,V483,2023-02-15,28506.12,POSTED
INV000011,inv2,PO01176,V206,2023-06-22,24020.99,CANCELLED
INV000012,INV1,PO05656 ,v462,2024-11-28,8088.45,posted
INV000013,INV1,PO04424,V162,2023-03-28,84803.08,CANCELLED
INV000014,INV1,PO01791,V386 ,2023-12-15,53954.97,POSTED
INV000015,INV1,PO07623,V492,2023-01-11,93564.75,posted
INV000016,inv1,PO01570,v151,2023-01-19,86476.49,posted
INV000017,INV1,po05686,V106 ,2023-11-18,61916.89,posted
INV000018,INV1,PO03509,V357,2024-01-19,79948.06,Cancelled
INV000019,inv1, PO01073, V049,2023-05-31,14969.46,
INV000020, INV1, PO06412, V385,2024-07-20,46477.18,Cancelled
INV000021,INV2,PO05402,V409,2024-06-01,87568.32,CANCELLED
INV000022,INV2 ,PO07409,V072,2024-10-18,86435.33,
INV000023,INV2,PO05903,V147,2024-06-11,67026.99,posted
INV000024,INV1,PO01745 ,V367,2023-05-10,51307.24,Cancelled
INV000025,INV1,PO03620,V322 ,2023-09-05,86529.57,
INV000026,INV2,PO04365, V292,2023-03-22,93435.39,
INV000027,INV2,PO02920,v133,2023-12-31,45138.56,Cancelled
INV000028,INV2,po07518,V382,2024-12-08,42395.48,
INV000029,INV1,po01218,V487,2024-01-13,17159.49,CANCELLED
INV000030,INV1,PO06792, V282,2023-12-09,34736.87,posted
INV000031,INV1 ,PO01344, V252,2024-04-23,59761.48,Cancelled
INV000032, INV1,PO01837, V391,2024-09-05,63152.0,POSTED
INV000033,INV2 , PO01126,V116 ,2023-10-15,27163.22,
INV000034,INV1,po03171,V303,2024-01-23,50706.14,POSTED
INV000035,INV1, PO02485,V359,2023-09-11,6772.02,CANCELLED
INV000036, INV2,PO02369,V251,2023-06-26,85526.53,
INV000037,inv2,PO07915 ,V147,2024-08-17,65006.93,POSTED
INV000038,INV1,PO06155 ,V384,2024-03-24,90457.99,CANCELLED
INV000039,INV1,PO05162,V367,2023-03-02,83321.62,Cancelled
INV000040,INV2,po05841,V463,2024-06-06,57936.76,
INV000041, INV1,po00620,V406,2023-04-20,54371.55,
INV000042,INV2,PO02000,V185,2023-01-06,6287.88,posted
INV000043,INV2 ,PO01068,V244,2023-04-16,86601.2,POSTED
INV000044,inv1, PO01990,V238,2024-06-13,4026.86,Cancelled
INV000045,inv2,PO06709 ,V182,2024-12-08,10899.38,Cancelled
INV000046,inv2,po00164,v134,2024-08-27,39699.8,
INV000047,INV1,PO01395 ,V337,2024-01-03,48248.34,
INV000048,INV1,PO00727,V343,2023-08-04,32901.22,CANCELLED
INV000049,INV2 ,PO02780,V275,2023-04-10,86764.3,
INV000050,INV2,PO01092,V399,2023-08-18,65438.26,POSTED
INV000051,INV2,PO04210 , V277,2024-09-09,25206.51,posted
INV000052,INV1,PO07908,v218,2023-09-04,38155.86,POSTED
INV000053,INV2,po07888,V178,2023-03-01,29984.23,CANCELLED
INV000054,INV1,PO06982 ,V067,2024-10-08,29139.66,POSTED
INV000055,INV2 ,PO04905,V423,2023-10-20,81624.62,CANCELLED
INV000056,INV1,PO04859,V062,2024-03-13,42581.98,
INV000057,INV2,PO00418 , V103,2023-11-03,50845.31,CANCELLED
INV000058,INV2 ,PO07092,V469,2024-04-02,50189.65,CANCELLED
INV000059,INV1,PO06432,V152,2023-02-08,63699.6,Cancelled
INV000060,inv2, PO01835,V079,2024-09-18,6575.63,POSTED
INV000061,INV2,PO03266,V452 ,2023-05-27,11375.98,posted
INV000062, INV2,po03344, V476,2024-11-24,11295.52,posted
INV000063,INV2, PO03980, V325,2024-10-09,47969.56,CANCELLED
INV000064,INV2, PO00241,V107,2023-08-26,59682.45,POSTED
INV000065,INV1 ,PO04288,V483,2023-02-08,22365.16,posted
INV000066,INV1, PO03287,V028,2023-07-29,27763.74,
INV000067,INV2,PO04558 ,V251,2024-08-13,18489.34,CANCELLED
INV000068, INV1,po05244,V393,2024-06-30,71763.44,CANCELLED
INV000069,INV1,PO01418,V447 ,2024-10-21,39531.56,Cancelled
INV000070,INV1 ,PO03088,V012,2023-07-03,38675.08,posted
INV000071,INV1 ,PO05927,V101,2024-04-23,35007.24,
INV000072,INV2,PO01110,V121 ,2023-04-16,77684.4,Cancelled
INV000073,INV2 ,PO04096,V194,2024-02-21,88934.07,posted
INV000074,INV2,PO04133,V313 ,2023-05-14,31347.23,posted
INV000075,INV1,PO00731,V154,2024-08-20,65686.49,posted
INV000076,INV2,PO02618, V048,2024-03-08,27657.49,
INV000077,INV1,PO00042,V014 ,2024-05-11,39336.03,posted
INV000078,INV2, PO07650,V092,2024-05-10,52929.31,posted
INV000079,INV2,po00734,V328,2024-07-05,,CANCELLED
INV000080,INV1,PO02681,V407 ,2023-09-30,72195.89,Cancelled
INV000081,INV2,PO01986, V144,2023-06-11,46341.45,CANCELLED
INV000082, INV1,PO01548,V313,2023-05-30,18749.26,CANCELLED
INV000083,INV1,PO01953,V342,2023-11-21,91021.78,
INV000084,INV2 ,PO06059,V204,2024-05-24,41011.09,CANCELLED
INV000085,inv2,PO07976 ,v130,2023-07-24,9197.45,POSTED
INV000086,inv1,PO06139,V451,2024-10-31,17516.79,
INV000087,INV1,PO00689,V163 ,2023-08-22,77493.02,
INV000088,INV2,PO05490 ,V290 ,2023-04-26,,Cancelled
INV000089,INV1,PO00538 ,V432 ,2024-09-07,56349.03,
INV000090,inv2,po05223,V466,2023-10-18,67380.17,Cancelled
INV000091,INV2, PO06717,v301,2024-03-10,65148.16,POSTED
INV000092,INV1,PO05289,V216,2024-06-17,64884.78,CANCELLED
INV000093,inv2,po02862,v453,2024-12-28,16782.45,Cancelled
INV000094,inv1,PO01496,V012 ,2024-01-22,20770.31,posted
INV000095,INV2 ,PO00171,V399 ,2023-11-28,22841.25,Cancelled
INV000096,INV1,PO04154,V374,2024-01-03,83847.66,
INV000097,inv1,po02126,v497,2024-04-26,30880.78,POSTED
INV000098,INV2,PO02920 ,V239 ,2023-04-09,79920.87,POSTED
INV000099,INV1, PO04949, V305,2023-08-22,28423.12,POSTED
INV000100,INV1 ,po02287,V278,2024-01-18,94552.51,CANCELLED
INV000101,INV2 ,PO00432,v018,2024-03-18,79262.49,posted
INV000102,INV1,PO03527,V049,2024-04-09,93947.0,
INV000103,,po07907, V375,2023-06-20,57997.86,Cancelled
INV000104,INV2,PO00010,V248,2023-06-23,79933.48,CANCELLED
INV000105, INV2,,V405,2023-07-14,75426.8,posted
INV000106,INV2, PO06430,V004,2023-10-24,85072.47,Cancelled
INV000107, INV2,PO05579,V102 ,2023-08-27,47379.31,CANCELLED
INV000108,INV2,PO01399,V122,2023-02-09,47413.74,
INV000109,INV1,PO01760,v079,2023-06-05,44285.76,POSTED
INV000110,INV2,po02640,v062,2023-08-26,45917.01,POSTED
INV000111,INV2,PO05478,V295,2024-12-11,76477.93,posted
INV000112,INV1 ,PO00001 ,V144,2024-11-13,64909.47,CANCELLED
INV000113,INV1 , PO05898, V289,2024-11-30,16842.57,CANCELLED
INV000114,INV2,PO06735 ,V320,2024-03-02,3479.58,CANCELLED
INV000115,INV1,PO00405,V296 ,2023-09-09,37494.7,CANCELLED
INV000116,INV2, PO06396,V141,2024-09-18,7483.95,Cancelled
INV000117,INV2,PO00617,v175,2024-11-16,,
INV000118,INV2, PO05196,V029,2023-09-12,62367.2,
INV000119, INV2,po03001,V444,2023-12-16,51890.83,
INV000120,inv1, PO07771,V050 ,2024-06-02,12435.37,posted
INV000121,INV1,PO04524,v040,2023-04-29,51500.28,
INV000122, INV1,PO07430,V141,2023-07-21,55426.47,posted
INV000123,INV1,PO06474, V212,2024-12-11,24916.35,
INV000124,INV2 ,po02644,V417 ,2023-05-27,63983.83,posted
INV000125,inv1, PO07881,v057,2023-05-19,35988.27,CANCELLED
INV000126,INV2,PO00466,V450,2024-08-21,59687.06,posted
INV000127,INV1, PO02845, V196,2024-08-23,48701.14,Cancelled
INV000128,inv1,PO00662,V392,2024-09-07,83882.8,posted
INV000129,INV1 ,PO02136,v012,2023-07-29,63481.21,posted
INV000130,INV2,PO04932 ,V358,2024-01-31,46628.06,Cancelled
INV000131,INV2,PO03696,V421,2024-03-08,12539.35,CANCELLED
INV000132,INV1,PO07170,v185,2024-12-25,40100.66,CANCELLED
INV000133,INV1, PO04829,V438,2023-12-26,10393.93,posted
INV000134,INV2,PO05261, V182,2023-12-25,56208.29,posted
INV000135,INV2,PO02916,V276 ,2024-12-16,,posted
INV000136,inv2,po07973, V079,2024-05-02,62008.41,posted
INV000137,INV1,PO01765,V086,2024-04-16,,Cancelled
INV000138,INV2,PO04069 ,v288,2024-06-30,68579.81,posted
INV000139,INV2,PO01126 ,V349,2023-04-05,55242.83,Cancelled
INV000140,INV2,po07914,V145,2024-12-20,,Cancelled
INV000141, INV2,PO07537,V184,2024-12-13,44553.05,CANCELLED
INV000142,INV1,PO02305 ,V027,2024-02-23,86669.54,CANCELLED
INV000143,,PO07521,V389,2023-02-10,89825.41,
INV000144,INV1,, V433,2023-09-30,58215.05,POSTED
INV000145,INV2, PO04249,V006,2023-09-17,72942.61,
INV000146,inv1,po01424, V338,2023-04-15,15166.21,
INV000147,INV2,PO05664 ,V296,2024-04-02,12486.35,POSTED
INV000148,INV1,PO06459,V335,2023-04-04,67622.72,CANCELLED
INV000149,INV1,po06646,V276,2024-03-07,25700.98,CANCELLED
INV000150,INV1, PO01545,v082,2023-11-02,56814.52,posted
INV000151, INV1,PO07246,V056,2024-02-13,45949.7,
INV000152,inv1, PO04664, V310,2023-01-11,86587.45,posted
INV000153,INV1 ,PO02566,V010 ,2024-12-19,13668.19,posted
INV000154,INV1,PO03492,V037,2023-07-31,62979.68,
INV000155, INV2,PO07118,v156,2023-03-14,14398.16,
INV000156,INV1,PO05111 , V207,2023-10-08,18940.49,Cancelled
INV000157,INV2 ,PO05658,V133,2024-01-04,9555.54,
INV000158,INV2 ,PO00753 ,V478,2023-01-05,17672.11,Cancelled
INV000159,inv1,PO05372,V258,2023-05-30,16081.19,Cancelled
INV000160,INV1 ,PO06383,v117,2024-07-19,34429.43,POSTED
INV000161,INV1,po02060,V303,2023-09-07,64860.67,POSTED
INV000162,INV2,po04447,v406,2024-08-08,64164.61,CANCELLED
INV000163, INV1,PO07764,V276,2024-08-18,93326.67,
INV000164,INV2 ,po00367,v323,2024-10-22,,posted
INV000165,INV2,PO06998,V095,2024-10-27,55817.64,POSTED
INV000166,INV1,PO00335,V067,2023-08-28,22733.88,CANCELLED
INV000167,INV1 ,PO00921, V367,2023-07-21,44950.1,Cancelled
INV000168,INV1,PO06741,V353,2024-06-14,36726.56,posted
INV000169,INV2,PO01854 ,V096,2023-10-14,47060.26,
INV000170,INV2, PO04517,,2023-12-25,40193.69,CANCELLED
INV000171, INV2, PO02900,V233,2024-02-24,14761.05,CANCELLED
INV000172,INV2,PO00925, V363,2023-08-31,7632.34,posted
INV000173,inv1, PO07159, V056,2023-05-22,92169.8,
INV000174,inv2, PO04996,V215,2023-07-10,27936.26,Cancelled
INV000175,INV2 ,PO07230,V449,2024-04-29,75562.82,Cancelled
INV000176, INV2,PO00695,V395,2024-02-16,38904.6,
INV000177,INV2,po02430,V403,2023-07-10,25353.4,POSTED
INV000178,INV1,PO01556 ,v086,2024-01-18,71666.7,Cancelled
INV000179, INV1, PO01348,V154,2024-03-14,20119.53,
INV000180,INV2,PO04713, V264,2023-03-01,85568.37,POSTED
INV000181,INV2,PO07344,v139,2023-11-30,9859.94,Cancelled
INV000182,INV2,po03935,V314,2024-08-15,3379.56,Cancelled
INV000183,inv1,PO01518,v171,2024-07-17,27691.81,posted
INV000184,INV1,PO00400,V071 ,2023-06-09,73318.71,
INV000185,INV1,PO03209,V082 ,2024-07-09,89695.88,posted
INV000186,INV2,po06512,V257,2023-02-28,63987.45,
INV000187,inv1,, V187,2023-08-30,52178.52,Cancelled
INV000188,INV2,PO01544,V125,2024-07-19,94897.26,posted
INV000189,INV2,PO02943 ,V341,2023-09-02,17071.66,
INV000190,INV2,PO05300,v134,2023-09-16,80047.8,POSTED
INV000191, INV2,PO01171, V202,2024-09-01,63474.24,posted
INV000192,INV2,PO02330,V276,2024-04-13,9629.18,POSTED
INV000193,INV2 ,PO07993, V177,2023-05-31,85026.29,CANCELLED
INV000194,INV2, PO06881,V014 ,2024-02-06,53544.94,posted
INV000195,INV2,PO04979,V487,2024-11-25,80487.34,POSTED
INV000196,INV2 ,po07528,V433 ,2024-01-16,29410.81,
INV000197,inv2,PO04628,V131,2024-01-29,92874.6,Cancelled
INV000198,INV1,po07611,V287,2024-06-22,49066.84,posted
INV000199,INV2,PO00433,V068,2024-08-11,6881.16,posted
INV000200,INV2,PO04563,V271,2023-01-14,30219.24,POSTED
INV000201,INV1,PO00983,V044,2024-10-09,42815.2,Cancelled
INV000202,INV2,PO05954,V427,2024-08-16,5109.56,posted
INV000203,INV2 ,po03234,V224,2024-08-08,80500.0,posted
INV000204,inv1,PO04942,v075,2023-12-23,,CANCELLED
INV000205,INV2,PO07074,V027 ,2024-06-22,15820.94,
INV000206,INV2,PO02773,v152,2023-04-08,11639.25,CANCELLED
INV000207,INV2,PO06509,V091,2024-06-01,65037.37,
INV000208,inv2,PO00099,V456 ,2024-03-27,8837.75,CANCELLED
INV000209,INV1,PO04958,V438 ,2024-08-14,30830.28,CANCELLED
INV000210,INV2,PO03211,V149,2023-05-22,8624.16,CANCELLED
INV000211,INV1,PO02109, V448,2023-02-25,3675.31,posted
INV000212,INV1 ,PO00753 ,V179,2024-02-22,40144.94,CANCELLED
INV000213, INV2,po03623,V480 ,2023-02-26,72873.56,
INV000214,inv1,PO01869,V123,2024-01-10,44349.85,
INV000215,INV2 ,po07665,V275,2024-05-21,59863.48,
INV000216,inv1,PO02689,V094,2023-12-10,14819.57,
INV000217, INV1,PO03963,V038,2023-12-04,44569.05,
INV000218, INV2,PO03063 ,V204,2024-02-16,81835.69,POSTED
INV000219,inv1,PO04408,V088,2023-09-16,80754.86,posted
INV000220,INV2, PO07499,V184,2023-02-05,39022.1,CANCELLED
INV000221,INV2,PO00265,V205,2023-05-30,49527.44,
INV000222,INV2, PO05794,V329,2023-02-01,37836.42,Cancelled
INV000223,INV2,PO00388,V284,2023-01-06,4986.52,CANCELLED
INV000224,inv1,PO07742, V061,2024-02-08,6674.26,posted
INV000225,INV2, PO03686,v023,2024-10-09,93158.92,posted
INV000226,inv2,po02855,V151,2024-05-23,67278.15,CANCELLED
INV000227,INV2 ,PO07036,v379,2024-01-19,81008.98,CANCELLED
INV000228, INV2, PO04953,V391,2024-11-16,4737.77,posted
INV000229,INV2,PO00201,V417,2024-01-17,62374.89,Cancelled
INV000230,INV1,po02428, V348,2023-07-23,77779.74,
INV000231,INV2,PO06239, V003,2023-10-02,55144.22,Cancelled
INV000232,INV2,po05100,V158,2024-02-22,57914.26,Cancelled
INV000233,INV1,PO01821 ,v418,2024-11-23,55407.64,CANCELLED
INV000234,INV2 , PO03071, V273,2023-07-13,55169.31,posted
INV000235,INV1, PO03044,V187,2024-04-18,11428.77,posted
INV000236,INV1,PO06761,V050,2023-03-23,29559.24,CANCELLED
INV000237,INV2 ,po06808,V327 ,2024-01-23,6280.94,
INV000238, INV2,PO07482,V307,2023-10-07,49395.02,
INV000239,inv1,PO01235,V379,2024-10-14,20636.89,CANCELLED
INV000240,INV1 ,PO02725,V370,2023-01-05,55557.99,Cancelled
INV000241,INV2 ,PO06053, V351,2024-11-28,75016.83,Cancelled
INV000242,INV1,po04216,V067,2023-07-19,8884.45,
INV000243,INV2,PO00370 ,V426,2023-08-07,9289.02,posted
INV000244,INV2,PO06058,V394,2024-11-18,7048.77,POSTED
INV000245, INV1,po07854,V161 ,2023-04-20,27516.17,Cancelled
INV000246,INV2,po03076,V350,2024-07-14,41654.08,
INV000247, INV1,PO00635,v280,2023-12-26,41374.87,POSTED
INV000248,inv2,PO03975,V499 ,2024-01-07,61748.74,CANCELLED
INV000249,INV2,PO04056 ,V228,2023-11-21,93402.28,
INV000250,INV2,po06906,V014,2024-12-18,38940.76,Cancelled
INV000251,INV2,po04566, V343,2024-12-04,14123.81,
INV000252,INV2,PO03066 , V475,2024-02-12,36207.98,posted
INV000253,INV1 ,PO01375,V348,2023-03-01,56884.54,
INV000254,INV2,PO07031,V001,2024-01-01,85419.83,Cancelled
INV000255,INV1 , PO00164,V194 ,2023-12-05,9211.03,
INV000256,INV2, PO06959,v263,2024-06-26,19040.05,CANCELLED
INV000257,INV2,PO07785, V404,2024-12-07,66706.06,
INV000258,INV1,PO03396 ,v396,2023-01-02,14010.95,CANCELLED
INV000259,inv2,po06305,v325,2023-07-23,18844.1,POSTED
INV000260,INV1 ,PO04448 ,V076,2024-10-08,,Cancelled
INV000261,inv2,PO01088,V091,2024-04-18,3161.01,Cancelled
INV000262,INV2,po03170,,2023-02-10,90751.98,
INV000263, INV2,PO03607 ,V455,2024-08-29,66786.31,POSTED
INV000264, INV1,PO02584,V450,2023-10-22,13807.89,CANCELLED
INV000265,INV1,po03220,V184,2024-09-11,44112.95,posted
INV000266,INV1 ,PO04575 ,V321,2024-06-01,,Cancelled
INV000267,INV2,PO03716,V333 ,2023-10-11,85011.09,posted
INV000268,inv2,po07924,v257,2023-10-15,29978.61,Cancelled
INV000269, INV2,PO06909,V074,2023-01-06,91755.05,CANCELLED
INV000270, INV2, PO07243,V300,2024-07-02,71808.37,Cancelled
INV000271,INV2,PO01597,V298,2024-12-31,16510.71,CANCELLED
INV000272, INV2,PO03516,v432,2024-10-24,39554.96,
INV000273,INV1,po00346,V329 ,2023-12-29,25385.87,POSTED
INV000274,inv2,po01199,v371,2023-07-29,63732.05,POSTED
INV000275,INV2,PO00943,V293,2024-01-26,25599.63,
INV000276,inv1,PO05189,V335 ,2023-09-22,30707.58,posted
INV000277,,PO01510,v474,2024-11-27,,Cancelled
INV000278,INV2,PO05302,V102 ,2023-05-04,52294.41,
INV000279,INV2 ,PO05192,V212,2023-02-12,18389.67,Cancelled
INV000280, INV1,po01608,v178,2023-01-16,23135.29,POSTED
INV000281,INV2,PO03756,v028,2023-09-04,85046.72,Cancelled
INV000282,INV1,PO00445,V023,2024-11-19,52033.03,POSTED
INV000283,inv1,PO03771,V210,2024-05-12,34888.64,Cancelled
INV000284, INV2,PO02563 ,V403,2024-12-14,79260.37,POSTED
INV000285,INV1 ,po03392,V169,2024-07-28,40483.87,posted
INV000286,inv1,PO01189, V377,2023-04-24,1549.48,
INV000287,INV1,PO06909,V312,2024-10-13,92595.04,posted
INV000288,INV2,po01419,V490,2023-05-24,67865.17,posted
INV000289,INV2,PO03808,v354,2024-08-26,4287.53,CANCELLED
INV000290, INV2,PO07761,V285,2024-06-07,85209.23,CANCELLED
INV000291,INV1 ,PO01371,v131,2023-08-18,59604.78,CANCELLED
INV000292,inv2,po03556,V133,2024-05-16,3237.21,CANCELLED
INV000293,INV1,PO03800,V487,2024-01-22,7737.87,
INV000294,inv1, PO03558,v409,2024-08-18,38615.52,Cancelled
INV000295,INV1,PO06056,V032,2024-09-12,93193.94,CANCELLED
INV000296,INV1,PO06292 ,V061 ,2024-03-24,56111.77,
INV000297,INV1,PO04202,V050,2023-05-10,57349.13,POSTED
INV000298,INV2, PO03755,V328,2023-01-11,8252.65,Cancelled
INV000299, INV1,PO03467,V418,2023-11-30,92276.59,CANCELLED
INV000300,INV2 ,PO06223, V236,2023-10-11,35287.35,posted
INV000301,INV1,PO04827,V021,2024-07-12,53039.31,
INV000302,INV2 , PO05951,v241,2023-02-13,71982.24,
INV000303,INV2, PO01860,V424,2023-04-21,75344.14,POSTED
INV000304,INV1, PO00430,V090,2024-10-07,24308.21,Cancelled
INV000305,INV2,PO06477 ,V117 ,2024-02-22,27427.63,POSTED
INV000306,INV1, PO07699,V002,2023-11-07,7775.05,CANCELLED
INV000307,inv1,PO06721,V455,2023-10-13,34300.49,
INV000308,, PO05818,V497 ,2023-12-24,76499.54,
INV000309,INV1, PO03912, V290,2024-01-01,47945.72,posted
INV000310,INV1, PO05617,V145,2024-08-22,79015.17,CANCELLED
INV000311,INV1,PO02570,V295,2023-05-13,14203.89,CANCELLED
INV000312,INV1,PO02967,V025,2024-06-05,34831.74,posted
INV000313,INV2,PO04198,v410,2023-12-07,64463.36,POSTED
INV000314,INV2 ,po03141,v226,2024-06-22,21038.43,Cancelled
INV000315,INV2 ,PO05937 ,V273,2024-10-06,20498.77,
INV000316,INV1 ,PO03090 ,V027,2023-02-26,67839.25,
INV000317,inv1,PO00911,V414,2024-08-24,54875.06,posted
INV000318,INV2,PO03573,V260,2024-03-31,9421.48,
INV000319,inv2,po01362, V017,2024-02-03,34878.5,
INV000320, INV1,PO05596 ,v403,2024-02-10,48414.8,posted
INV000321,inv2,PO00587 ,V387,2023-06-14,80004.95,POSTED
INV000322,INV2,PO04351,v496,2023-09-19,86940.4,CANCELLED
INV000323,INV1,PO00572,v302,2023-02-03,36425.63,Cancelled
INV000324,inv2,PO04007, V460,2024-09-28,33567.36,Cancelled
INV000325,INV1,PO07579,V149,2024-10-28,32279.46,Cancelled
INV000326,inv1,PO03491 ,V282,2024-07-04,70449.37,POSTED
INV000327,inv2,PO01030,V040,2023-02-15,78469.24,
INV000328,INV1,po07594,V060,2023-09-16,90836.68,
INV000329,INV2,PO07752,v094,2024-08-26,85961.1,posted
INV000330,INV2,PO02726,V163 ,2023-05-28,2582.58,
INV000331, INV2,PO05702 ,V265,2023-02-05,68774.21,posted
INV000332, INV1,PO06851,v374,2024-07-08,34696.52,CANCELLED
INV000333,INV1,PO04030,V230,2023-11-17,41582.07,posted
INV000334,inv2, PO04129,v352,2024-08-25,57701.36,
INV000335,INV2,PO07854,V025,2023-09-20,40594.94,CANCELLED
INV000336, INV2,PO07125 ,V053 ,2024-02-29,2730.3,posted
INV000337,INV2,PO05969,v457,2023-06-17,6770.68,Cancelled
INV000338, INV2,PO05894,V275,2023-10-26,91586.23,
INV000339,INV1 ,PO05447,V348,2024-12-04,93610.53,posted
INV000340,INV1,PO06419 ,V173,2023-10-20,8037.0,posted
INV000341,INV2,PO06793 ,V146,2024-04-22,48039.83,Cancelled
INV000342,INV2 ,PO02870,V036,2023-01-31,26795.69,Cancelled
INV000343, INV1,PO05999 ,V433,2023-12-29,15105.63,POSTED
INV000344,INV2 , PO05002,V157 ,2023-07-12,37282.81,CANCELLED
INV000345,INV2 ,PO00869, V087,2023-10-10,7845.98,
INV000346,INV2 ,PO01377,V453,2023-03-08,15157.51,Cancelled
INV000347,INV1,PO00644, V033,2023-07-25,94910.92,POSTED
INV000348,INV1, PO06913,V139,2023-11-08,21890.36,posted
INV000349,INV2,PO00057,V173,2023-04-06,68242.07,
INV000350,INV2,PO02681,V113,2024-06-14,26299.4,Cancelled
INV000351,INV1 , PO07850,V468,2024-03-04,89485.65,CANCELLED
INV000352,INV1, PO07660,V487,2023-01-24,60471.07,Cancelled
INV000353,INV1,po00549,V438 ,2023-08-06,27302.57,CANCELLED
INV000354,inv1,po06577,V289,2023-01-23,91074.47,Cancelled
INV000355,INV2 ,PO07121 , V243,2023-11-11,91347.61,
INV000356,INV1,PO06612, V034,2024-01-06,,Cancelled
INV000357,INV1,PO05823,V069,2024-01-31,36491.07,Cancelled
INV000358,INV1,po05943,V205,2023-11-16,33795.76,CANCELLED
INV000359,INV1,PO02973,V263,2024-10-13,11437.78,CANCELLED
INV000360,INV1,PO07775,V303,2024-04-28,52091.93,posted
INV000361,INV2,PO02527,V025,2023-12-10,66683.08,Cancelled
INV000362,INV1,PO07695, V344,2023-09-10,15314.95,Cancelled
INV000363,INV1,po06193,V473 ,2023-09-15,33546.18,CANCELLED
INV000364, INV2,PO06263,V493,2024-03-14,,
INV000365,inv1, PO00646,V200,2023-09-20,63545.25,posted
INV000366,INV2, PO03447, V211,2023-01-21,,
INV000367,INV2 ,PO02608,v252,2024-03-31,94900.52,
INV000368,INV2,PO00425,V097 ,2024-07-02,18156.26,posted
INV000369,INV2,PO02010, V061,2023-09-26,87581.99,posted
INV000370,INV1,PO06411, V407,2023-08-17,78017.32,
INV000371,INV1,PO01402,V427,2024-10-11,21376.66,
INV000372,INV1,PO01119,V123,2024-01-13,84237.37,CANCELLED
INV000373,INV1,PO00141,V314 ,2023-12-03,,POSTED
INV000374,INV2 ,PO02453,v492,2024-12-04,2386.43,posted
INV000375,INV1,PO03695, V037,2023-01-17,73965.07,CANCELLED
INV000376, INV1,PO02225, V160,2024-09-29,93394.61,posted
INV000377,INV2, PO05264,V100,2023-08-19,82035.91,POSTED
INV000378,INV1,PO05062 ,V247,2023-10-17,66838.07,
INV000379,INV1,PO06490,V401,2023-06-25,8352.29,posted
INV000380,INV2,PO07074, V208,2024-05-13,5868.41,posted
INV000381,INV2,PO07511 ,V285,2024-06-26,11069.66,POSTED
INV000382,INV1,PO03169,V285,2024-10-08,,Cancelled
INV000383,INV1, PO03501,V459,2024-07-26,91007.67,POSTED
INV000384, INV1,PO07739,V118,2023-11-04,24955.7,Cancelled
INV000385,INV2,PO03042,V061,2024-07-04,13823.65,POSTED
INV000386,inv1,PO03973,V432,2024-09-11,13757.38,
INV000387,inv2,PO03526,V188,2024-12-18,54443.37,Cancelled
INV000388,INV2, PO04372,V491,2023-12-09,41626.94,posted
INV000389,INV1,po02061,V346 ,2023-06-06,58866.86,CANCELLED
INV000390,INV1, PO07299,v398,2024-05-04,70034.21,posted
INV000391,inv1,po07161,V324,2023-07-26,45387.46,POSTED
INV000392,INV2 , PO02177,V396,2024-06-29,90401.7,posted
INV000393,INV1,PO01665 ,V185 ,2024-05-05,41965.8,CANCELLED
INV000394, INV1, PO06039, V383,2023-10-08,17272.32,
INV000395, INV2,PO05560,V122 ,2023-05-07,86334.83,POSTED
INV000396,INV2,PO02296,V247,2024-02-12,46232.57,
INV000397,INV2,po06409,V497 ,2023-12-31,59821.96,Cancelled
INV000398,INV1,po03651,V340,2023-08-29,51049.86,CANCELLED
INV000399,INV1,PO01102 ,V425,2024-03-29,41810.71,CANCELLED
INV000400,INV2 ,PO01906 ,V024,2024-02-16,10596.17,POSTED
INV000401,INV1,PO02731, V191,2023-04-01,63502.23,posted
INV000402,INV1, PO02052,V155 ,2024-03-25,40443.39,POSTED
INV000403, INV1,PO07127 , V465,2023-04-17,,posted
INV000404,INV2, PO07679,V104 ,2024-08-18,80839.31,posted
INV000405,INV1 ,PO06019,v453,2024-06-29,35673.55,Cancelled
INV000406,INV2,PO01846,V404,2023-05-11,77273.86,posted
INV000407,inv1, PO04675,V356,2024-04-28,67493.88,posted
INV000408,INV2,PO06770,v324,2023-02-13,60466.73,posted
INV000409,INV2,PO01064,v286,2024-03-19,10968.79,CANCELLED
INV000410,INV2,PO04380,V424,2024-10-07,94025.39,CANCELLED
INV000411,INV1, PO04535, V078,2024-07-07,27709.75,
INV000412, INV2,PO02816, V448,2024-05-19,56718.28,posted
INV000413, INV1,po03314,V145,2023-05-02,,posted
INV000414,INV2,PO03819,V476 ,2024-06-25,47625.23,Cancelled
INV000415,INV2,PO07518,V101,2024-09-29,13634.73,POSTED
INV000416,INV1 ,PO01957 , V075,2024-02-09,8908.76,
INV000417,INV1,PO07198,V261,2023-01-03,22782.76,POSTED
INV000418,INV1,PO04381, V209,2024-11-22,40644.76,
INV000419,INV2,po04882,V390,2023-10-10,43437.15,Cancelled
INV000420,,PO01070,V497 ,2024-09-12,22872.58,
INV000421,INV1, PO04092,V058,2023-06-01,9990.32,posted
INV000422,INV2,PO06410,V184,2024-09-07,1187.93,POSTED
INV000423,inv2, PO03950,V145 ,2024-02-19,18139.99,POSTED
INV000424,INV1 ,PO01996,V435,2024-12-30,70023.24,POSTED
INV000425,INV1,PO06443,V211 ,2024-04-04,38774.38,POSTED
INV000426,INV1 ,PO00260,V338,2024-01-27,44030.22,
INV000427,INV1 ,PO07257,V142,2024-03-04,48677.21,
INV000428,INV2 ,PO06444 ,V324 ,2023-03-26,73806.31,POSTED
INV000429, INV1, PO01515,V477,2023-12-03,86962.71,CANCELLED
INV000430,INV1,PO04896,V470,2024-09-26,48476.1,Cancelled
INV000431,INV1 ,PO05382,v229,2024-06-15,69099.42,CANCELLED
INV000432, INV1,PO04369 , V171,2024-07-24,71006.25,
INV000433, INV1,PO05252,V495,2023-04-25,8290.68,CANCELLED
INV000434,INV2,,V220,2024-07-28,,Cancelled
INV000435,INV2,po07327,V234,2023-12-16,52581.09,Cancelled
INV000436, INV1,PO02037 ,V447 ,2023-11-23,86351.25,posted
INV000437,INV1,PO03858,v340,2024-05-02,74244.78,posted
INV000438,INV1,po02968,V108,2023-10-29,74742.57,CANCELLED
INV000439,INV1,PO00868,V451,2024-03-01,32912.51,posted
INV000440,INV2,PO02097,v127,2023-03-28,69710.74,posted
INV000441,INV1,PO04893,V090 ,2024-09-24,72759.06,posted
INV000442,INV1,PO07059, V485,2024-10-12,35174.17,
INV000443,INV1,PO00300, V225,2024-05-24,56147.48,Cancelled
INV000444,INV1,PO01274,v005,2023-07-25,58372.29,posted
INV000445,INV2,po04848,v414,2024-06-18,91710.75,
INV000446,,PO01162,V084,2023-04-25,18796.47,CANCELLED
INV000447,INV2,PO04505,V047,2024-02-22,34150.65,POSTED
INV000448, INV1,PO01935 ,V357,2023-06-07,84185.03,posted
INV000449,INV1 ,PO03441, V370,2023-12-11,68790.89,
INV000450,INV2,po07268,V440,2024-11-01,56451.76,CANCELLED
INV000451,INV1,po06654,V017,2023-11-26,32895.27,Cancelled
INV000452,INV1,PO02348,V119 ,2024-03-18,63962.27,
INV000453,INV2,po06349,v050,2024-06-09,42481.55,
INV000454,inv2, PO06662,V206,2023-12-19,33332.33,Cancelled
INV000455,INV1,PO02982,V344,2024-08-11,63829.78,posted
INV000456,INV2 ,PO05846,V411,2023-12-04,69102.07,Cancelled
INV000457,inv1, PO01512,V022 ,2023-11-22,23965.64,POSTED
INV000458,INV1 ,PO01803, V184,2024-04-21,57522.55,posted
INV000459,INV1, PO05425,V047,2024-06-04,21633.96,POSTED
INV000460, INV1,PO06801,V317 ,2024-06-25,58044.81,POSTED
INV000461,INV1,po05287,V175 ,2024-11-01,49317.77,Cancelled
INV000462,INV1,,V124,2023-12-09,69612.08,Cancelled
INV000463,inv1,po01385,V036,2023-01-17,42772.76,Cancelled
INV000464,INV2,PO03059 ,V296,2024-10-20,,POSTED
INV000465,INV1,PO01093,V155,2024-07-10,69420.12,posted
INV000466,INV1,PO06869,V310 ,2023-03-12,8963.95,posted
INV000467,INV2,PO03961,V200,2023-10-20,33594.39,POSTED
INV000468,INV1 ,PO00387,V305 ,2023-03-17,39402.72,
INV000469,INV2,PO02402,V026,2023-06-28,60634.57,Cancelled
INV000470, INV1,PO05615,V296,2023-12-22,82988.06,POSTED
INV000471,INV2,PO04799,v144,2024-01-04,53987.27,CANCELLED
INV000472,INV2,PO04842 ,,2024-09-20,64657.52,CANCELLED
INV000473,INV2,PO04839,V133,2024-02-17,82243.99,POSTED
INV000474, INV2,PO00996, V076,2023-10-28,867.1,CANCELLED
INV000475,INV2 ,PO00727,V263,2024-02-11,65738.63,POSTED
INV000476,INV1,PO05419, V215,2024-07-16,86714.75,posted
INV000477,INV2,PO06266,V457,2023-11-15,73318.08,
INV000478,INV1,PO02850,v428,2024-08-10,2688.16,posted
INV000479,INV2, PO00973,V147,2024-05-31,30096.39,Cancelled
INV000480,INV1,PO01533,v344,2023-04-19,63108.44,POSTED
INV000481, INV1,PO01910, V461,2023-03-08,21518.44,
INV000482,INV2,PO07800,V061,2024-10-09,31492.98,CANCELLED
INV000483,INV1,PO04664,v012,2024-07-19,,Cancelled
INV000484,INV2 ,PO03894,V122,2023-08-26,18186.59,Cancelled
INV000485, INV1,PO01811,V306,2023-12-03,62167.81,Cancelled
INV000486,INV2,po00723, V290,2023-05-18,20172.82,POSTED
INV000487,INV2 , PO00366,V483,2023-12-23,61601.92,
INV000488,inv1,PO01786,v164,2023-09-15,26987.02,CANCELLED
INV000489,INV1,PO04083,v016,2023-04-28,43294.41,POSTED
INV000490,INV1,PO06651, V293,2024-05-27,54489.44,posted
INV000491,inv1, PO07769, V168,2024-12-16,39903.64,posted
INV000492,inv1,PO05965,V479,2023-05-02,33339.9,posted
INV000493,INV1, PO01151,V105,2023-01-03,87974.3,posted
INV000494,INV2 ,PO00481,V200,2023-10-14,9428.64,POSTED
INV000495,inv2,PO00065,V209,2024-06-24,75528.9,
INV000496,INV1,PO04659,V075,2023-09-26,40440.29,Cancelled
INV000497,INV1,PO05887 ,V086,2023-11-25,15515.89,
INV000498,INV1, PO04287,V212,2023-12-14,57120.25,Cancelled
INV000499,INV1,po04371,V194,2024-03-17,73705.67,CANCELLED
INV000500,INV1,PO03794,V352,2024-11-24,37885.59,posted
INV000501, INV1, PO02762,V280,2024-09-03,42965.95,posted
INV000502,INV2,PO06967,V187 ,2024-10-18,37766.9,Cancelled
INV000503,INV2,PO07252,V068,2023-02-28,71768.53,POSTED
INV000504,INV1,PO00232, V274,2023-01-28,25290.84,posted
INV000505, INV2, PO05841,V146,2023-08-28,47906.95,POSTED
INV000506,INV1,PO01594,V285,2024-09-18,20523.81,CANCELLED
INV000507, INV2,PO05152 , V303,2024-04-23,,CANCELLED
INV000508,inv2,PO07577,V257,2024-10-17,63147.48,POSTED
INV000509,inv1,PO06041,V002,2024-09-25,78861.38,posted
INV000510,INV1,PO03683, V023,2024-01-27,90362.69,Cancelled
INV000511,INV2,PO02507 ,V383,2024-05-12,54593.55,CANCELLED
INV000512,INV1,PO00818,V488 ,2024-07-20,68869.81,POSTED
INV000513,inv2,PO06899,V106,2023-03-02,33742.97,POSTED
INV000514,inv1,PO07217,V205,2023-03-12,60404.83,
INV000515,INV2 ,PO03402, V191,2023-05-02,75085.93,posted
INV000516,INV1,PO05269,V081,2023-02-27,15135.23,CANCELLED
INV000517,,PO07848, V088,2023-12-27,24831.1,CANCELLED
INV000518,INV2 ,PO03755,V162,2023-06-04,44461.45,POSTED
INV000519, INV1,PO06262,V147 ,2024-08-07,4001.83,POSTED
INV000520,INV2 ,PO07200 ,V142 ,2024-08-06,21000.78,
INV000521,inv1, PO04371,v218,2024-10-30,80893.95,Cancelled
INV000522,INV1,PO03461,V123,2023-06-25,66583.52,Cancelled
INV000523,,PO00384 , V139,2024-05-30,94758.02,Cancelled
INV000524,INV1,PO03517,V079 ,2023-11-04,,POSTED
INV000525,INV1,PO03389, V415,2023-04-03,5678.51,Cancelled
INV000526,INV1,PO03355,V297,2023-11-13,12519.96,
INV000527,INV1, PO05065,V497,2024-01-10,61417.13,POSTED
INV000528,INV1 ,PO02046,V098,2023-07-12,60420.71,Cancelled
INV000529, INV2, PO03674,V129,2023-09-22,39852.74,CANCELLED
INV000530,,po02569,V149,2024-10-22,48209.4,CANCELLED
INV000531,INV1,PO07447,V036,2024-09-05,62163.41,Cancelled
INV000532,INV2,PO07336,V374,2023-07-31,61641.81,POSTED
INV000533,INV1,PO02021,V207,2024-03-27,35245.41,posted
INV000534,INV1, PO05076,V301,2023-10-13,14174.24,posted
INV000535,INV1,PO00188,V068,2023-12-11,24586.98,CANCELLED
INV000536,INV1,PO04252,V216 ,2023-09-14,41617.31,
INV000537,INV2,PO01305,V158,2024-09-14,39568.9,
INV000538,INV1,,V219,2023-05-22,68128.12,POSTED
INV000539,INV2,PO03297 ,V354,2024-02-25,33764.36,CANCELLED
INV000540,INV2,PO04800,V111,2023-08-09,,CANCELLED
INV000541,INV1,PO00774,V475,2024-05-25,20862.66,Cancelled
INV000542, INV2, PO02750,V461,2024-06-29,72189.56,Cancelled
INV000543,INV1 ,PO02762 ,v305,2023-04-19,10202.55,Cancelled
INV000544,inv2,po01780,v029,2024-06-20,,POSTED
INV000545,inv2, PO04438,v418,2024-07-05,26396.68,POSTED
INV000546,INV2,PO07469,V166,2024-05-21,75668.34,POSTED
INV000547,INV1 ,PO02353,V018,2024-08-31,39045.93,
INV000548,INV1 , PO02494, V173,2024-02-07,,CANCELLED
INV000549, INV2,PO00894 ,V129,2024-09-24,89675.16,CANCELLED
INV000550,INV2 ,PO07606,V485,2023-11-04,,Cancelled
INV000551,INV1,PO04490,V483,2024-07-11,48848.07,
INV000552,INV1,PO05834,v027,2023-01-27,58606.24,POSTED
INV000553, INV1,PO00718,V426 ,2024-02-05,91384.96,POSTED
INV000554, INV2, PO05203,v185,2023-01-21,65434.51,POSTED
INV000555, INV1,PO07523 ,V474,2023-02-20,93864.47,posted
INV000556,INV1,PO02132,V135,2024-11-12,76861.02,
INV000557,INV2, PO00698, V130,2024-09-09,70172.16,Cancelled
INV000558,INV1, PO04464,V489 ,2024-08-16,9559.76,CANCELLED
INV000559,INV2, PO02207,V086,2023-03-22,45009.65,posted
INV000560,inv1,PO05420 ,V247 ,2024-08-29,74641.39,Cancelled
INV000561, INV1,PO06414 ,V366,2024-12-13,39546.74,Cancelled
INV000562, INV1,PO06573,v406,2024-07-18,74821.38,posted
INV000563,INV2,PO03769,V134,2023-04-15,77944.96,Cancelled
INV000564,inv1,PO01938,v169,2023-06-28,32801.61,POSTED
INV000565,INV1,PO01391,v074,2024-07-28,60015.08,
INV000566,INV1,po04225,v104,2023-01-11,11547.47,
INV000567,INV2,po03590, V434,2024-12-11,22116.78,Cancelled
INV000568,INV2,PO02573 ,v216,2023-11-05,69252.59,POSTED
INV000569,inv1,PO07537 ,v178,2023-10-20,13488.4,POSTED
INV000570,INV1,PO00223,V185,2023-07-25,10120.48,
INV000571,INV1 ,PO06281,V311,2023-05-12,75130.35,posted
INV000572,INV1,PO00408,V215 ,2023-03-06,47604.82,posted
INV000573, INV1,PO03536,V327,2024-06-01,33726.63,posted
INV000574,INV1,PO04902,v099,2024-01-31,11869.51,POSTED
INV000575,INV1,PO04374,V438,2024-11-07,90457.57,POSTED
INV000576, INV1,PO07823,V189,2023-10-21,1677.29,CANCELLED
INV000577, INV2,PO02358 ,V147,2024-02-14,10801.99,Cancelled
INV000578, INV1,PO00992,V301,2024-03-08,13604.66,posted
INV000579,INV2 ,PO05327,V499,2023-10-10,58931.19,posted
INV000580,INV1,PO05004,V287,2024-02-06,50130.52,Cancelled
INV000581,INV1,PO02930 , V040,2023-02-26,86961.58,
INV000582,INV1 ,PO00255,V203 ,2023-09-05,91170.73,
INV000583,INV2,PO03543,V414 ,2024-07-24,9225.27,CANCELLED
INV000584,inv1, PO02466,V427,2024-10-23,37381.16,
INV000585,INV2 ,PO00417,V060,2023-04-09,90218.17,CANCELLED
INV000586,INV1, PO05468, V169,2023-10-15,7468.24,Cancelled
INV000587,INV2,po00380,v243,2023-02-08,85162.4,
INV000588,INV1,po03370,V350,2023-09-05,36911.18,CANCELLED
INV000589,inv1,PO03941, V258,2023-05-07,60829.62,Cancelled
INV000590,INV1 , PO05450,v233,2023-08-03,7245.33,CANCELLED
INV000591,inv2, PO03732,V317,2024-03-27,,POSTED
INV000592,INV2,PO03076,v377,2024-09-17,,posted
INV000593,INV1, PO02903,V234,2023-09-23,65042.33,POSTED
INV000594,INV1,PO00168, V081,2023-07-30,23206.13,Cancelled
INV000595,inv2,, V089,2024-01-12,50423.29,posted
INV000596,INV1,PO02022,V434,2023-04-16,78715.62,
INV000597,INV2,PO02464,V043,2023-10-01,78022.16,Cancelled
INV000598, INV1,PO02065, V492,2023-03-30,31887.78,CANCELLED
INV000599,INV1,PO02888,V035,2023-02-24,7603.86,Cancelled
INV000600,INV2,PO03620,V342,2023-03-26,60173.64,POSTED
INV000601,INV2,PO00721,V182,2024-09-02,94320.23,CANCELLED
INV000602, INV1,PO01587,V183,2024-12-12,1310.02,
INV000603, INV1,PO01054 ,V146,2023-04-24,17634.44,POSTED
INV000604,INV1, PO07560,V036 ,2023-06-11,32537.66,posted
INV000605,INV1, PO06670,V355,2023-03-10,61393.95,CANCELLED
INV000606,INV1, PO04878,V050,2023-10-04,32420.02,POSTED
INV000607,INV2, PO00642,V446,2023-07-02,2962.37,posted
INV000608,INV2 , PO01261,V020,2024-08-21,30179.1,posted
INV000609,INV2,PO04304 ,V228,2024-01-22,54960.65,posted
INV000610,INV2, PO05888,V162,2023-03-02,70020.14,posted
INV000611,inv2,PO05992,V276,2024-12-01,84509.79,CANCELLED
INV000612,INV2,PO06818, V488,2024-04-28,70941.59,Cancelled
INV000613,INV1,PO02986,V120,2023-01-29,84547.29,CANCELLED
INV000614, INV1,PO05062 ,V312,2023-06-19,22648.37,
INV000615,INV1 , PO02644,V312,2024-05-23,94343.4,CANCELLED
INV000616,INV2 ,PO03997,V398,2024-04-05,19329.77,Cancelled
INV000617,INV1 ,po04069,V325,2024-10-18,23443.27,POSTED
INV000618,INV2,PO02469,V130,2023-12-10,10652.51,CANCELLED
INV000619,INV1, PO03671,V327,2023-12-07,83954.26,POSTED
INV000620,INV2 ,PO00249,V455 ,2024-09-30,43535.85,
INV000621, INV2,PO07584,v073,2024-02-07,47274.97,
INV000622,INV1,PO04430, V387,2023-03-20,41615.66,posted
INV000623,INV2,PO00729,v118,2024-04-05,56058.58,
INV000624, INV2,PO05234 ,V333 ,2023-12-19,41146.02,Cancelled
INV000625,inv1,PO03786,v124,2024-11-30,25089.24,Cancelled
INV000626,INV1,PO01015,V468,2023-10-30,44921.5,POSTED
INV000627,INV2,PO01431,V429,2024-10-03,16920.32,
INV000628,INV1,PO05285,v456,2023-11-10,52785.35,POSTED
INV000629,INV2,PO05124 ,V448,2023-02-16,94646.14,POSTED
INV000630,INV1,PO06329,v009,2023-06-10,87714.26,posted
INV000631,INV1,PO00706,V058,2024-06-09,16272.22,CANCELLED
INV000632,INV2 ,PO04061 ,v428,2023-02-22,30424.09,CANCELLED
INV000633,inv1,PO05305,V389,2023-01-20,71519.06,POSTED
INV000634, INV2,PO05193,V335,2023-01-17,63317.86,CANCELLED
INV000635,INV1,, V221,2023-09-02,29161.21,Cancelled
INV000636,INV2 ,PO01483,V392,2024-01-06,51993.1,
INV000637,INV1,PO03819,V239 ,2023-06-15,10285.99,
INV000638,INV2,po00513, V418,2023-03-07,3700.38,POSTED
INV000639,INV2 ,po03826,V186 ,2023-07-06,77282.81,POSTED
INV000640,INV1,PO04701,V363,2023-11-07,70028.08,
INV000641,INV2,PO02915,V205,2024-06-07,46454.72,Cancelled
INV000642,inv1,PO05968,V392,2024-04-07,26421.09,
INV000643,INV2,PO00816,V014,2024-11-16,47408.99,Cancelled
INV000644, INV1, PO03045,V047 ,2024-04-24,36760.59,
INV000645,inv2,PO01422,V207 ,2024-05-19,74364.29,
INV000646, INV2, PO04039,V429,2024-08-10,2406.91,CANCELLED
INV000647,inv1,PO05296,V481,2023-07-30,51379.8,posted
INV000648,INV1 ,po00574,V293,2024-01-16,,POSTED
INV000649,INV1 ,PO06548, V251,2023-04-10,70381.74,Cancelled
INV000650,INV1 , PO00632,,2024-05-10,2413.98,posted
INV000651,INV2, PO03589,V384,2023-11-19,69186.81,
INV000652, INV1,PO05370,v354,2023-04-18,76602.15,
INV000653,inv2, PO06213,V344,2023-06-27,21459.9,POSTED
INV000654,INV1,PO06306, V075,2023-07-30,21073.92,CANCELLED
INV000655,INV2, PO06911,V043 ,2024-02-17,63537.34,posted
INV000656,INV1,PO00840,V054,2023-01-24,43349.22,CANCELLED
INV000657,INV1 ,PO05941,V196 ,2023-05-28,64959.92,POSTED
INV000658,INV1,po01041,V149,2023-07-05,60022.27,POSTED
INV000659,inv2,PO04287 ,V238,2023-11-09,45862.82,CANCELLED
INV000660,INV2,PO05469,V497 ,2024-02-02,48009.76,POSTED
INV000661, INV1,PO00153,V155 ,2023-08-13,46067.04,CANCELLED
INV000662,inv1,PO00353,V060,2023-10-15,35314.18,posted
INV000663,,PO05062 , V222,2023-11-07,57361.89,CANCELLED
INV000664,INV2,PO03272, V267,2023-04-22,69044.16,POSTED
INV000665,INV1,PO02362,V202,2024-02-08,43577.01,POSTED
INV000666,INV1,PO01647 ,V190,2024-03-13,61396.11,Cancelled
INV000667,inv1,PO00964,V057,2023-02-25,45996.16,posted
INV000668,INV2,PO03461,V321,2024-06-16,38025.55,POSTED
INV000669, INV2,PO07915,V363,2024-09-12,76433.06,Cancelled
INV000670,INV1,PO02790,,2023-09-26,41317.67,CANCELLED
INV000671,INV2,PO00398,V403,2024-12-12,41837.99,CANCELLED
INV000672,INV2 ,PO06969,V296,2024-11-30,14690.67,
INV000673,INV2 ,PO07787,V269 ,2023-03-25,4559.39,POSTED
INV000674,INV1,PO05999,V288,2023-08-25,14299.78,POSTED
INV000675, INV2,PO03642,V135 ,2023-01-12,80138.09,Cancelled
INV000676,INV1, PO05829,V162,2024-09-25,29515.76,posted
INV000677,INV1,PO03984 , V152,2024-02-25,,posted
INV000678,inv1,PO05352,V017,2024-03-21,69499.15,CANCELLED
INV000679,INV2,PO06566,V204,2024-05-15,7494.13,Cancelled
INV000680, INV2, PO02376,V054,2024-04-12,53960.3,
INV000681,INV1 ,PO06990,V279,2024-01-04,6910.35,
INV000682,INV1,PO07575, V208,2023-10-23,78606.18,
INV000683, INV1,PO06935,V493 ,2024-06-23,11330.52,
INV000684,,PO03651,V002,2024-11-02,86850.7,posted
INV000685,INV2,PO06128 ,V228,2023-10-01,70084.98,posted
INV000686,INV2,PO03534,V153,2024-05-20,25590.31,Cancelled
INV000687,INV2 ,PO05150,V381 ,2024-09-03,46182.56,
INV000688,inv1,PO07230, V143,2023-01-19,53312.07,
INV000689,INV1,po01675,V440,2024-11-18,88668.47,posted
INV000690,INV1,PO05325,V217,2024-03-21,41673.33,Cancelled
INV000691, INV1,PO02478,V122,2024-09-12,77440.94,POSTED
INV000692,INV2,PO05240,v446,2024-01-02,,POSTED
INV000693,INV2,PO05878 ,V100 ,2023-10-02,63819.32,CANCELLED
INV000694,INV2,PO01211,V451,2024-06-27,90482.27,
INV000695,INV2 ,PO03571,V409,2024-03-27,51361.23,
INV000696, INV1, PO07284,V211,2024-03-26,84397.03,Cancelled
INV000697,INV1,PO07739, V249,2024-08-24,62820.99,Cancelled
INV000698,INV2 ,PO02091,V181 ,2024-12-20,46243.35,posted
INV000699,inv1,PO07888,V222,2024-09-10,70856.75,Cancelled
INV000700,INV1,PO05591,v317,2023-05-15,,POSTED
INV000701,INV1,PO06117,V387,2023-06-25,93723.97,posted
INV000702,INV1,PO01759,V064,2024-10-05,,Cancelled
INV000703,INV2,PO07210 , V350,2023-06-10,59213.92,Cancelled
INV000704, INV1,PO07571 ,v129,2023-05-14,93304.33,posted
INV000705,INV2,PO01833 ,V264 ,2023-06-13,79435.38,CANCELLED
INV000706,INV2,PO02798,v365,2024-07-22,72162.66,Cancelled
INV000707, INV1,PO06835 ,v268,2024-03-13,76180.12,POSTED
INV000708,INV2 ,PO01470 ,V043,2024-11-11,79023.54,posted
INV000709,INV1 ,po03860,v329,2023-10-29,53363.65,Cancelled
INV000710,INV2 ,PO04574,V004,2024-06-27,38879.19,posted
INV000711,inv2,PO07389,V251,2023-07-21,91374.97,POSTED
INV000712,inv1,PO02063 ,V279,2023-09-01,28433.9,Cancelled
INV000713,INV2,PO07417,V488,2023-04-20,,CANCELLED
INV000714,INV1 ,PO02682,V342,2023-06-19,31128.25,Cancelled
INV000715,INV1 ,PO02444,V302,2023-01-19,36021.47,POSTED
INV000716,INV2,po03453,V293,2024-05-07,40376.04,POSTED
INV000717,INV2,PO05371,v165,2023-04-06,35828.3,Cancelled
INV000718,INV2, PO05540,V466,2023-04-11,61535.65,Cancelled
INV000719,INV2,po02914,V158,2024-06-04,57879.42,POSTED
INV000720, INV2,PO03443,V105,2023-12-16,81531.33,CANCELLED
INV000721,inv1,PO06952, V057,2023-11-08,81844.06,Cancelled
INV000722,inv2,PO01666,V114,2023-03-13,80966.61,
INV000723,INV2,PO03474 ,V195,2023-07-28,40426.06,
INV000724, INV1,PO02851,V015,2024-08-23,10573.11,POSTED
INV000725,INV2,PO01243,v134,2023-03-12,90135.94,
INV000726, INV2, PO01722, V297,2024-11-30,,CANCELLED
INV000727,INV2,PO02877, V406,2024-12-05,81506.28,CANCELLED
INV000728,INV1,PO01397,V012,2024-05-03,64264.49,CANCELLED
INV000729,INV2,PO00123,v323,2023-07-06,24349.39,Cancelled
INV000730,INV2,PO04995,V312,2023-04-01,55335.93,Cancelled
INV000731,INV1,PO03155,V070,2024-05-01,73265.52,POSTED
INV000732,INV2,PO03768 ,V031,2024-06-23,77477.2,
INV000733,INV1,PO01908 ,V099,2024-11-07,55801.88,POSTED
INV000734,INV1,PO06635 , V028,2024-09-26,28186.15,posted
INV000735,INV2,po06436,V140,2023-06-17,61323.03,CANCELLED
INV000736,INV2 ,PO01543,V287,2023-12-26,1418.74,Cancelled
INV000737,INV2,PO04183,V477,2023-11-21,25455.06,POSTED
INV000738,INV2 ,PO06302,V093,2024-12-27,59611.26,
INV000739,INV1,PO00675,V010 ,2024-09-05,67680.45,POSTED
INV000740,INV2,PO00566,V184,2023-03-28,88686.73,CANCELLED
INV000741,INV1,po02963,V040 ,2023-10-19,47038.08,Cancelled
INV000742,INV1, PO07687,v445,2024-06-06,,CANCELLED
INV000743,INV2 ,PO00750,V489 ,2023-07-01,6313.64,POSTED
INV000744, INV2,PO02750,V250,2023-09-18,22985.84,posted
INV000745,INV1,PO02413,V258,2024-06-05,75805.31,Cancelled
INV000746,INV1 ,PO02114 ,v476,2023-12-27,70362.7,Cancelled
INV000747,inv2,PO07108,V002,2023-06-11,60770.25,CANCELLED
INV000748,INV1,PO03647, V409,2024-07-25,55008.57,CANCELLED
INV000749,INV2, PO05540,V319,2023-01-16,16214.13,
INV000750,INV1,PO01936,V300,2023-03-23,69832.7,posted
INV000751,inv1,po01595,v201,2023-01-08,,Cancelled
INV000752,inv1,PO03963,V393,2023-12-31,7250.58,Cancelled
INV000753, INV2,PO01545 ,V361,2024-09-26,76991.45,POSTED
INV000754,INV2,PO02594, V260,2023-11-16,58484.85,CANCELLED
INV000755,INV1,PO01281, V053,2024-12-13,92837.88,posted
INV000756,INV2,PO02584,V007 ,2023-02-12,34205.34,Cancelled
INV000757,INV2 , PO01909,V443,2023-12-13,61756.57,
INV000758,INV2,PO04439,V133 ,2023-01-14,35363.06,Cancelled
INV000759,INV2,po00563,V451,2023-11-05,2815.71,POSTED
INV000760,INV2,PO02664,V081,2023-05-30,26886.71,POSTED
INV000761,INV2, PO05253,V150,2023-03-30,70500.61,Cancelled
INV000762, INV1,PO02531 ,V470,2024-02-23,46141.69,CANCELLED
INV000763,INV2, PO05261,V407,2023-03-28,62445.17,posted
INV000764,INV2 ,po04439,V099,2024-12-05,55831.28,posted
INV000765,inv1, PO07891,V122,2023-01-06,39295.85,CANCELLED
INV000766,inv1,PO01440, V471,2024-06-06,19402.52,POSTED
INV000767,INV1, PO05218,v075,2023-03-11,82888.8,posted
INV000768, INV2,,V489,2024-12-09,57406.72,
INV000769,inv2,PO07247, V409,2024-04-28,66127.16,POSTED
INV000770,INV1,PO07746,V228,2024-12-23,20443.1,CANCELLED
INV000771,INV1 , PO01029,v487,2024-10-30,91352.06,CANCELLED
INV000772,inv2,PO00406 ,V391 ,2023-05-28,,
INV000773,INV1 ,PO03673, V111,2023-02-22,21420.39,
INV000774,inv1,PO03169 ,V347,2023-11-25,68042.08,posted
INV000775,,PO07405,V368,2024-06-27,4536.5,CANCELLED
INV000776,INV1, PO00386,V291,2024-07-18,27683.94,posted
INV000777,INV2,PO00441,V366,2024-02-15,89707.32,Cancelled
INV000778,INV1, PO03665,V384,2023-10-20,56496.35,POSTED
INV000779, INV1,PO00801,V200,2024-02-19,30652.84,CANCELLED
INV000780,INV1 , PO06303,V222,2023-05-18,52852.97,CANCELLED
INV000781,inv2,PO00938 ,V357,2023-10-05,25811.18,
INV000782,INV2,PO05363 ,V075,2024-09-29,6884.19,POSTED
INV000783,INV1 ,PO07458,V143,2023-06-13,83745.01,Cancelled
INV000784,INV1,PO00222,V352,2023-04-09,10700.57,
INV000785,INV2,PO04875,V497,2023-04-24,91653.77,POSTED
INV000786,INV1 ,PO02437,V334,2024-02-12,50139.67,Cancelled
INV000787,,PO01744,V474,2024-12-04,1746.63,POSTED
INV000788,INV2 ,PO00098,V109,2024-08-18,3727.0,posted
INV000789,INV1 ,PO01141,V051,2023-03-21,21459.69,
INV000790,INV1,PO07756 ,V007,2024-07-29,85831.66,posted
INV000791,INV1,po04613,,2024-03-21,2358.13,POSTED
INV000792,INV2,PO01271,V172,2024-11-17,63338.13,posted
INV000793,INV1, PO01029, V145,2023-02-14,32343.46,POSTED
INV000794,INV2,po05130,V443 ,2023-10-29,55984.39,
INV000795,INV1,,V112,2024-01-28,71136.51,
INV000796,INV2,PO04854,V436,2023-09-03,81615.21,CANCELLED
INV000797,INV1 , PO05928,V157,2023-01-28,59749.41,CANCELLED
INV000798,INV1,PO02219,V003 ,2024-01-15,76518.0,CANCELLED
INV000799,INV2, PO02609,V144 ,2024-12-16,40228.8,POSTED
INV000800,INV2,PO02952,V016,2023-12-07,69355.99,CANCELLED
INV000801,inv1,PO01443,V199,2024-12-08,56429.27,POSTED
INV000802,INV1, PO03311,V325,2023-11-15,90656.27,POSTED
INV000803,INV2,PO04785,V065,2024-05-19,35228.76,posted
INV000804,INV1,PO02194 ,V034,2023-09-30,39572.83,CANCELLED
INV000805,INV2,PO03620,V269,2024-05-05,80067.88,CANCELLED
INV000806,INV1 ,PO01771, V394,2024-03-12,9358.45,
INV000807,INV1,PO01866,V490,2023-09-25,51023.03,
INV000808,INV2,PO06318,V352,2023-02-20,93707.66,Cancelled
INV000809,INV1,PO04419 ,V131,2023-12-18,49236.67,
INV000810, INV1,PO06839 , V095,2023-05-06,51852.79,Cancelled
INV000811,inv1,PO01123,V113,2023-07-15,19353.37,CANCELLED
INV000812,INV1,PO01719,V309,2024-12-07,80621.91,
INV000813, INV2, PO07904,V066,2023-10-11,23956.47,
INV000814,INV1,PO01044,V335,2024-12-01,88697.58,Cancelled
INV000815,INV2,po00150,V063,2024-08-16,48946.4,
INV000816,INV2,PO06214,V024 ,2023-08-02,15925.25,CANCELLED
INV000817,INV1,PO04070,V430 ,2024-02-12,29565.37,CANCELLED
INV000818,INV1,PO05976,V035,2023-07-15,72915.84,Cancelled
INV000819,inv2,PO07834 ,V284 ,2024-11-12,48148.75,CANCELLED
INV000820,INV1,po02032,V028,2023-12-08,59393.9,POSTED
INV000821,INV2,PO00720 ,V027 ,2023-10-05,77644.37,POSTED
INV000822, INV1,PO07097, V142,2023-09-23,49211.63,
INV000823,INV1,PO06776, V188,2024-11-02,24062.71,Cancelled
INV000824,INV1,PO00545,V466,2023-01-22,61874.67,Cancelled
INV000825, INV2, PO06394,,2023-06-06,71168.93,
INV000826,INV1, PO05678,V470,2023-07-17,2972.69,posted
INV000827,inv1, PO02227, V201,2023-02-04,3941.08,
INV000828, INV1,PO02416,V035 ,2024-03-08,11511.7,
INV000829,INV1,PO06084,V409 ,2024-11-30,52597.25,
INV000830,INV1 , PO01577, V409,2023-01-02,94982.64,Cancelled
INV000831,inv2,PO00910,v378,2024-07-22,57515.14,
INV000832,INV1 ,PO04024, V277,2024-04-10,31778.68,posted
INV000833,INV2 ,PO04707, V052,2024-05-05,,posted
INV000834,INV1 ,PO04441, V389,2023-12-07,72155.92,posted
INV000835, INV1,po07492,V259,2023-08-12,21605.44,CANCELLED
INV000836,inv2,PO03994,V284,2023-10-05,82058.39,POSTED
INV000837,inv2,PO01996, V261,2023-10-19,16246.24,Cancelled
INV000838, INV2,PO02168,V102 ,2024-01-27,62921.67,Cancelled
INV000839,INV1,PO01419,V480,2023-04-25,7818.12,Cancelled
INV000840,INV1,PO00429,V074,2023-09-10,40756.93,Cancelled
INV000841,INV2,PO04479,V139,2024-03-15,,Cancelled
INV000842, INV2,PO02519,V066 ,2023-07-15,36557.94,CANCELLED
INV000843, INV1,po06933, V088,2024-09-27,64367.93,POSTED
INV000844,INV2 ,PO00751,V005,2023-07-05,,POSTED
INV000845,inv1,PO05869 ,V160,2023-08-20,61551.63,Cancelled
INV000846,INV2, PO02498, V087,2023-09-18,62557.28,Cancelled
INV000847,inv1,PO03197,V236,2023-12-28,63373.97,
INV000848,INV1, PO03946,V022,2024-11-15,34333.69,CANCELLED
INV000849,INV2 ,PO05157,V305 ,2024-05-20,77884.76,posted
INV000850,INV2,PO01635,V419,2023-01-05,47138.32,POSTED
INV000851,INV1,PO05388,V467,2023-05-20,65552.77,POSTED
INV000852,INV1,po00792,V011,2023-08-05,30081.29,posted
INV000853,INV2,PO04582,V386,2024-12-23,14008.11,posted
INV000854,INV2 ,PO05721,V449,2024-11-18,71280.88,
INV000855,INV2,PO05504,V081,2024-11-25,13809.79,
INV000856,INV1,po03882,v394,2024-04-20,52709.34,posted
INV000857,INV1,PO07936,V145,2023-03-05,6131.62,posted
INV000858,INV2,PO01119 , V097,2024-11-27,38852.97,posted
INV000859,INV2,PO04995,V269,2023-09-05,23156.79,posted
INV000860,INV1,PO02057,V004 ,2024-12-18,82680.96,Cancelled
INV000861,INV1,po01993,V446,2024-07-01,60492.8,CANCELLED
INV000862, INV1,PO07859,V103,2023-03-04,55324.61,posted
INV000863,INV2 , PO03776,V215,2023-08-09,10177.73,
INV000864,INV1,PO03680,V129,2023-03-02,53332.42,posted
INV000865,INV1,PO01338,V376,2023-11-22,93415.13,CANCELLED
INV000866,inv2,PO04795,V029,2023-10-26,61739.49,CANCELLED
INV000867,INV1,PO03297,V060,2024-09-18,53268.21,
INV000868,INV1,PO06607,V326,2024-02-20,64014.25,Cancelled
INV000869,INV1,po04927, V420,2024-11-06,47144.86,CANCELLED
INV000870, INV1,PO04178,V195,2023-11-06,,posted
INV000871, INV2,PO03081,V265,2024-12-20,9922.2,CANCELLED
INV000872,inv2,PO04153, V255,2023-03-18,1907.31,CANCELLED
INV000873,inv2,PO00054,v308,2023-12-22,77156.2,Cancelled
INV000874,inv1,po07224,,2024-12-20,13496.02,POSTED
INV000875,INV2 ,PO07063 ,v207,2023-10-28,87115.66,
INV000876,inv1,PO04035 ,V095,2023-03-09,48298.15,posted
INV000877,inv2,po05737,V461,2023-01-26,16902.62,posted
INV000878,INV1,PO03007 ,V221,2023-04-07,67422.7,
INV000879,INV2 ,PO03533 ,V190 ,2024-09-03,4250.18,POSTED
INV000880,INV2 ,PO05185, V333,2023-12-31,23065.18,
INV000881,INV1, PO04634,V095,2023-06-15,5097.96,CANCELLED
INV000882,INV1,PO00569,V133,2024-11-18,82806.39,CANCELLED
INV000883, INV1, PO04760,V204,2024-10-01,63319.94,POSTED
INV000884,INV1,PO07121, V474,2023-05-28,23856.58,CANCELLED
INV000885,INV2,PO00880,V183,2024-12-10,39881.4,
INV000886,inv1,PO05681,V396,2023-11-02,51620.31,CANCELLED
INV000887,inv2,PO03665, V496,2024-07-31,9340.93,Cancelled
INV000888,inv2,po01528,V352,2024-11-22,86193.04,CANCELLED
INV000889, INV2,PO04659,V270,2023-11-07,42819.29,CANCELLED
INV000890,INV2 ,PO01282,V053,2024-01-30,44150.89,posted
INV000891,inv1,po02046,V373 ,2024-10-03,9836.13,posted
INV000892,INV1,PO01751 ,v365,2023-11-01,35756.18,Cancelled
INV000893,INV2,PO07915,V455,2023-03-19,,Cancelled
INV000894,inv2,PO01475, V436,2024-05-24,22983.51,posted
INV000895,INV1, PO05210, V146,2024-04-28,20181.24,POSTED
INV000896,INV1 , PO00057,V436,2024-12-03,6641.82,CANCELLED
INV000897,INV2,po03595, V372,2024-09-04,58042.98,posted
INV000898,INV1 ,PO03518 ,V006,2023-04-20,63629.61,POSTED
INV000899,INV2,PO02273,V280,2023-01-09,11203.02,Cancelled
INV000900,INV1, PO05732,V178,2024-03-24,43349.82,
INV000901,INV1, PO05057,V472,2024-12-25,39559.43,CANCELLED
INV000902,INV1,PO07079 , V482,2024-06-23,53092.36,posted
INV000903,INV2 ,PO04944, V173,2024-07-26,52159.79,POSTED
INV000904,INV2 , PO03400, V116,2023-02-16,16241.33,
INV000905,INV1,PO03158,v255,2023-12-17,551.84,CANCELLED
INV000906,INV2, PO01530, V283,2023-06-15,73425.78,POSTED
INV000907,inv2,po05698,V035,2024-01-19,45779.49,posted
INV000908,INV2,PO04260 ,v413,2024-12-20,20827.28,CANCELLED
INV000909,INV1, PO02178,V062,2023-09-12,75685.74,
INV000910,INV1 ,PO04865, V187,2023-12-15,3863.51,posted
INV000911,INV2,po04996,V418 ,2024-09-12,44874.93,Cancelled
INV000912,inv1,PO05201,V335,2024-01-21,59491.92,posted
INV000913,INV2,PO04611,V408,2024-05-29,36284.04,CANCELLED
INV000914,INV1,PO00246,V135,2023-03-07,56172.88,
INV000915,INV2 ,po06828, V207,2023-07-30,72737.01,Cancelled
INV000916,INV1 ,PO00735,V111,2024-02-17,80899.08,posted
INV000917,inv2,PO04160,v378,2024-03-25,22673.33,Cancelled
INV000918,INV1,PO06176,V028,2024-02-28,8608.21,Cancelled
INV000919,inv2,po01056,V091,2024-05-03,27360.13,CANCELLED
INV000920,INV2 ,PO03296,V405,2024-04-11,11164.2,posted
INV000921,INV1,PO06940,V009,2024-03-02,39714.02,Cancelled
INV000922, INV2,PO02084, V291,2023-09-23,88390.09,
INV000923,INV1,PO06107,V438,2023-11-11,58342.68,CANCELLED
INV000924,INV2 ,PO01770 , V274,2024-07-17,41721.46,posted
INV000925, INV1, PO01856,v439,2024-02-21,65706.14,CANCELLED
INV000926, INV2,PO06914 ,V295,2023-06-17,93245.85,Cancelled
INV000927,INV1,PO02518,V378 ,2024-07-13,84190.45,POSTED
INV000928,INV2,PO04771,,2024-11-28,50466.95,
INV000929,INV1,PO01413,v331,2024-07-13,58637.05,Cancelled
INV000930, INV1,PO03787 ,V326,2024-07-08,47375.81,
INV000931,inv2,PO06045,V394,2023-04-14,61271.54,Cancelled
INV000932,inv1,po00728,V304,2024-04-22,3582.49,posted
INV000933,INV1,PO04724,V386,2024-09-27,28019.81,POSTED
INV000934,inv1,PO00393,V267,2023-12-21,81173.8,POSTED
INV000935,INV2,PO06613,v375,2024-10-08,88480.92,CANCELLED
INV000936,INV1 ,PO07529,v355,2024-05-30,,CANCELLED
INV000937, INV2,PO01496,V021,2023-12-19,92558.72,posted
INV000938,INV2, PO02720,v476,2023-06-30,1432.92,
INV000939,INV1,PO05176,V420,2023-08-03,70313.2,Cancelled
INV000940,INV1,PO07913, V043,2024-10-18,55694.44,POSTED
INV000941,INV2 ,PO06090,V482,2024-05-16,,POSTED
INV000942,INV1,PO03586,V491 ,2024-01-10,2434.07,CANCELLED
INV000943,INV1,PO04179,V045,2023-06-05,81174.06,
INV000944,INV1,PO04844,V307,2024-12-31,67585.27,CANCELLED
INV000945,inv2,PO00572 ,v194,2023-08-26,74365.52,POSTED
INV000946,INV1,PO06960,V140 ,2023-09-06,72671.81,POSTED
INV000947,inv2,po03853, V312,2023-07-13,47488.91,CANCELLED
INV000948,INV2, PO06861,V131 ,2024-09-19,75661.53,CANCELLED
INV000949,INV2,po06869, V476,2024-11-09,28076.57,Cancelled
INV000950,INV1,PO06002,V468,2024-12-02,19555.21,posted
INV000951, INV2,po00659,V395 ,2023-11-15,51180.45,Cancelled
INV000952,inv1,PO00089,V312,2023-10-11,52667.94,CANCELLED
INV000953,inv1,PO05755,V225,2023-12-08,66638.79,CANCELLED
INV000954,INV1,PO03169,V489,2023-08-14,55320.32,CANCELLED
INV000955,INV1 ,PO06802,v377,2023-02-24,39784.06,POSTED
INV000956,INV1,po03367,V110,2023-06-27,74548.18,Cancelled
INV000957,INV1 ,PO05549,v320,2024-05-24,93717.37,posted
INV000958,INV2,po06052, V121,2023-11-16,29371.25,POSTED
INV000959,INV2,PO07918,V107,2024-08-11,80972.79,
INV000960,inv1, PO07960,V131,2024-02-05,86680.86,Cancelled
INV000961, INV1,PO00952,V298,2023-09-17,53451.96,POSTED
INV000962,INV1 ,PO07376 , V150,2023-10-08,33214.89,
INV000963,INV1,PO06679 , V064,2023-03-27,34526.74,
INV000964,INV2,PO03768,V303,2023-12-11,44594.61,POSTED
INV000965,INV2 , PO06806, V315,2024-12-21,79012.8,
INV000966,INV2, PO04788,V087 ,2023-03-04,33784.9,posted
INV000967,INV2, PO07572,v326,2024-09-22,2125.26,CANCELLED
INV000968,inv2,PO01226,V325,2024-08-18,24848.74,POSTED
INV000969, INV2,PO06882,V384 ,2024-07-26,11846.77,CANCELLED
INV000970,INV1,PO04970,V125,2024-08-23,77672.43,
INV000971,INV1,PO06428,V464,2023-07-17,17899.66,POSTED
INV000972,INV1 ,PO00639 ,V209,2024-03-15,13781.51,POSTED
INV000973,INV1, PO03452,V118,2024-04-12,26336.89,CANCELLED
INV000974,INV1,PO05252 , V128,2024-01-29,38134.36,POSTED
INV000975,INV2,PO00399 ,V080,2023-06-12,37154.7,POSTED
INV000976,INV1 ,PO03693,V486,2024-02-10,93561.38,posted
INV000977,INV2,PO03100, V325,2023-07-15,62663.78,Cancelled
INV000978,INV1,PO04309,V448,2023-07-15,6851.1,CANCELLED
INV000979,INV2,PO06741,v218,2023-04-25,53814.9,Cancelled
INV000980,INV1,PO02718,v370,2023-03-26,14843.82,POSTED
INV000981,INV2,PO05351,V313,2023-06-16,50275.71,POSTED
INV000982, INV2, PO02499,V129 ,2023-10-28,,Cancelled
INV000983, INV2,PO03182,V158,2024-09-17,71850.59,posted
INV000984,INV1,PO01184,V233,2023-03-10,38763.44,CANCELLED
INV000985,INV1,PO04843,V331,2024-07-01,29172.6,posted
INV000986,inv1, PO07264,v229,2024-01-24,32171.63,
INV000987,INV1 ,PO00532 ,V470,2023-09-11,40292.31,Cancelled
INV000988,inv2,po00758,V013 ,2024-03-28,87604.99,CANCELLED
INV000989, INV1,PO07828,V210,2024-12-30,89283.88,Cancelled
INV000990,INV1,PO04390,V498,2023-08-24,71607.76,
INV000991,INV1,PO06215, V208,2024-07-05,70382.88,CANCELLED
INV000992,INV2,PO01415,V422,2023-12-31,29927.1,Cancelled
INV000993, INV2,PO06614,V496,2023-11-05,43545.88,POSTED
INV000994, INV2,PO01146,V187,2024-06-21,,
INV000995,inv1,PO01747 ,V421,2024-12-30,15904.26,CANCELLED
INV000996,INV1,PO07297,V354,2023-05-13,,CANCELLED
INV000997,INV2,PO01818,v227,2023-08-17,49509.31,POSTED
INV000998,INV1,PO04715,V001,2023-11-28,47598.31,posted
INV000999,inv2,PO00684, V083,2023-05-26,51592.91,CANCELLED
INV001000,inv1, PO04727,V327 ,2024-01-22,24664.39,
INV001001,INV2,PO06911,V063,2023-04-04,29658.53,
INV001002,INV2 ,PO04195, V269,2023-09-06,6943.65,CANCELLED
INV001003,inv2, PO05365,V153,2024-01-02,21061.35,POSTED
INV001004,INV1 , PO03798,V238,2023-12-05,34589.36,CANCELLED
INV001005,INV1 ,PO03612 ,V480,2023-08-11,67632.42,Cancelled
INV001006,INV1,PO02586,V222,2024-09-03,51898.67,Cancelled
INV001007, INV1,PO07562, V145,2024-08-16,21457.39,posted
INV001008,INV1, PO04623,V340,2023-08-15,84712.95,POSTED
INV001009,inv2,po05219,V271,2023-07-06,26620.5,posted
INV001010,INV1,PO06968,V437,2024-02-28,62980.09,Cancelled
INV001011,INV2 ,PO01822,V100 ,2024-08-08,6809.9,
INV001012,INV2,PO04528 ,V466,2023-06-29,52665.08,POSTED
INV001013,inv2,po05380,V023 ,2024-03-31,71988.49,Cancelled
INV001014,INV1,PO07865 ,V008,2023-10-30,44061.95,Cancelled
INV001015,INV1 ,PO07504,V325,2023-07-29,75968.91,CANCELLED
INV001016,INV1 ,PO01796 ,V113,2023-12-08,7211.25,Cancelled
INV001017,INV1,PO01890 ,V053,2023-06-04,64985.05,Cancelled
INV001018,INV2,PO07248,V068,2024-04-29,79670.55,Cancelled
INV001019,INV1, PO05755,v145,2023-08-31,77686.6,
INV001020,,PO01516 ,V446 ,2024-10-16,27311.25,posted
INV001021,inv2,PO02872,V303 ,2023-03-15,19392.01,
INV001022,INV1,PO01380,V227,2023-07-17,12035.04,
INV001023,INV1,PO05096,V427,2023-02-22,35458.96,POSTED
INV001024,INV1,PO00827,V384 ,2024-06-02,73900.96,Cancelled
INV001025,INV2,PO00490,V376 ,2024-05-02,5168.19,CANCELLED
INV001026,inv2,po07320,v200,2024-03-22,33526.57,Cancelled
INV001027,INV1,PO00653,V141,2024-08-02,9668.55,posted
INV001028, INV2,PO05547,V436,2024-01-14,9173.19,Cancelled
INV001029, INV1, PO07983,V376,2024-10-21,56288.07,posted
INV001030,INV1,PO03757,V414,2024-11-24,87686.49,Cancelled
INV001031,inv1,po06915, V118,2023-01-06,16668.93,
INV001032,inv2,PO05359,V050,2023-03-04,92357.28,CANCELLED
INV001033,INV2, PO01660,V166,2024-02-28,70695.72,CANCELLED
INV001034,INV1 ,po03912,V153 ,2024-02-28,63335.24,
INV001035,INV2,PO05590,V197,2023-10-11,11263.23,posted
INV001036,inv2, PO05721,V486,2023-10-28,31731.52,POSTED
INV001037,INV2,PO05490,V263,2024-03-26,30584.51,POSTED
INV001038,INV1,PO07002,V039,2024-03-30,75978.96,posted
INV001039,INV2,po05888,V154,2024-04-06,63091.1,
INV001040, INV2,PO00060, V456,2023-01-01,94903.9,Cancelled
INV001041,INV1 ,PO04153,V245,2024-01-28,3899.15,CANCELLED
INV001042,INV1, PO03945,V178,2023-10-30,7168.67,POSTED
INV001043, INV2,PO06736 ,V264 ,2024-04-23,14522.09,Cancelled
INV001044, INV2, PO06318,V125,2024-06-14,47795.01,Cancelled
INV001045,inv1,, V396,2023-05-06,14550.07,posted
INV001046,INV2,PO07468,V161,2024-02-15,33458.09,posted
INV001047,INV2,PO03975,V397,2023-05-06,93056.32,
INV001048,INV2 ,PO04064, V495,2024-08-10,94997.66,Cancelled
INV001049,INV1 ,po05074,V251 ,2024-11-11,22894.8,
INV001050,INV1 ,PO05548,V038,2023-12-26,46650.82,
INV001051,INV2, PO05265,V095,2024-03-23,1335.7,posted
INV001052,INV1 ,PO05644,V271,2023-10-03,59239.15,CANCELLED
INV001053, INV2,PO04704,V369,2023-04-17,85648.6,Cancelled
INV001054,INV1,PO00499, V475,2023-10-02,69017.13,
INV001055,INV1 ,PO06966,V083 ,2024-01-05,85674.73,Cancelled
INV001056,INV1,PO07967 ,v499,2023-02-07,,posted
INV001057,inv1,PO07094,V493,2023-04-12,29613.64,posted
INV001058,INV1 ,PO07690,V497,2024-05-26,64495.23,posted
INV001059,INV1,PO05060,V252,2024-12-12,15377.71,POSTED
INV001060,INV1, PO07270,V274,2023-01-08,36039.16,posted
INV001061,INV2,PO01488,V071,2024-08-03,27324.41,Cancelled
INV001062,INV2,PO04889 ,V202,2024-07-15,893.77,
INV001063,INV1,PO01407,V019,2023-04-18,50774.56,posted
INV001064,INV1,PO01018,V209,2023-08-26,68115.4,posted
INV001065,INV2,PO06145,V030,2024-07-12,15125.94,CANCELLED
INV001066, INV2,PO00872,V203,2024-02-24,36370.12,CANCELLED
INV001067, INV2,PO02586 ,V030,2023-06-05,,posted
INV001068,INV2 ,po00346,V185,2024-12-19,55627.72,Cancelled
INV001069,INV1,PO00584,V401,2024-07-31,77043.52,posted
INV001070, INV1,PO03662,v233,2024-02-27,51856.66,CANCELLED
INV001071,INV1 ,PO00208,V460,2024-12-09,77954.6,CANCELLED
INV001072,INV2,PO03262,v280,2024-10-08,32216.56,Cancelled
INV001073,INV1,PO05913,V234,2023-11-05,26536.16,
INV001074, INV1,po04793,V184 ,2024-08-28,49275.32,CANCELLED
INV001075,INV2,PO00420,V171,2024-06-11,36353.63,posted
INV001076, INV2,PO05208,V482,2024-05-08,28267.71,POSTED
INV001077,INV2,PO03693,V311,2024-07-18,21534.65,posted
INV001078,INV2, PO00829,V014,2024-07-06,59191.39,
INV001079,inv1,PO07287,V245,2023-04-03,78041.83,CANCELLED
INV001080,INV2,PO04319, V004,2023-09-28,20901.6,
INV001081,INV2 , PO04324,V061,2023-01-07,11985.05,CANCELLED
INV001082, INV1,PO06850,V122,2023-07-21,21640.1,
INV001083,INV1,PO06273,v162,2023-09-01,91111.04,Cancelled
INV001084,inv2,PO07263,v343,2023-06-03,71428.91,posted
INV001085,inv1,PO05246, V139,2024-06-02,72023.54,POSTED
INV001086,INV1 ,PO00605,V292,2024-09-14,71168.66,posted
INV001087,INV2,po07040,V382,2024-04-23,78133.06,Cancelled
INV001088, INV1,PO07911,V407 ,2024-03-12,50930.25,POSTED
INV001089,INV2,PO05816,V266,2023-01-02,89745.96,posted
INV001090,INV2 ,PO02892 , V141,2023-05-24,65397.54,POSTED
INV001091,inv1,PO00300,V250,2024-09-21,,Cancelled
INV001092,INV1 ,PO02502,V393,2024-09-10,89496.44,
INV001093,INV2 ,PO07910,V482,2023-06-22,15155.35,
INV001094,INV2,PO02599 ,V286,2023-06-12,92617.05,posted
INV001095,INV2,PO06010 ,v277,2023-08-18,30011.72,
INV001096,INV2,po00722,V059 ,2024-06-10,4584.56,POSTED
INV001097,INV1,PO03627,v422,2024-10-12,13860.0,Cancelled
INV001098,inv1,po02534, V133,2024-04-16,82208.35,
INV001099, INV1, PO04077,V400,2023-06-26,74489.76,CANCELLED
INV001100,INV1,PO02326, V445,2023-10-19,5383.35,Cancelled
INV001101,INV2,PO04832,V085,2023-07-26,92073.27,Cancelled
INV001102,INV1,PO06096,v031,2023-11-06,34308.23,posted
INV001103,INV1,PO04716, V244,2023-08-23,20989.88,
INV001104,INV1 ,PO03593,V500,2023-06-30,58254.02,POSTED
INV001105, INV2, PO07221,V204 ,2023-11-27,40113.5,
INV001106,INV1, PO01758,V167,2023-02-13,53891.81,Cancelled
INV001107,INV2,po05830,V227 ,2023-07-07,28045.98,CANCELLED
INV001108,INV1,PO04088,V084 ,2024-12-14,31218.18,CANCELLED
INV001109,INV1,PO01342 , V459,2023-05-12,74523.73,
INV001110,INV1,PO04072,V401,2023-06-08,83672.79,Cancelled
INV001111, INV1,PO06661 , V296,2024-08-09,55434.8,
INV001112,INV1,po06927,V325,2024-07-30,64118.24,
INV001113,INV2,PO04030,V329,2023-05-18,90104.94,
INV001114, INV1,PO03667 ,V394,2024-08-07,68418.94,posted
INV001115, INV1,po03060,V341,2023-10-23,83925.8,posted
INV001116,INV1,PO06173,v096,2024-06-26,17098.67,Cancelled
INV001117, INV1,po05319, V426,2023-03-16,93604.7,posted
INV001118,INV2,PO00168 ,V263,2023-04-23,5007.86,Cancelled
INV001119,INV1,PO07979 ,V014,2024-10-16,48691.1,
INV001120,INV1, PO03975,v085,2024-05-19,85285.06,
INV001121,INV1,PO05869,V359,2024-11-16,32298.64,Cancelled
INV001122,INV1 ,PO04543,V459,2023-10-13,67420.98,posted
INV001123,INV2 ,PO00052, V224,2024-03-14,7932.46,CANCELLED
INV001124,INV1,PO03468,v270,2023-09-23,82064.63,Cancelled
INV001125,INV1,PO03874,V471,2023-01-05,44468.51,
INV001126, INV2, PO02117,V366,2023-01-13,9951.71,Cancelled
INV001127,INV1,PO06312,V224,2023-06-25,86919.07,
INV001128,INV2,PO07495,V325,2024-09-15,10881.38,Cancelled
INV001129,INV2,PO07901,v107,2023-07-21,77097.07,
INV001130,INV2, PO06660,V040 ,2023-04-29,10511.01,posted
INV001131,INV1,PO06178 , V479,2024-09-05,35255.84,
INV001132,INV1,po03311,V344,2023-03-15,22747.15,
INV001133,INV1,PO00734 ,V302,2023-05-16,14325.83,Cancelled
INV001134,INV1,,v237,2024-08-25,34347.93,
INV001135,INV1,PO07646 ,V494,2023-03-07,13926.51,CANCELLED
INV001136,INV1,PO06151 ,V124,2023-01-17,86398.99,posted
INV001137,INV1, PO01720,v111,2023-02-08,58663.25,posted
INV001138,INV1,PO04892, V171,2024-02-28,51388.43,Cancelled
INV001139,inv1,PO02187,V115 ,2024-11-04,66749.85,POSTED
INV001140,INV1,po03145,V306,2023-10-18,6003.98,
INV001141,INV2,po02999,V427,2024-12-27,5638.62,CANCELLED
INV001142,INV1 ,PO05355 ,V138,2024-06-19,21064.43,CANCELLED
INV001143, INV1,po02858,V131 ,2023-12-28,26267.28,POSTED
INV001144,INV1 ,PO07629,V449,2023-03-18,25944.28,Cancelled
INV001145,INV2,PO06743,V066 ,2023-12-28,50478.92,
INV001146,INV1 , PO07567,V423,2023-06-08,72474.67,CANCELLED
INV001147,INV1, PO07097,v114,2024-11-03,15347.56,posted
INV001148,INV2,PO03818 ,v267,2023-11-05,38492.17,
INV001149, INV1,PO02609,V251,2024-03-08,19759.6,Cancelled
INV001150,INV2,PO05400, V391,2023-04-01,52282.56,CANCELLED
INV001151,INV1,PO07077,v337,2024-05-05,52752.28,posted
INV001152, INV2,PO04158, V283,2023-04-20,22620.91,Cancelled
INV001153,INV1,PO03991,V273,2023-11-26,64499.08,CANCELLED
INV001154,INV2,PO03866,V126 ,2023-03-03,44245.97,posted
INV001155,INV1,PO06847, V162,2024-10-08,8250.18,posted
INV001156,INV1,PO01513,V144,2023-12-07,32984.63,CANCELLED
INV001157,inv2, PO06567,V357 ,2024-03-10,,posted
INV001158,INV2,PO02106,V377,2023-01-06,41930.39,
INV001159,INV1 ,PO02852 ,V101 ,2024-09-25,36309.98,CANCELLED
INV001160,INV1 , PO02419,V122,2024-01-14,76919.34,CANCELLED
INV001161,INV2,PO03936 ,v338,2023-04-19,42978.83,Cancelled
INV001162,INV1, PO06464,V439,2023-03-20,85828.83,
INV001163,INV2, PO01909,V261,2024-07-30,69974.38,posted
INV001164,inv1,po05488, V222,2023-11-19,17264.73,CANCELLED
INV001165, INV1,PO04820 ,V121 ,2024-07-15,68013.61,Cancelled
INV001166,INV1,PO07831,V084 ,2023-11-26,54743.11,Cancelled
INV001167,INV2 ,po02569,V381 ,2023-07-07,23714.56,CANCELLED
INV001168,INV2,PO05349,V474,2023-09-26,79584.51,CANCELLED
INV001169,INV2,PO01469, V493,2023-05-15,48136.02,Cancelled
INV001170,inv1, PO03214,V388,2024-07-10,80490.59,
INV001171, INV1,PO02808,V297 ,2023-05-04,,
INV001172,INV1 ,PO01843,V310,2023-04-15,32626.26,
INV001173,INV1,PO02020,v317,2023-08-03,32153.55,posted
INV001174,INV2 ,PO07309,V013,2024-07-20,80239.46,POSTED
INV001175, INV2, PO03942,V283,2023-03-10,8144.86,POSTED
INV001176,inv2,PO05439 ,V431 ,2023-08-13,1187.58,Cancelled
INV001177,INV1,PO07511 ,V013,2023-03-21,54962.79,CANCELLED
INV001178,INV2,PO05161 ,V191 ,2024-12-21,36145.01,POSTED
INV001179,INV1,PO04515, V006,2024-07-11,30590.33,CANCELLED
INV001180,INV1, PO06098,V439 ,2024-11-24,21204.5,CANCELLED
INV001181,INV1 ,PO00657 ,v402,2023-09-19,74346.62,POSTED
INV001182,INV1,PO06526,V463 ,2024-02-23,34236.63,
INV001183,INV1,PO00494,V333,2024-05-09,37721.49,Cancelled
INV001184,INV1, PO00867,V319,2024-10-31,31853.64,
INV001185,INV2,PO01670,V487,2024-01-18,86305.93,posted
INV001186, INV1,PO00666,v456,2023-09-06,22586.77,Cancelled
INV001187,INV2,PO04857,V148 ,2024-08-12,56060.05,POSTED
INV001188,INV1,PO06360,V085,2023-01-23,81695.94,
INV001189,INV2 ,PO00195,V441 ,2023-12-09,84130.38,
INV001190, INV2,PO03366 ,V092,2024-10-14,43789.33,POSTED
INV001191,inv1,PO02474,V358,2023-11-18,26365.46,Cancelled
INV001192,INV1 ,PO05607,V026 ,2024-05-07,1183.56,POSTED
INV001193,inv2, PO07150,V451,2023-09-04,77897.97,posted
INV001194, INV2,PO00584,V419,2023-08-08,64377.89,
INV001195,INV1,PO03551,v343,2023-05-23,71960.68,POSTED
INV001196,INV2 ,PO00504,V120 ,2024-05-27,34168.61,posted
INV001197, INV2,PO07161,V014,2023-07-11,42281.25,POSTED
INV001198,INV1, PO01038,V010,2023-03-07,56852.08,CANCELLED
INV001199,,PO01423 ,V147 ,2023-04-22,10506.64,POSTED
INV001200,INV1,PO01063, V222,2023-09-29,65120.34,posted
INV001201,INV2,PO03880,V259,2024-06-24,91026.71,
INV001202,INV2,PO07435, V296,2024-01-03,19047.25,CANCELLED
INV001203,inv1,PO05381,V274,2023-02-26,64018.9,CANCELLED
INV001204,INV1,PO04636,V159,2024-07-28,45190.12,Cancelled
INV001205,inv1, PO03291,V135,2024-01-25,73685.06,
INV001206,INV1,PO01001,V028,2024-08-28,71437.04,posted
INV001207,INV2 ,PO07593 ,V280,2024-04-08,77056.85,POSTED
INV001208,INV1,PO02890,V287,2023-04-17,72633.97,Cancelled
INV001209, INV1,PO01841,V316 ,2023-09-22,44639.57,CANCELLED
INV001210,INV2,PO04039 ,V118,2023-05-15,22950.12,CANCELLED
INV001211,INV1, PO05892,V462,2024-05-17,32056.5,Cancelled
INV001212, INV1, PO02845,V260 ,2024-06-27,62000.83,POSTED
INV001213,INV2,PO00351,v409,2023-12-04,70673.19,POSTED
INV001214,inv2,PO05812,V427 ,2023-12-02,8261.6,
INV001215,INV2,PO07354, V016,2024-02-15,85339.85,posted
INV001216,INV2,PO01057,V029,2023-03-27,24987.86,Cancelled
INV001217,INV1,PO05883,V106,2023-04-16,1722.32,Cancelled
INV001218,INV1,PO01871,V098,2023-04-18,93736.14,
INV001219,inv2, PO06543,V154 ,2023-09-23,27826.06,
INV001220,inv2,po07895,v231,2024-07-30,30868.76,POSTED
INV001221, INV1,PO03863 ,V063,2023-07-29,85170.64,Cancelled
INV001222,INV2 ,PO02598,V070,2023-03-04,11886.98,POSTED
INV001223,INV1,PO04479,V239,2024-08-31,85987.29,CANCELLED
INV001224,INV1, PO00644,V161,2023-08-05,86525.83,CANCELLED
INV001225,inv2,PO05828,V147 ,2024-06-20,9195.85,Cancelled
INV001226,INV1 ,PO06187,v096,2024-10-10,17309.15,CANCELLED
INV001227,INV1,po01339,V274,2024-11-18,59478.05,posted
INV001228,INV2,PO06714,V014,2024-05-27,23216.92,posted
INV001229,INV2,PO05939,V442,2024-03-15,25206.96,posted
INV001230,INV2,PO01907,V459,2024-04-25,80812.98,POSTED
INV001231,INV1 ,PO03809,V132,2023-01-14,90301.04,Cancelled
INV001232,INV1,po05837,v227,2023-10-30,47493.58,CANCELLED
INV001233,INV2 ,PO01460,V085 ,2024-04-01,40673.65,Cancelled
INV001234,INV1 ,PO00185,v282,2024-09-17,1774.97,POSTED
INV001235,INV1,PO00359, V133,2024-02-05,27143.11,posted
INV001236,INV2,PO06423,V220,2023-01-08,45209.08,
INV001237,INV1,PO00617 , V172,2023-04-15,66696.51,
INV001238, INV2,PO05286 ,V428 ,2024-04-30,82201.82,Cancelled
INV001239, INV2,po03408, V439,2024-09-07,9672.87,POSTED
INV001240, INV1,PO02397,V182,2024-03-24,86710.5,CANCELLED
INV001241,inv1,PO05852,V154,2023-06-23,71797.95,Cancelled
INV001242,INV2 ,PO07023,V198 ,2024-05-22,19806.94,POSTED
INV001243,INV2,PO05525, V244,2023-09-02,86965.69,Cancelled
INV001244,inv2, PO00081,V498,2024-08-18,89855.57,POSTED
INV001245, INV1,PO06733,v203,2024-08-02,64171.92,Cancelled
INV001246,INV1,PO05440,V259,2024-07-22,76156.03,CANCELLED
INV001247,INV1,PO06471,V083,2024-06-29,55938.98,Cancelled
INV001248,INV1,PO06713,v450,2023-12-28,87902.54,CANCELLED
INV001249, INV1,PO05529 ,V263 ,2023-02-28,79660.73,
INV001250,INV1,PO05462,V043,2024-03-29,11209.78,
INV001251,INV2,PO01287,V281,2023-08-20,59284.88,
INV001252,INV2,po01445,V390,2024-09-05,19029.47,CANCELLED
INV001253,INV1,PO03778 ,V490,2024-01-08,64816.72,CANCELLED
INV001254,INV1,PO06889,V365,2023-07-13,45450.28,
INV001255,INV2,PO01965 ,V096 ,2024-07-04,23572.98,posted
INV001256, INV1,po00896,V229,2023-05-30,47045.76,
INV001257,inv2,PO01432,V096,2024-10-30,9627.99,POSTED
INV001258,inv1,PO00599,v085,2023-12-02,12472.54,POSTED
INV001259,INV2,PO00756,V308,2024-11-28,50705.18,Cancelled
INV001260,INV2,PO03859,V414,2023-03-17,14590.95,posted
INV001261, INV1,PO05640,V117,2023-06-24,6652.09,posted
INV001262,INV2,PO02150,v233,2023-10-19,,POSTED
INV001263,INV1 ,PO04260, V259,2024-04-20,76010.35,POSTED
INV001264,INV1,,V073,2023-03-01,89424.71,CANCELLED
INV001265, INV1,po02088,V202,2023-10-16,48246.49,POSTED
INV001266,INV1,PO04938,V010,2024-04-29,34320.86,posted
INV001267,INV1,PO02648,V020 ,2023-05-26,15365.48,Cancelled
INV001268,INV1,PO00145,v353,2024-12-29,93919.53,POSTED
INV001269,INV2, PO04091,V049 ,2024-11-27,3464.23,posted
INV001270,INV2,PO03920,v487,2023-05-01,34519.15,posted
INV001271,INV1,PO02737, V231,2024-11-12,66967.86,Cancelled
INV001272,INV1,PO02216,V248,2023-10-03,,posted
INV001273, INV1, PO00088,V013,2024-06-10,32152.82,POSTED
INV001274,INV1 ,PO02990,v029,2023-06-06,64322.75,POSTED
INV001275,INV1, PO02031,V109,2024-06-28,10455.83,POSTED
INV001276,INV2, PO03546,V125,2023-06-16,91009.5,
INV001277,INV1, PO02165,V352,2024-02-17,25283.56,CANCELLED
INV001278,inv2,PO06178,V140,2024-05-20,16398.64,POSTED
INV001279, INV1,po00897,V129,2023-09-25,35995.95,posted
INV001280,INV1,PO03653,v124,2023-04-03,18708.32,POSTED
INV001281,INV2,PO02718,V332 ,2023-03-01,39107.34,
INV001282, INV1,PO00086,V344 ,2024-08-01,53881.13,
INV001283,inv2,PO05258 ,V134,2024-11-20,12016.45,
INV001284,inv1,PO06477,V485,2023-06-01,63899.15,posted
INV001285,INV1 ,PO00117 ,V176 ,2024-10-25,43478.13,Cancelled
INV001286, INV1,PO06676, V311,2024-08-18,11488.13,
INV001287,inv1,PO06270 ,v314,2024-05-19,25244.78,CANCELLED
INV001288,INV1,PO03037,V002,2023-07-08,78195.71,CANCELLED
INV001289, INV2,PO00396,V433 ,2023-07-17,29607.02,POSTED
INV001290,INV2,PO02982, V075,2024-07-01,25379.06,POSTED
INV001291,inv1,po03530,V264,2024-05-29,80828.57,CANCELLED
INV001292, INV2,PO07211,v101,2023-09-12,27196.91,Cancelled
INV001293,INV1,PO05035,V153,2023-12-29,40783.69,
INV001294,INV2,PO01086,V205,2024-01-24,15424.52,POSTED
INV001295,INV1, PO00464,V146,2023-08-20,80383.65,Cancelled
INV001296,inv1,PO00262 ,v266,2023-06-11,93823.46,CANCELLED
INV001297,INV1,po00497,v124,2024-04-19,94149.7,CANCELLED
INV001298,INV2, PO03070,V213 ,2023-10-08,10847.4,
INV001299,INV2,PO04322,v399,2023-10-06,92879.16,CANCELLED
INV001300,INV1,PO07112,V472,2024-05-27,80613.92,CANCELLED
INV001301,INV1,PO01477,V326,2023-09-15,23443.12,Cancelled
INV001302,inv2,PO06047,V124,2023-10-25,36597.72,POSTED
INV001303,INV2,po05118, V242,2023-05-31,24749.07,posted
INV001304,INV2,PO03102,V342,2023-07-22,10202.06,posted
INV001305,INV1,PO02320,V477,2023-03-11,43042.29,POSTED
INV001306,INV2,PO06826 ,V435,2024-03-08,44975.71,Cancelled
INV001307,INV2,PO06699 , V362,2024-10-03,35764.6,posted
INV001308,INV1, PO04189,V052,2023-07-05,9797.4,
INV001309,INV1 ,PO03397,V091,2023-05-02,3625.51,Cancelled
INV001310, INV1,PO03706,V192 ,2024-07-29,60884.33,CANCELLED
INV001311,INV1,PO02924,v202,2024-08-15,70839.3,
INV001312, INV2,PO06855 ,V217,2024-07-19,57150.06,CANCELLED
INV001313,INV2,po00768,V153 ,2023-06-27,21717.04,posted
INV001314,INV2, PO07436,v007,2023-01-31,49683.87,CANCELLED
INV001315,INV2, PO05104,V318,2023-09-20,13823.34,Cancelled
INV001316,INV1,PO04494,V391,2023-02-12,45623.64,CANCELLED
INV001317,INV1,PO07139,V027 ,2024-01-13,,Cancelled
INV001318,INV2,PO04175,V199,2024-05-14,71159.53,POSTED
INV001319, INV2,PO07124,V231,2023-05-25,8928.59,POSTED
INV001320,INV1,PO05837,V062,2024-05-06,88035.5,POSTED
INV001321,INV1,PO01879 ,V464,2023-12-06,37390.36,POSTED
INV001322,inv2,PO06411,V283,2023-01-25,24793.47,
INV001323,INV1 , PO03040,v240,2023-05-14,90366.61,POSTED
INV001324,INV1 ,PO04258 ,V081,2023-05-07,86779.27,
INV001325, INV1, PO06901,V208,2024-10-03,53696.93,POSTED
INV001326,INV1, PO03098,V136,2024-10-25,40631.53,posted
INV001327, INV1,PO01735,V284,2023-04-20,39060.51,POSTED
INV001328,INV1 ,PO00955,V395,2024-11-28,25203.74,CANCELLED
INV001329,INV1, PO01394,V368,2024-10-10,40080.66,posted
INV001330,INV2,po02051,V327 ,2024-10-16,24755.84,
INV001331, INV2,PO06832,V458,2023-02-01,22691.54,
INV001332,INV1,PO07927,V428,2023-12-10,22572.32,posted
INV001333,INV1 ,po02340,V496,2023-10-27,3220.78,POSTED
INV001334,INV1, PO03678,v469,2024-09-30,67435.27,POSTED
INV001335,INV1 ,PO01291,V026,2023-06-26,82791.49,
INV001336,INV2,PO00452,V254 ,2024-01-13,13818.17,posted
INV001337,INV1 ,PO03724,V414,2024-12-30,3736.66,POSTED
INV001338,,PO07362, V341,2024-03-10,69562.75,Cancelled
INV001339,INV1,po05827,v186,2024-05-08,80155.54,Cancelled
INV001340,INV1 ,PO03632,V496,2024-03-29,71964.31,Cancelled
INV001341,INV1,PO01875, V299,2023-09-26,,CANCELLED
INV001342,INV2,PO02296 ,V360,2024-01-24,62206.13,Cancelled
INV001343,INV1,PO03423,V393,2023-01-05,75281.26,POSTED
INV001344, INV2,PO05736,,2024-01-08,55862.8,Cancelled
INV001345,inv2,PO02236,v138,2023-10-03,19264.08,POSTED
INV001346,INV1,PO04165, V157,2024-04-18,37782.76,POSTED
INV001347,INV2,PO07528,V302,2024-05-07,53875.97,Cancelled
INV001348, INV1,PO06847,v277,2023-10-14,16660.41,posted
INV001349,inv2,PO06905,v411,2024-10-24,62246.72,POSTED
INV001350, INV1,po06161,v078,2023-10-27,,POSTED
INV001351,INV1,PO05412,V287,2023-10-20,80969.77,posted
INV001352,INV2 ,,v382,2024-08-26,37778.47,CANCELLED
INV001353,INV2,PO05656 ,V017,2023-12-01,54073.32,Cancelled
INV001354,INV1 ,PO02230,V460,2024-08-19,78777.63,CANCELLED
INV001355,INV1,PO03271,V328,2023-02-13,81051.87,POSTED
INV001356,INV1 ,PO04407,V267 ,2023-12-02,9309.23,CANCELLED
INV001357,inv1,po03171,v485,2023-01-01,48165.67,POSTED
INV001358,INV1,PO07465,V137,2023-05-08,32444.86,
INV001359,INV2,PO06399 , V295,2024-10-12,23749.32,Cancelled
INV001360, INV1,PO06222,V047,2024-02-15,21551.03,
INV001361,INV1,,v253,2024-04-13,24404.09,Cancelled
INV001362,INV1 ,PO06142,v129,2024-09-19,53057.3,Cancelled
INV001363,INV1,PO07828,V263 ,2024-07-04,,posted
INV001364, INV2,PO07548,V086,2024-07-22,94276.58,
INV001365,INV1,po02076,V365,2023-03-30,62518.44,POSTED
INV001366, INV2,PO03570,V271,2023-10-26,33618.33,Cancelled
INV001367,INV1,PO05381 ,V188,2023-11-01,91287.07,CANCELLED
INV001368,INV1, PO07580,V341,2023-09-18,35079.67,Cancelled
INV001369,inv1,PO02774,V367 ,2023-08-01,60199.58,
INV001370, INV2, PO04705,V492,2024-03-30,90596.39,Cancelled
INV001371,INV1,PO04197 ,V144,2024-03-27,52987.26,posted
INV001372,INV2 ,po07873,V122,2024-10-24,62237.42,posted
INV001373,INV2,po00112, V022,2023-01-04,84688.89,posted
INV001374,INV2, PO01204,V087,2023-10-03,70116.65,Cancelled
INV001375,INV1,po05658,V132,2023-03-03,47073.95,Cancelled
INV001376,INV1 ,PO02235,V397 ,2023-03-03,,posted
INV001377,INV2 ,PO06376 ,V158,2024-09-04,86339.06,posted
INV001378,INV1,PO07447 ,V048,2024-05-04,6656.81,
INV001379,INV1,PO02244, V433,2024-03-31,72520.77,POSTED
INV001380,INV1, PO01633,V249,2023-02-10,,
INV001381,inv1, PO03904,V009,2024-03-07,58408.52,CANCELLED
INV001382,INV1, PO05564,v108,2023-03-30,62748.75,
INV001383,INV2,PO06208 ,V222,2023-02-28,88949.19,Cancelled
INV001384,INV1,PO01478, V433,2023-05-10,1317.99,POSTED
INV001385,inv2,po03510,V296,2024-08-29,,posted
INV001386,INV2,po00342,V191,2023-10-17,24676.78,posted
INV001387,INV1,PO04962,v120,2024-02-26,44030.21,posted
INV001388,INV1,po04171,V470 ,2024-02-14,,Cancelled
INV001389, INV1, PO01605,v359,2024-07-10,74591.65,Cancelled
INV001390,INV1,PO01157, V313,2024-09-26,41413.96,POSTED
INV001391,inv2,PO03109,V388,2023-12-24,34443.81,
INV001392,inv1,po02151,V199,2024-11-20,88948.29,CANCELLED
INV001393,INV2,PO02897, V424,2024-07-30,47232.04,Cancelled
INV001394,INV2,PO05889,V050,2023-10-26,85280.8,Cancelled
INV001395, INV2,PO06172,V256,2024-06-20,9127.04,Cancelled
INV001396,INV2,PO01567, V124,2023-03-21,52650.08,posted
INV001397, INV1,PO01992 ,V214,2024-08-08,82647.33,
INV001398,INV1,PO00938,V478,2023-09-10,9219.17,posted
INV001399, INV2,PO01131,v052,2024-04-03,91309.0,
INV001400,INV2,PO02105,v190,2024-11-27,83023.63,Cancelled
INV001401, INV2,PO07513 , V304,2024-08-23,75247.96,POSTED
INV001402, INV2,po06937,v358,2023-02-27,17837.02,POSTED
INV001403, INV2, PO06075,V264 ,2024-12-03,65445.73,posted
INV001404,INV2,PO06007,v380,2023-03-23,18087.25,Cancelled
INV001405,inv2,PO05258,V325 ,2024-04-07,70533.89,POSTED
INV001406, INV1,PO05889,V214,2024-06-23,93040.5,POSTED
INV001407,inv1,PO02640,V320,2024-12-10,24453.57,posted
INV001408,INV1,PO03421,V252,2023-01-14,87166.09,
INV001409, INV1,PO00593,V225,2023-11-23,40991.16,Cancelled
INV001410, INV2,PO02012, V086,2024-08-07,78736.94,CANCELLED
INV001411, INV2,PO06000, V397,2023-10-07,32039.71,
INV001412,INV2,PO01760,V497,2023-12-15,37731.35,posted
INV001413,INV1,PO03760,V311,2023-04-26,31808.13,posted
INV001414,INV1,PO07876,V381,2023-04-26,36195.06,
INV001415,INV2,PO06435,V282,2024-05-15,58425.7,
INV001416,INV2,PO02544,v030,2023-08-12,89963.23,Cancelled
INV001417,,PO01333 ,v269,2024-04-11,38395.53,CANCELLED
INV001418,INV1,PO04884,V469,2024-10-20,47727.7,posted
INV001419,INV1,PO03228,V172 ,2023-06-30,51436.31,posted
INV001420,INV2,PO07171,V041 ,2024-03-13,89663.03,CANCELLED
INV001421,INV1 ,PO04976, V133,2024-02-03,69131.76,posted
INV001422,INV2,PO03811,v226,2023-04-12,35021.96,
INV001423,INV1,PO05183,V315,2024-01-26,78494.68,POSTED
INV001424,INV1,PO05532,V100,2024-07-20,87944.21,Cancelled
INV001425,inv2,PO02611, V388,2023-02-18,46487.54,POSTED
INV001426,INV2,PO07698,V204,2023-10-05,89361.65,POSTED
INV001427,INV2, PO06757,V019,2023-03-20,38486.83,POSTED
INV001428,INV2,PO03712,V357,2023-01-04,84117.1,CANCELLED
INV001429,INV1,po06491,V352,2023-02-20,46925.82,POSTED
INV001430,inv1,PO06693,V127,2024-09-04,35861.11,Cancelled
INV001431,INV1,po00372,V437,2023-04-02,34337.13,CANCELLED
INV001432,INV2 ,PO06313,V360,2023-04-08,82802.51,CANCELLED
INV001433,INV1,PO02940,V071,2024-12-14,25485.73,
INV001434,inv2,po00563,V378,2023-04-22,30242.27,
INV001435,INV2,PO02958,V393 ,2023-05-31,59010.16,POSTED
INV001436,inv2,po04766,V240,2024-08-20,88276.91,posted
INV001437, INV1, PO01747,V438,2024-03-10,84687.97,POSTED
INV001438,INV2,PO06081,V098 ,2023-12-23,32831.85,Cancelled
INV001439,INV1,PO06350,v047,2024-02-09,79470.21,
INV001440,INV2 , PO01025,V009,2023-11-20,36960.57,
INV001441,INV1,PO04192 ,V064,2024-10-29,90849.36,Cancelled
INV001442,INV2,PO06052,V469,2024-08-17,73130.53,
INV001443,INV2,PO07340,V179,2024-08-24,74856.42,POSTED
INV001444,INV1 ,PO05087,v182,2023-02-28,,Cancelled
INV001445,INV2 ,PO02640,V311,2023-09-11,61128.39,
INV001446,inv2,PO02221,V393,2024-06-13,39396.56,
INV001447,INV1 ,PO07104,v470,2024-09-13,66766.52,POSTED
INV001448,INV1,PO02220,V261,2023-05-21,64820.52,POSTED
INV001449,INV2, PO01440,V337,2024-10-05,52934.1,POSTED
INV001450,INV2,PO04751,v215,2023-11-29,40011.04,Cancelled
INV001451,INV2,PO03715, V480,2023-10-15,7830.84,POSTED
INV001452,INV1,PO03500,V453,2023-08-09,76848.73,
INV001453,INV1 ,PO05968 ,V293,2023-01-28,744.62,CANCELLED
INV001454,INV1,PO03839,V137,2024-10-02,,CANCELLED
INV001455,INV1,PO02628, V231,2024-08-12,71661.42,POSTED
INV001456,inv2,PO03113,V188 ,2024-09-12,27919.4,Cancelled
INV001457,INV2 ,po04628,V192,2023-05-07,,
INV001458,INV2,po05694,V453,2023-06-25,27328.45,posted
INV001459,INV2 ,PO00339,V125,2024-10-10,29205.56,
INV001460,INV1, PO07373,V077,2023-09-02,51762.84,posted
INV001461,INV2, PO02686,v034,2023-09-24,65075.88,POSTED
INV001462,INV1,PO06361,V238,2023-12-02,85293.03,
INV001463,INV2,PO05814,V218,2023-04-19,59791.71,posted
INV001464,INV1,PO06717,V171,2023-07-27,94185.88,Cancelled
INV001465,INV2, PO03837,V414 ,2024-12-11,46280.21,Cancelled
INV001466,inv2,PO03857 ,V209,2024-10-19,56781.72,POSTED
INV001467,INV1,PO03104,V093,2023-05-19,8473.73,CANCELLED
INV001468,inv1,PO03665 ,V012,2024-08-22,35879.41,
INV001469,INV1,PO03959,V086,2023-06-13,26480.85,Cancelled
INV001470, INV2,po04102,V133,2024-06-30,3427.52,Cancelled
INV001471, INV2,po03658, V420,2023-01-06,30264.03,POSTED
INV001472,INV1,PO05741,V009 ,2024-03-20,33025.05,POSTED
INV001473,INV2,PO01288, V141,2024-01-25,15681.89,
INV001474,INV1,PO04828,V143 ,2023-03-02,15298.29,CANCELLED
INV001475, INV2,PO00469,V089,2023-03-23,74751.21,
INV001476,INV2,po05744,v356,2024-12-17,56661.99,posted
INV001477,INV1,PO07553,v348,2023-08-10,46808.19,CANCELLED
INV001478,INV2,PO06406,V244,2023-01-01,,
INV001479,INV2 ,PO00233,V122,2024-10-04,93330.47,POSTED
INV001480,inv2,po07077,V483,2023-07-18,22634.97,POSTED
INV001481,INV1,PO04327,v175,2023-01-31,31954.88,
INV001482,INV2, PO03019, V398,2023-05-09,49830.98,
INV001483,INV1,po06019,V205 ,2024-09-11,25337.6,Cancelled
INV001484,INV2,PO03926,v238,2023-12-30,67948.23,POSTED
INV001485,INV1,PO02357,v297,2024-12-30,49209.54,Cancelled
INV001486,INV1, PO06428,V119,2024-07-30,29713.0,POSTED
INV001487,INV2,PO06362 ,V170,2023-11-15,44690.92,posted
INV001488,INV1,PO01991,v318,2023-08-20,51776.15,
INV001489,INV1,po03684,V484,2023-06-04,82367.68,Cancelled
INV001490, INV1,po01263,V164,2023-01-16,49849.9,Cancelled
INV001491,inv1,PO03912, V295,2024-05-13,88015.59,POSTED
INV001492,INV2 ,po05765,V094 ,2024-09-10,76373.19,POSTED
INV001493,INV1,PO07003 ,V122,2023-02-15,78001.61,CANCELLED
INV001494,INV1, PO02882,V182,2023-11-04,71595.97,Cancelled
INV001495,inv2,PO06783,v182,2023-11-20,32129.98,posted
INV001496,INV2 ,PO01991,V452,2024-01-06,21117.6,CANCELLED
INV001497, INV2,PO05497 ,V001,2023-06-20,44816.99,
INV001498,INV2 ,PO07261 ,V194,2023-12-20,56455.96,Cancelled
INV001499,INV2,PO07587,V207,2024-06-16,2957.48,CANCELLED
INV001500,INV1,PO01346,V475,2024-07-17,,CANCELLED
INV001501,INV1,po00729,V493,2024-08-28,16470.53,posted
INV001502,inv2,PO04604 ,V177,2024-07-02,12855.87,POSTED
INV001503,INV1,PO07940,V040,2024-06-07,37042.13,
INV001504,INV1,PO04697 , V364,2024-05-03,50400.58,posted
INV001505, INV1,, V085,2023-07-11,,POSTED
INV001506,inv1,PO03771,V266,2024-04-04,54475.59,posted
INV001507, INV1, PO04414,V045,2023-08-09,48963.56,Cancelled
INV001508,INV2,PO06423,V339,2024-02-08,19106.58,CANCELLED
INV001509, INV1,PO06139,V037,2024-01-25,91065.3,POSTED
INV001510,inv2,PO03008,V117,2024-03-21,59030.6,CANCELLED
INV001511,INV1,PO01982 ,v376,2024-10-31,82654.7,Cancelled
INV001512,INV1 ,PO07519 ,V057,2024-06-27,18641.96,POSTED
INV001513,INV2,PO03646,V047,2023-11-24,21116.4,Cancelled
INV001514, INV1,po05336,V369,2023-03-18,,CANCELLED
INV001515,inv2,PO06771,V280,2023-01-13,67635.95,
INV001516,INV1 , PO02953,V479,2023-05-21,83655.42,POSTED
INV001517,INV2,PO07068,v207,2023-04-15,79960.79,
INV001518,inv2,PO06430,V309 ,2023-11-30,51661.58,Cancelled
INV001519,INV2 ,PO07845, V434,2024-06-26,14578.08,POSTED
INV001520,inv2,PO01072,V107 ,2023-01-03,63349.16,
INV001521,INV2,PO06615,V025,2024-09-10,11386.7,Cancelled
INV001522,INV2 ,po04700, V041,2024-10-09,84919.73,
INV001523,INV1 ,PO00454,V115,2023-01-02,49953.56,posted
INV001524, INV1,PO04709,V149 ,2023-04-21,34612.94,
INV001525,INV1, PO02017,V102,2023-08-25,46610.26,POSTED
INV001526,INV2 , PO01219,V263,2024-11-24,58672.5,
INV001527,inv1,PO06615,v005,2024-06-20,2749.72,CANCELLED
INV001528,INV2,po03705,V371,2024-02-29,93801.95,posted
INV001529,INV2,po04387, V285,2024-08-09,26913.01,
INV001530,INV2,po00664, V221,2023-03-27,17935.05,POSTED
INV001531, INV1, PO03747, V004,2023-11-04,48656.63,POSTED
INV001532,INV1 , PO06371,V051,2024-12-08,35241.26,Cancelled
INV001533, INV1,po03982,v435,2024-05-11,36083.62,CANCELLED
INV001534, INV1, PO05609,v007,2024-07-29,65180.91,POSTED
INV001535,INV1 ,PO07066,V103,2024-05-07,46230.01,CANCELLED
INV001536,INV1 ,PO05594,V328,2023-10-13,91127.09,
INV001537,INV2, PO01477,V418,2024-04-25,33944.38,
INV001538,inv2,PO04266, V209,2024-08-15,54361.65,posted
INV001539, INV2,PO01893,V275 ,2023-07-25,87488.98,POSTED
INV001540, INV2,PO00827,V272,2024-03-31,17328.49,CANCELLED
INV001541, INV2, PO04122,V472,2023-03-06,78075.42,CANCELLED
INV001542,INV2,PO04159,V393,2023-08-17,54997.21,Cancelled
INV001543,inv1,po02182,V178,2024-04-11,,posted
INV001544,INV1 ,PO06308,V229 ,2023-05-30,46918.38,
INV001545,INV1,PO04970 ,v059,2023-04-27,82778.97,Cancelled
INV001546,INV2,PO07295,V382,2023-08-04,86157.05,Cancelled
INV001547,inv2,PO00387 ,v276,2023-05-29,37186.7,
INV001548, INV1,PO05707,v125,2023-05-20,15594.07,
INV001549, INV2,PO05026,V395,2024-08-24,24641.01,posted
INV001550,INV1 ,PO07785, V075,2024-04-11,27931.39,posted
INV001551,INV2,PO01665,V237,2024-12-31,58213.35,posted
INV001552,inv1, PO07109,V257,2023-06-17,37984.64,Cancelled
INV001553,INV2,PO03475 ,V065,2023-01-15,63550.38,Cancelled
INV001554,inv1,PO02495 ,V039,2024-08-31,22885.77,
INV001555,INV1,PO03543,V275,2023-08-08,74861.88,CANCELLED
INV001556, INV1,PO03925, V205,2023-03-18,79579.31,POSTED
INV001557,INV2,po06541,V129,2024-10-29,80707.62,
INV001558,INV2 ,PO01292,V023 ,2024-04-29,24564.86,posted
INV001559, INV2, PO07138,V418,2023-10-10,38145.44,posted
INV001560, INV2, PO02782,v162,2023-11-15,72437.52,POSTED
INV001561, INV1,PO01037, V044,2023-05-03,33256.82,CANCELLED
INV001562,inv1,PO01224,V055,2024-06-21,48705.46,
INV001563,INV2,PO04718,V251,2024-04-07,43551.21,
INV001564,INV1,PO03629,V438,2024-06-09,93654.26,CANCELLED
INV001565, INV2,PO00507,v358,2024-05-04,89312.4,POSTED
INV001566,INV2,PO03189,V289,2024-01-06,53839.15,CANCELLED
INV001567,INV2 , PO00631,v500,2023-10-27,74976.25,
INV001568,INV1,PO00496, V026,2023-06-15,22242.86,Cancelled
INV001569,inv1,PO00761,v333,2024-04-18,68575.92,Cancelled
INV001570,INV1, PO04265,V289,2023-12-04,69628.26,POSTED
INV001571,INV1,,V219 ,2023-09-22,76723.6,posted
INV001572, INV1,PO01757 ,v092,2023-01-29,58637.6,CANCELLED
INV001573,INV2,PO02299,V136,2024-05-08,41858.67,POSTED
INV001574,inv2,PO04017,V285,2023-09-25,84471.21,posted
INV001575,inv1,PO01154,V441,2023-09-30,18911.83,
INV001576,INV2,po01675,V437,2024-10-18,94746.43,
INV001577,inv2, PO06512,V451 ,2024-05-31,93419.69,posted
INV001578,INV2, PO03278,V373 ,2024-11-13,63224.45,posted
INV001579,INV1,PO01742,V259,2024-08-08,11281.45,POSTED
INV001580,INV2 , PO07626,V332,2024-09-22,82931.4,
INV001581,INV1 ,PO00791,V394,2024-12-02,17476.4,posted
INV001582,INV2 ,PO04587 ,V476 ,2023-05-16,15578.33,CANCELLED
INV001583,INV2,PO02010,V227,2024-03-04,78282.7,Cancelled
INV001584,INV1,po06737,V023,2023-09-23,20846.5,POSTED
INV001585,INV1,PO04908,V446,2024-07-28,76847.05,
INV001586,INV1,PO01756 , V367,2023-11-19,21131.29,CANCELLED
INV001587,inv1,PO07115 , V168,2023-07-23,22983.22,posted
INV001588,inv2,PO02443 ,v257,2023-09-21,5135.31,CANCELLED
INV001589,INV1,PO03941,V249,2024-10-26,61811.91,CANCELLED
INV001590,INV2,PO06474 ,V215,2023-02-13,12604.68,CANCELLED
INV001591,INV1, PO03054,V205,2023-11-17,72622.7,posted
INV001592,INV2,po05623,V298,2024-02-21,17589.19,
INV001593,INV1 , PO07966,V281,2024-07-13,90134.54,Cancelled
INV001594,INV2 ,PO02333,V249,2023-10-23,14734.81,POSTED
INV001595,INV2,PO03500,V177,2024-10-14,46348.04,CANCELLED
INV001596,inv1,PO01039,V014 ,2023-01-19,68889.09,posted
INV001597, INV1,PO03346,V471 ,2023-03-03,4512.35,posted
INV001598,INV1,PO02048, V031,2023-10-03,31204.77,
INV001599,INV2,PO02461,V070,2024-11-05,57008.57,
INV001600,INV2,po03304,V312,2023-09-08,46892.31,
INV001601,inv2,PO06631 ,V297,2024-03-30,23825.42,CANCELLED
INV001602,inv2,po00634,V393 ,2023-03-17,,posted
INV001603, INV2,PO03441,V212,2023-02-18,68282.52,Cancelled
INV001604,inv1,po01146,v378,2024-12-28,50792.38,
INV001605,INV1,PO04078 ,V060,2023-08-27,35321.09,POSTED
INV001606,inv2,PO03132,V094,2023-04-26,5734.26,POSTED
INV001607, INV2, PO07505,V143,2024-07-19,64209.88,
INV001608,inv2,PO04246,V260 ,2024-02-13,79811.17,POSTED
INV001609,inv1, PO05547,V168,2024-06-04,25645.34,POSTED
INV001610,INV2 ,PO01979,V471 ,2024-11-03,57995.9,CANCELLED
INV001611,INV1,PO05762, V415,2024-07-06,3942.3,
INV001612,inv2,PO02167,V004,2023-12-31,44001.66,CANCELLED
INV001613,INV2,PO05783 ,V134,2024-07-23,73786.26,POSTED
INV001614,inv2,PO05222,v201,2024-11-30,22999.41,Cancelled
INV001615,INV2,PO01453,V260 ,2024-10-19,77714.01,CANCELLED
INV001616,INV2,po03970, V068,2024-08-03,38361.35,
INV001617,INV1 ,PO04941, V336,2024-07-01,64882.46,
INV001618,INV2 ,po00797, V171,2023-10-16,74115.62,Cancelled
INV001619,INV1,PO05891,V289,2024-12-19,5457.58,
INV001620,INV2,PO06282,V182,2023-02-28,11396.15,
INV001621, INV2,po03524, V143,2023-10-05,43645.93,POSTED
INV001622,INV1,PO00160,v106,2024-03-15,17766.48,POSTED
INV001623,INV2, PO05377, V424,2024-12-04,50784.91,CANCELLED
INV001624, INV1, PO06957, V175,2024-01-24,14428.07,
INV001625,INV1,PO05195 ,V066,2023-04-26,56032.58,posted
INV001626,INV2,PO01389,V081,2023-07-16,22585.87,CANCELLED
INV001627,INV1,PO06053 , V371,2023-03-22,91919.75,posted
INV001628,INV1,PO02672 ,V017,2024-08-31,8060.74,CANCELLED
INV001629,INV1,PO03560 , V426,2024-09-08,94684.95,posted
INV001630,INV2 ,PO03797,V408,2023-01-01,,posted
INV001631,INV2, PO00377,V322,2023-03-06,47499.83,POSTED
INV001632, INV1,PO03461 ,V212,2023-12-22,52989.84,
INV001633,INV1,PO07395,V319,2023-01-12,32587.32,Cancelled
INV001634,INV1,PO04253,V305 ,2024-02-27,34564.29,CANCELLED
INV001635,INV1 ,po07483,v382,2023-04-06,56313.29,CANCELLED
INV001636,INV1,PO05262,v439,2024-11-23,46645.92,posted
INV001637,INV1,PO06578 ,V223,2024-07-22,51310.88,Cancelled
INV001638,inv2,PO04388,V391,2023-08-30,36875.47,
INV001639,INV1,PO05536,V421,2024-02-10,39681.77,
INV001640,inv1,PO05472,V093,2024-04-16,92090.42,POSTED
INV001641,inv1,PO04899,V101,2024-07-14,25636.34,
INV001642,INV1,PO00721,V475,2023-08-23,33328.75,posted
INV001643,INV1, PO00663,V047,2024-07-07,70853.13,Cancelled
INV001644,INV1,PO05659,V358,2024-12-15,84793.37,posted
INV001645,inv1, PO01021,V063,2024-03-28,40168.34,CANCELLED
INV001646,INV2,PO01829,V151 ,2023-09-20,,
INV001647,INV2,PO00578 ,V365,2023-12-06,87361.38,Cancelled
INV001648,INV2,PO01475,v109,2024-06-18,14822.2,CANCELLED
INV001649,INV2,PO05461 ,V093,2024-09-26,19599.2,posted
INV001650,INV2 , PO01555,V248,2023-11-11,11671.57,POSTED
INV001651,inv1,PO07779, V290,2024-05-21,74645.0,Cancelled
INV001652,INV2 ,PO07128,V329 ,2023-05-07,84714.93,CANCELLED
INV001653,INV1, PO05095,V248,2024-08-26,77439.3,posted
INV001654, INV1, PO02855,V057,2023-08-08,89508.17,posted
INV001655, INV2,PO02062, V346,2024-11-16,55956.92,
INV001656,inv2,PO00755,V357 ,2024-01-01,,Cancelled
INV001657,INV2,po03420,V258,2023-09-15,53579.57,Cancelled
INV001658,INV1,PO02100,V293,2023-02-10,2583.22,Cancelled
INV001659,INV1,PO04285,V455,2024-09-17,37999.51,POSTED
INV001660,INV1 ,PO06904,V314,2023-06-16,65158.5,
INV001661,INV2,PO03329,V093,2023-05-05,9442.7,posted
INV001662,INV2 ,PO07529,V095,2024-04-04,88309.05,CANCELLED
INV001663,INV1,PO03104,V101 ,2024-12-05,3505.94,CANCELLED
INV001664,inv1, PO01765, V036,2024-07-15,44146.21,Cancelled
INV001665,INV2,PO05472 ,v250,2024-07-27,87328.51,
INV001666, INV1,PO05465, V384,2024-11-19,4326.94,posted
INV001667,INV1,PO03221,V167,2024-10-19,36761.52,POSTED
INV001668, INV1,po03664,V426,2024-12-28,89727.09,POSTED
INV001669,INV1 ,PO04145, V072,2023-06-03,37500.02,POSTED
INV001670,inv2, PO01184,V271,2024-06-10,23038.42,
INV001671,INV2,PO01596,V401,2024-12-07,58320.65,CANCELLED
INV001672,INV2 ,PO00925, V359,2024-03-27,74146.87,Cancelled
INV001673,inv1,PO06100,V324 ,2023-11-23,94321.23,POSTED
INV001674,INV2 ,po00029, V115,2024-01-03,,posted
INV001675,inv1,PO00733,V363,2023-08-07,24957.7,POSTED
INV001676, INV2,PO00950,V185,2024-09-06,60956.14,CANCELLED
INV001677,INV1,PO00978,V258,2024-02-09,22340.91,CANCELLED
INV001678,INV1,PO02262 ,V185,2024-09-22,30669.6,posted
INV001679,INV1,PO07222,v004,2023-04-11,38882.22,CANCELLED
INV001680,INV1 ,PO03837,V302,2024-06-22,86918.33,Cancelled
INV001681,INV1 ,PO04997, V051,2024-04-08,20326.05,CANCELLED
INV001682,inv1,PO06501,V156,2024-12-21,12293.41,Cancelled
INV001683, INV1, PO05449,V454,2023-12-18,55432.79,Cancelled
INV001684,INV2,po00595,V344,2024-08-27,22592.44,POSTED
INV001685, INV1,po04807,V374 ,2023-09-02,65608.87,Cancelled
INV001686, INV2,po03523, V308,2023-10-09,22992.89,
INV001687,inv1,PO03831,V160,2023-05-29,85446.43,POSTED
INV001688,INV2, PO06453,V453,2024-07-29,55231.59,posted
INV001689,inv1,PO04039 ,V130,2023-06-20,42426.9,
INV001690,INV2,PO03243,V401,2024-07-13,5648.02,CANCELLED
INV001691,INV1 ,PO01062,V349,2024-07-31,29324.33,
INV001692,INV1,PO01940,V394,2024-05-15,75674.48,Cancelled
INV001693,INV2,PO01111,v385,2023-06-17,68328.97,POSTED
INV001694,INV2 ,PO04907 ,V471,2024-02-01,91604.27,CANCELLED
INV001695, INV1,PO04528,V327 ,2024-08-17,71783.09,posted
INV001696,INV2,po07961,v287,2023-03-29,68635.73,Cancelled
INV001697,INV2 ,PO06341 ,V031,2024-07-30,1758.32,
INV001698,INV1,PO03568,V476,2024-10-25,17203.42,posted
INV001699,INV1,PO03296, V390,2024-07-24,78249.73,Cancelled
INV001700,INV1 ,PO06738,v374,2023-04-23,20740.73,CANCELLED
INV001701, INV1,PO04824 ,V342,2023-02-25,32368.93,
INV001702, INV2, PO05730,V500,2023-10-04,10255.43,
INV001703,INV1,PO01607,V020,2024-09-21,92510.84,CANCELLED
INV001704,INV2, PO03104,V250,2024-10-29,45081.56,Cancelled
INV001705,INV2 ,PO01690 ,V234 ,2024-03-20,69882.22,posted
INV001706,INV1,po04706,V239,2023-09-28,12425.93,CANCELLED
INV001707,INV1 ,PO02084,V474 ,2024-03-13,69653.88,posted
INV001708,INV2 ,PO00911,V030,2024-05-28,86356.17,
INV001709,INV1,PO01388,V330 ,2024-07-28,37673.95,Cancelled
INV001710, INV1,PO06359,V104 ,2023-06-13,94542.2,posted
INV001711, INV1,PO04042,V363,2024-07-30,22572.81,posted
INV001712,INV2,po06095, V003,2024-03-22,16404.47,POSTED
INV001713,INV1,PO00300,v226,2023-10-28,,posted
INV001714,INV1, PO02470,V370,2024-12-01,88356.23,CANCELLED
INV001715,inv1, PO03205,V481 ,2023-04-16,86246.44,
INV001716,INV1,PO05215, V343,2023-09-06,12940.93,
INV001717,inv1,PO04934,V072,2023-03-29,74173.04,
INV001718,INV2,PO07734,V432,2024-02-02,16295.82,
INV001719,inv1,PO02934,V335,2023-08-13,11183.47,
INV001720,INV2 ,PO06005 ,V490,2024-05-29,2658.06,Cancelled
INV001721,INV2, PO00724,V452,2024-06-01,40629.82,Cancelled
INV001722,INV1,PO01707,V416,2023-06-25,37429.17,posted
INV001723,inv1,PO00521,V044 ,2023-02-09,58693.06,
INV001724,INV1,PO00528 ,V332,2023-06-01,92028.14,CANCELLED
INV001725, INV1,PO01076,V213,2023-01-01,35645.06,posted
INV001726,INV1,PO03040,V017,2023-01-05,21807.38,CANCELLED
INV001727,INV2 ,PO02056,V492,2023-01-28,,CANCELLED
INV001728,INV2,PO06258,V489,2024-04-13,76333.46,Cancelled
INV001729, INV2, PO06565,V049,2023-02-01,25664.31,Cancelled
INV001730, INV1,po05051,V256,2023-05-18,51148.56,CANCELLED
INV001731,INV1,PO05201,V045,2024-03-08,14422.29,posted
INV001732,INV2 ,po06373,v229,2024-03-17,43700.65,Cancelled
INV001733,inv2,PO02266, V353,2024-12-20,78048.31,POSTED
INV001734,INV2,po05024,V177 ,2024-01-16,68530.1,CANCELLED
INV001735,inv2,PO02089, V255,2024-04-05,74461.9,POSTED
INV001736,INV2, PO06067,V100,2024-05-23,47135.76,posted
INV001737,INV1,po03653,V327,2024-03-25,27096.05,
INV001738,INV1,po07213,V019 ,2024-08-13,49568.4,posted
INV001739,INV1,PO02113,V496,2023-06-21,37600.82,
INV001740,INV1,PO03763,V383,2024-03-12,63683.25,CANCELLED
INV001741,INV2 ,PO01819,V395,2024-08-17,94518.11,Cancelled
INV001742,INV1,PO00944,V110,2023-11-02,4378.15,Cancelled
INV001743,inv2,po00943,v440,2024-07-29,6061.25,POSTED
INV001744,INV1 ,PO06301,V334,2023-05-26,61039.74,posted
INV001745, INV2,PO00720, V120,2024-02-19,49190.45,posted
INV001746,inv1,PO01373,V251,2023-06-17,6967.7,
INV001747, INV2,PO00684,V248,2023-12-23,70823.21,CANCELLED
INV001748,INV2 ,PO05171 ,v271,2024-09-04,21607.56,CANCELLED
INV001749,INV1,PO00898,V060,2024-08-29,43419.02,Cancelled
INV001750,inv1,PO00862 ,V282,2024-06-28,58419.91,POSTED
INV001751, INV1, PO04730,V078,2023-10-05,84367.94,POSTED
INV001752,INV2,PO04078,v031,2023-06-13,21191.64,POSTED
INV001753,INV2, PO04958,V299 ,2024-04-11,5177.15,
INV001754,INV2,PO05984 , V361,2024-07-23,43287.69,CANCELLED
INV001755,INV1 ,po07628,v371,2024-01-27,15142.34,Cancelled
INV001756,INV2 , PO04840,V486,2023-06-22,38999.02,posted
INV001757,,PO05416,v306,2024-01-12,54700.78,POSTED
INV001758,INV1,PO04733,v433,2024-12-10,37551.09,posted
INV001759, INV2,PO04347,v001,2023-02-16,28512.79,POSTED
INV001760,INV2, PO01083,V249,2024-10-19,1714.4,POSTED
INV001761,INV1,PO07974,V163,2024-02-02,8966.17,
INV001762,INV2,PO01880,,2023-09-22,64956.93,posted
INV001763,INV1 ,po01514,V056,2024-11-06,15957.51,Cancelled
INV001764,inv2,PO05192, V328,2024-07-29,6489.54,POSTED
INV001765,INV2,PO06966,V145,2023-07-15,94855.02,Cancelled
INV001766,INV1,PO07937,V488 ,2024-10-28,35617.56,posted
INV001767,INV1,PO06271,V094 ,2023-04-15,52664.15,POSTED
INV001768,INV1, PO03788,V350,2023-08-21,12348.03,
INV001769,INV1,po00951,V120,2024-11-23,24508.25,CANCELLED
INV001770,INV2,PO05622,V083 ,2023-10-05,79421.55,POSTED
INV001771,inv1,PO05585,V277,2023-10-27,55746.11,Cancelled
INV001772,inv2, PO06326,V269,2024-07-08,54604.94,CANCELLED
INV001773,inv2, PO01247,V442,2024-04-02,35698.89,CANCELLED
INV001774, INV1, PO00719,V153,2024-12-26,84971.47,Cancelled
INV001775,INV2, PO00121,v139,2024-08-27,36332.13,POSTED
INV001776,INV2,PO00588,V013,2023-10-23,61984.02,posted
INV001777,INV2,PO04606,V492,2023-02-03,50309.78,posted
INV001778, INV2,PO05265 , V326,2023-03-02,59456.34,CANCELLED
INV001779,INV1,PO01669,V482,2024-10-12,42018.34,CANCELLED
INV001780,INV2,,V096 ,2024-06-25,90168.68,Cancelled
INV001781,inv1,PO02052,V236,2024-06-17,58785.76,
INV001782,INV1,PO07230,V230,2023-08-19,74092.66,CANCELLED
INV001783,INV2, PO05429,V092 ,2024-04-12,71236.72,CANCELLED
INV001784,INV1, PO07589,V454,2023-09-27,18431.37,
INV001785,INV1 ,po06995,v442,2024-08-01,89162.57,CANCELLED
INV001786,inv2,PO03287,V440,2024-04-08,93422.16,posted
INV001787,inv1,PO06028,v416,2024-12-30,4793.34,Cancelled
INV001788,INV2,PO03769 ,V008,2023-04-25,82585.22,Cancelled
INV001789,INV1,PO06559,v250,2024-04-19,,posted
INV001790,INV2,PO01143 , V051,2024-08-17,,Cancelled
INV001791,INV2,PO07279, V132,2024-10-01,90239.43,CANCELLED
INV001792,inv2,PO02666,V081,2024-07-29,85706.69,Cancelled
INV001793, INV2,PO07279,v019,2023-06-04,22914.55,CANCELLED
INV001794,INV2 ,PO00415,V325,2023-11-06,90505.88,Cancelled
INV001795,INV2 ,PO07489,V407,2023-04-17,32735.99,
INV001796,inv1,PO03021 ,V419,2023-12-28,697.18,posted
INV001797, INV1,PO03710,V281,2024-06-17,87306.82,posted
INV001798, INV1,PO00475,V053,2023-02-27,13327.34,Cancelled
INV001799, INV2,PO07360,V117,2024-06-09,2672.27,POSTED
INV001800, INV2,PO04229, V469,2024-05-15,27523.85,posted
INV001801,INV2,PO04306,V341,2023-10-09,48801.85,POSTED
INV001802, INV1,PO07867 ,v338,2023-09-13,51135.43,CANCELLED
INV001803,INV2,PO07024,V485,2024-07-12,6256.09,posted
INV001804,INV1,PO00527,V179,2024-06-03,11067.89,CANCELLED
INV001805,INV2,PO06202, V128,2023-03-21,54322.87,Cancelled
INV001806, INV2,PO00176 ,V494,2023-06-19,28582.92,CANCELLED
INV001807,inv2,PO01929,V234 ,2024-10-22,86106.99,POSTED
INV001808,INV2,PO05946,V281,2024-10-09,60766.37,POSTED
INV001809,INV1,PO04915 ,V176,2024-10-15,7120.19,CANCELLED
INV001810,inv2,PO02158 ,V440,2024-01-04,68760.72,CANCELLED
INV001811, INV1,po06555,V070,2024-05-27,77247.97,
INV001812,inv2,PO01255,V256,2024-04-08,52868.54,CANCELLED
INV001813,INV2,PO02645, V450,2023-07-26,1982.84,POSTED
INV001814,INV1 ,po07685,V439,2023-11-16,48380.69,POSTED
INV001815,INV1,PO04965,V341,2023-03-17,36158.76,Cancelled
INV001816,INV2,PO05520,V067,2023-01-22,46732.68,CANCELLED
INV001817,INV2,PO04994,V125,2024-05-14,4871.04,CANCELLED
INV001818,INV1 ,PO06902,V138,2023-04-28,78889.45,
INV001819,INV2,,V201 ,2024-02-08,48817.87,CANCELLED
INV001820,INV1,po04220,V394,2024-05-06,33254.43,POSTED
INV001821, INV2,PO01308,V005,2023-08-16,44538.94,Cancelled
INV001822,inv1,PO03691,V460,2023-03-15,18749.48,
INV001823,inv2,PO04724,V402,2023-04-01,13510.09,posted
INV001824,INV1 ,PO03177,V236,2024-12-26,65791.91,Cancelled
INV001825,inv2,PO01876, V168,2024-09-15,26083.35,POSTED
INV001826,,PO07825,V153 ,2024-04-17,20263.16,
INV001827,INV1,PO05000,V196,2023-11-12,49806.82,CANCELLED
INV001828,INV2 , PO04563,V442,2023-04-13,59174.59,POSTED
INV001829,inv2,po00086,V403 ,2024-09-13,14393.1,POSTED
INV001830,INV2 ,PO04745,V029,2024-10-25,75791.45,
INV001831, INV1,po04232,V490,2024-07-12,14905.6,CANCELLED
INV001832,INV2 ,PO01068,V458 ,2024-01-20,74696.33,Cancelled
INV001833,INV1,PO05287 ,V252,2024-04-06,2792.14,POSTED
INV001834,INV1 ,po02338,V106,2024-06-29,94828.3,posted
INV001835,INV1,PO06598, V049,2023-09-25,41418.14,
INV001836, INV1,PO05825 ,V288,2024-12-06,69191.33,CANCELLED
INV001837,INV2,PO01459 ,V264,2023-04-13,89621.87,posted
INV001838,INV1 ,PO01223,v219,2024-07-28,41554.86,posted
INV001839,INV2, PO05754,V470,2024-06-30,49656.0,Cancelled
INV001840,INV1,PO04149,V088,2023-09-26,90043.43,posted
INV001841, INV2,PO07694 ,v064,2024-01-16,93426.33,Cancelled
INV001842,INV2,PO06492,V454,2024-11-02,75866.27,POSTED
INV001843,INV1,PO00681,V390,2024-05-13,5254.79,posted
INV001844,inv2,PO04512,V297 ,2024-07-24,86054.26,Cancelled
INV001845,INV1,PO02169, V494,2023-05-12,74314.16,posted
INV001846,INV1,PO00677,V039,2024-08-02,79964.9,
INV001847,,PO05376 ,V327,2023-09-07,5642.45,POSTED
INV001848,inv1,PO07684,V341,2024-11-19,64618.19,
INV001849,INV2,PO05927,V436,2023-06-23,30140.43,
INV001850,INV1,PO03700,V391,2023-10-23,36822.06,posted
INV001851,INV1, PO00014, V360,2024-04-04,67764.03,CANCELLED
INV001852,INV1,PO01161 ,V231 ,2023-10-08,70696.36,Cancelled
INV001853,INV2,PO02261,,2024-02-12,32031.49,POSTED
INV001854,inv2, PO01314,V360,2024-10-31,89919.92,posted
INV001855,INV1,PO02831,V106,2023-01-14,1589.73,POSTED
INV001856,INV1,PO05774,V453,2023-01-11,64095.03,CANCELLED
INV001857,INV2,po02317,V427,2024-07-15,24247.42,posted
INV001858,INV2,PO02152,V385,2024-11-11,17953.11,CANCELLED
INV001859,INV1,PO05579 ,V384 ,2023-07-30,86389.03,CANCELLED
INV001860,inv2,PO06685,V231,2024-07-02,7620.08,posted
INV001861,INV2,PO03380 , V428,2024-03-21,27888.8,POSTED
INV001862,INV2, PO05125,V172 ,2023-01-04,25477.27,POSTED
INV001863,inv1, PO06940,V110,2024-10-15,60018.24,POSTED
INV001864,INV2 ,PO02122, V356,2024-08-22,49467.12,Cancelled
INV001865,INV2,po02484,V236,2024-03-16,92882.1,posted
INV001866,inv1,PO01264,V209,2023-11-12,92066.7,
INV001867,INV1 ,po03995,V213 ,2023-01-08,61205.39,POSTED
INV001868,INV2,PO06510,v410,2024-03-06,10422.81,posted
INV001869,inv1,po07729,V033,2023-10-28,,CANCELLED
INV001870,INV1 ,PO02772, V062,2024-10-12,62946.37,CANCELLED
INV001871,INV2,PO01801, V118,2024-06-22,37041.36,Cancelled
INV001872,inv1,PO06570,V049,2024-10-27,78804.12,Cancelled
INV001873,INV1,PO01765,v373,2023-01-07,,CANCELLED
INV001874,INV2 , PO02441,v131,2023-01-31,90790.77,Cancelled
INV001875, INV2,po01302,v330,2023-12-09,68531.13,Cancelled
INV001876,INV1 ,PO01876 ,V474 ,2024-09-23,30681.6,CANCELLED
INV001877,INV2,PO00494,V232,2023-07-30,13944.55,POSTED
INV001878, INV2,PO06677,v023,2024-07-02,22419.67,
INV001879,inv2,PO02137,V370,2023-08-30,42841.1,POSTED
INV001880,INV1,PO03896,v080,2024-03-07,63581.23,CANCELLED
INV001881,INV2,PO04063,v429,2023-09-04,63862.07,
INV001882,INV2,PO07865 ,V437 ,2023-09-29,81011.9,
INV001883,INV2,PO00091 ,V250,2023-04-11,80721.67,posted
INV001884,INV1 , PO05807,v247,2023-12-26,63091.08,
INV001885,INV2,PO02409,V042,2024-09-09,90126.02,CANCELLED
INV001886,INV2,PO00021,V120,2024-06-11,28643.51,POSTED
INV001887, INV1, PO01694,V283,2023-11-10,83280.34,CANCELLED
INV001888,inv1,PO07317,V046,2023-04-20,73349.29,CANCELLED
INV001889,INV2 ,PO04634,V328,2023-11-01,76235.06,CANCELLED
INV001890,inv1, PO02316, V126,2023-06-15,94524.47,POSTED
INV001891,INV1,PO04800,V459,2024-10-18,36510.29,CANCELLED
INV001892,inv1, PO07517, V179,2023-10-31,39297.7,
INV001893, INV2,PO04301 ,V337 ,2024-02-19,65514.9,POSTED
INV001894,INV1,PO07516 ,V341 ,2023-10-16,,
INV001895,INV2,PO04466,V457,2023-11-30,60409.0,CANCELLED
INV001896,INV1,PO07535, V298,2023-06-05,38570.37,Cancelled
INV001897,INV1,po07931,V014,2023-05-30,12602.54,Cancelled
INV001898,inv1,PO06360,v032,2024-10-05,50670.82,Cancelled
INV001899,INV1,PO02811,V482,2023-01-19,68306.15,Cancelled
INV001900,INV2,PO04001, V480,2024-05-08,28722.57,posted
INV001901,INV2, PO03765,V424 ,2023-03-25,12869.41,posted
INV001902,INV1,po02139,v314,2024-02-15,73599.19,CANCELLED
INV001903, INV2,po06130, V270,2023-07-20,55989.51,
INV001904,INV1,po06741, V206,2023-12-15,5288.78,
INV001905,inv1,PO06024, V424,2024-07-11,88473.58,posted
INV001906, INV2,po05850,V038 ,2023-12-25,61416.85,posted
INV001907,INV2 ,PO00182,V019 ,2024-12-01,38295.96,CANCELLED
INV001908,INV1,PO05485,V373,2024-03-25,26529.48,CANCELLED
INV001909,INV1 ,PO06909, V050,2024-02-29,2224.42,POSTED
INV001910,INV1,PO04383,V138 ,2024-12-13,37477.1,posted
INV001911,INV2 ,PO00778,V060,2024-11-20,21362.12,posted
INV001912,INV2 ,PO03802 ,v301,2024-07-05,21643.6,posted
INV001913,INV2,PO04951,V178,2024-04-27,25745.62,posted
INV001914,INV2,PO05554, V304,2023-09-21,80180.98,
INV001915,INV1,PO04528,V013,2023-10-05,93733.19,CANCELLED
INV001916,inv2,PO00315 ,V126,2023-07-28,55082.89,POSTED
INV001917,inv2,PO05189,V168,2024-04-13,50288.82,
INV001918, INV2, PO01124,V092 ,2023-05-26,71693.93,posted
INV001919,INV1,PO01637 ,V406 ,2024-05-14,77459.73,POSTED
INV001920,INV1,PO04064, V075,2023-12-15,52015.43,POSTED
INV001921,INV2 , PO06153,V331,2023-10-27,92959.3,Cancelled
INV001922,inv1, PO00252,V196 ,2024-05-06,874.76,Cancelled
INV001923,INV1,po06652,v045,2023-02-11,17603.68,CANCELLED
INV001924,INV2, PO00972,V041,2023-10-06,94786.26,POSTED
INV001925,INV1,PO04868 ,v234,2024-11-17,4531.57,Cancelled
INV001926,INV2,PO05268,V107,2023-10-07,13368.46,POSTED
INV001927,INV2,PO06280,V040,2023-08-28,78897.02,posted
INV001928,INV1 ,PO03196, V155,2024-11-21,27041.77,POSTED
INV001929,INV2,PO03986,V019 ,2024-03-27,72451.18,Cancelled
INV001930,INV1 , PO07177,V179,2023-03-15,31210.64,CANCELLED
INV001931,INV2,po01961,V397,2023-07-14,14139.4,Cancelled
INV001932,INV2 ,po06125,V398 ,2024-09-10,65079.35,posted
INV001933, INV1,PO05639,V457 ,2023-10-18,53639.52,CANCELLED
INV001934,INV2,PO06208,V398 ,2024-05-08,23212.54,
INV001935,INV1, PO06466,v150,2024-11-20,55690.18,CANCELLED
INV001936,inv2,PO04454,V194,2024-10-18,56162.98,posted
INV001937, INV1,PO00362,V441,2023-08-05,37090.34,POSTED
INV001938,,PO07190 ,v485,2023-07-31,33610.79,
INV001939,INV2,PO06130 ,V084,2023-05-11,2190.22,
INV001940,INV2,PO05625,v334,2024-09-16,73313.37,
INV001941,inv2,PO04137,V389,2023-09-16,78419.16,CANCELLED
INV001942,INV2,PO06675 ,V303,2023-01-21,29360.35,Cancelled
INV001943,inv2,PO00992,V326 ,2023-03-18,28093.91,
INV001944,inv1,PO04204,V407,2023-10-29,26741.48,
INV001945,INV2,PO07818,V366,2023-02-06,83084.42,Cancelled
INV001946, INV1, PO05440, V025,2024-08-21,68845.09,POSTED
INV001947,INV2,PO06789,V109,2024-05-18,78149.03,POSTED
INV001948,INV2,PO00274,v359,2024-11-09,12007.96,POSTED
INV001949,inv2,PO05343,V417 ,2024-09-15,21297.83,
INV001950,INV2,po02700,V209,2023-05-01,8370.73,posted
INV001951,INV1,po05957,V374 ,2023-04-14,5401.37,POSTED
INV001952,INV1 ,PO05303,v299,2023-08-08,26225.16,POSTED
INV001953,INV1,po06875,V095,2023-09-30,22327.16,Cancelled
INV001954,inv1,PO01048,V262,2023-01-24,8621.76,POSTED
INV001955,INV1,PO03177, V375,2023-01-15,10662.78,CANCELLED
INV001956,INV1,PO05400,V112,2024-10-13,52775.01,POSTED
INV001957,INV1,PO04134,V059,2023-07-07,66527.16,POSTED
INV001958,INV2,PO04160,V257,2024-03-19,23607.86,
INV001959,INV2,po07993,V210,2023-03-16,47607.51,POSTED
INV001960, INV1,PO07284,v475,2024-01-04,,posted
INV001961,INV1,PO04307,V165,2024-08-01,71809.34,Cancelled
INV001962,INV1,PO00009 ,V401,2023-03-08,41333.69,CANCELLED
INV001963,inv1,po02715,v056,2024-08-13,7876.58,posted
INV001964,inv2,PO03035,V187,2023-09-29,40085.17,Cancelled
INV001965,INV1,PO03165,V006,2024-01-27,90093.72,Cancelled
INV001966,INV2 , PO03080, V482,2024-05-11,62463.59,CANCELLED
INV001967,inv2,PO06196,V122,2023-06-23,36250.45,posted
INV001968,INV2 ,po01860,V454 ,2023-01-11,14367.32,CANCELLED
INV001969,INV2,PO05052,V294,2023-07-31,70313.27,CANCELLED
INV001970,INV1,PO05769 , V140,2023-12-02,87863.23,posted
INV001971,INV2,PO05423, V419,2024-12-02,76731.07,POSTED
INV001972, INV1,PO05808,V343 ,2023-09-09,82809.62,
INV001973,INV2,po06218,V074,2024-11-26,41417.58,POSTED
INV001974,INV1,po01564,V254,2023-08-27,56300.73,Cancelled
INV001975,INV2 ,PO05978 ,V075,2024-09-12,20276.92,
INV001976,INV1,PO02531, V160,2023-08-15,70393.2,POSTED
INV001977,INV2 ,PO07004,V203,2023-05-13,16403.85,posted
INV001978,inv1, PO03155, V329,2023-07-31,61440.26,
INV001979,inv1,PO05294,V492,2024-01-27,27174.5,posted
INV001980,inv1,PO02292 ,V400,2024-07-14,69052.5,CANCELLED
INV001981,INV2,PO01578, V464,2024-08-29,63504.78,CANCELLED
INV001982,INV1,PO02271, V260,2023-01-01,65360.58,CANCELLED
INV001983,INV1,PO07808 ,v204,2023-03-09,37195.57,POSTED
INV001984,INV2,PO00756, V270,2023-11-03,6241.26,POSTED
INV001985,INV2 ,PO02597,V217 ,2024-04-06,82536.49,posted
INV001986,INV1,PO07889,v137,2023-02-23,59715.59,posted
INV001987,INV2,PO05856,V247,2024-03-20,3540.53,posted
INV001988,INV1,PO04802, V470,2023-03-13,24825.45,Cancelled
INV001989, INV1,PO03099,V407,2024-05-12,64180.23,Cancelled
INV001990,INV1,PO03908 ,V490,2024-02-06,43990.34,posted
INV001991,INV1, PO03217,V085 ,2023-04-24,57862.11,CANCELLED
INV001992, INV2,PO03353 ,V106,2023-01-14,35875.5,Cancelled
INV001993,INV2 ,PO00917, V104,2023-11-10,3870.62,
INV001994,INV1,PO03279, V163,2023-12-01,13683.74,Cancelled
INV001995,INV1,po03919, V315,2023-12-23,31498.55,
INV001996,INV1,po01117,v356,2024-04-02,5805.54,POSTED
INV001997,inv1,PO05604,V383,2024-04-04,17588.26,CANCELLED
INV001998, INV1,po07576,V186,2024-03-02,75465.71,
INV001999,INV1,PO07582,V119,2024-02-04,19437.04,Cancelled
INV002000,INV2,PO04552,V306,2024-12-12,9732.79,
INV002001,INV2,PO05126,V408 ,2023-10-20,52303.31,
INV002002,INV2,PO01811,V153 ,2023-07-07,44021.27,
INV002003,INV1 ,PO06280,V287,2023-03-25,5002.14,posted
INV002004,inv2,PO01044,V223,2024-12-14,1401.39,Cancelled
INV002005,INV1,PO06094,V283,2023-03-26,28000.2,CANCELLED
INV002006,INV1,PO02174,V334,2024-05-27,11932.5,
INV002007,INV2,PO05185 ,v429,2024-07-23,19098.41,posted
INV002008,inv1, PO06617,V073,2023-08-10,30761.21,POSTED
INV002009,INV2 ,PO07939,V251,2023-07-28,79146.51,Cancelled
INV002010,INV1, PO07682,V387,2023-02-18,53115.27,
INV002011,INV1,PO02625 ,V493,2024-06-02,58099.63,posted
INV002012,INV2,PO05511,V440,2023-07-02,34440.23,POSTED
INV002013,INV2,PO07100,V406,2023-11-07,29810.39,POSTED
INV002014, INV1,po04919,v311,2024-03-07,76125.49,CANCELLED
INV002015,INV2 ,po06472,V310 ,2024-05-29,,POSTED
INV002016,INV2,po03931,V076 ,2023-06-23,70866.68,CANCELLED
INV002017,inv2,PO03580,V046 ,2023-02-25,77151.94,Cancelled
INV002018,INV1 ,PO07266,V162,2024-07-27,62837.24,POSTED
INV002019,INV1,PO00688, V303,2024-05-11,42370.6,posted
INV002020,INV2, PO01409, V372,2024-04-22,83877.73,POSTED
INV002021,INV1,po06648,V117,2024-01-20,73258.27,CANCELLED
INV002022,INV1,PO04729,V436,2024-11-05,65574.0,
INV002023,inv1,PO02856, V173,2023-02-19,82349.39,POSTED
INV002024,INV1,PO01417,V417,2023-12-13,68311.93,CANCELLED
INV002025,INV2,PO06943, V278,2024-12-14,27928.13,CANCELLED
INV002026, INV2,PO04746,V089,2023-04-12,6917.5,Cancelled
INV002027,INV2,PO04082,V431,2024-12-30,94367.56,CANCELLED
INV002028,INV2,PO07525,V253,2024-11-08,48759.98,POSTED
INV002029,INV2 ,PO01876, V377,2023-06-09,37495.75,
INV002030,INV2,PO04738,V121,2024-01-26,17054.44,CANCELLED
INV002031,INV1,PO04166 ,V122,2024-02-14,19211.42,
INV002032,INV2,PO02711,V296,2024-04-02,12580.08,POSTED
INV002033,INV2,po02763,V059,2024-03-07,,
INV002034,INV1,PO02927,V419,2023-10-05,11465.56,POSTED
INV002035,INV1,PO04817,v395,2024-06-05,61261.91,POSTED
INV002036,INV1 ,PO01307 ,V327 ,2023-11-17,73317.61,
INV002037,INV1,PO01605,V237,2024-03-29,52791.84,Cancelled
INV002038,INV1,PO06497,V328,2023-07-14,81158.42,POSTED
INV002039,INV2,PO03027 ,V193,2023-09-03,6195.72,Cancelled
INV002040,INV2 ,PO03356,V235,2024-07-03,31752.79,
INV002041,INV2,PO00273,V327,2023-12-25,7770.76,posted
INV002042,INV1,PO00795, V010,2023-06-01,50939.52,POSTED
INV002043,INV2,PO06169 ,V477,2024-11-18,32952.25,Cancelled
INV002044,INV2,PO02325,V136 ,2023-12-03,78764.45,Cancelled
INV002045, INV2,po06597,v384,2023-12-18,58225.32,CANCELLED
INV002046, INV1,PO02428,V082,2024-09-29,,Cancelled
INV002047,INV1,PO07927,V493,2023-05-10,91853.36,Cancelled
INV002048,INV2,PO05080,V076,2024-07-02,29837.6,POSTED
INV002049,INV1 ,PO01331,V241,2024-12-22,54694.83,
INV002050,INV1, PO06264, V381,2024-03-05,36127.37,posted
INV002051, INV1,po00344,V476,2024-03-04,78602.44,CANCELLED
INV002052,inv1,PO06354,v412,2024-04-11,51067.59,POSTED
INV002053,INV2,PO02412 ,V361,2023-09-13,48448.93,posted
INV002054, INV1,PO05922,V307 ,2023-05-24,34584.98,
INV002055,INV2,PO03853, V295,2023-08-06,93372.17,Cancelled
INV002056,INV1 ,po04523,V032,2024-09-15,29027.09,POSTED
INV002057,INV1,PO05120,v327,2023-10-28,36763.72,
INV002058,INV2,po01788,V087,2024-04-23,63858.11,posted
INV002059,INV1,PO03430 ,V221,2023-05-20,48991.17,posted
INV002060,INV1 ,PO05174,V339,2023-07-09,8040.49,posted
INV002061,INV2,po04722,V214,2023-09-24,10439.53,Cancelled
INV002062,inv1,PO01376,V265,2023-07-29,92729.2,CANCELLED
INV002063,INV1,PO04135,V210,2024-11-22,42042.02,posted
INV002064, INV1,PO01486,V144,2024-07-13,4533.82,posted
INV002065,INV2 ,,V012,2024-02-21,30824.11,posted
INV002066,INV1,PO04278,V436 ,2023-01-30,29014.67,CANCELLED
INV002067,INV1,PO01783,V410,2023-05-22,93221.3,CANCELLED
INV002068,INV1,PO04831,V464 ,2024-08-25,31684.75,CANCELLED
INV002069,,PO02390,V277 ,2024-05-07,75595.08,CANCELLED
INV002070,INV1 ,PO04093,v081,2023-12-15,84147.14,POSTED
INV002071,INV2 ,PO02218 ,V465,2023-09-11,7772.59,POSTED
INV002072,INV2 ,PO07117,V044,2024-09-20,58835.62,Cancelled
INV002073,inv1,PO02525, V003,2024-05-17,46138.46,POSTED
INV002074,INV1, PO04693, V126,2023-05-03,35578.45,
INV002075,INV2,PO03355,V395,2023-07-22,43002.65,Cancelled
INV002076,INV2,PO05197,v272,2023-08-21,22688.45,
INV002077,INV2, PO02267,V378,2023-05-21,92500.95,CANCELLED
INV002078, INV1,PO03709, V489,2024-12-22,21988.32,posted
INV002079,INV2,PO07951 ,V416,2023-12-26,3025.02,
INV002080,INV1,PO00863,V227,2024-12-15,65241.34,posted
INV002081,INV2,PO04351 , V314,2024-02-25,19201.6,Cancelled
INV002082,INV1 ,po06134, V281,2024-03-13,69175.29,Cancelled
INV002083,INV2,PO06680, V020,2024-11-07,84753.95,Cancelled
INV002084,INV1,po03091,V108,2023-03-16,18620.22,CANCELLED
INV002085,INV1, PO04431,V414 ,2023-06-05,2427.13,posted
INV002086, INV2,PO06691,V229,2023-09-15,62178.12,posted
INV002087,INV1,PO02618,V013,2024-11-06,50478.87,Cancelled
INV002088,INV1 ,PO01646,V331,2024-04-19,56695.51,posted
INV002089,INV1,PO07972,V267 ,2023-12-10,90723.18,POSTED
INV002090,INV1,PO02010 ,V288,2024-04-17,7898.12,CANCELLED
INV002091,INV2, PO05550,V390 ,2024-09-16,33871.95,Cancelled
INV002092,inv2,PO05841, V379,2023-06-24,,Cancelled
INV002093,INV1 ,PO07229,V389 ,2023-03-08,38402.15,posted
INV002094, INV1,po01927,V153,2023-06-05,9132.35,posted
INV002095, INV1,PO04911,v429,2023-03-22,74111.9,CANCELLED
INV002096,INV1 ,PO03552, V085,2024-11-27,72922.56,POSTED
INV002097,INV1,po01015,V272,2024-06-14,77533.92,Cancelled
INV002098,INV2,PO07148,,2024-02-26,50575.91,Cancelled
INV002099,INV1,PO01721 , V170,2023-03-06,23227.86,Cancelled
INV002100,inv2,, V036,2024-08-03,1200.49,POSTED
INV002101,INV1,po03530,v349,2024-09-22,31994.05,
INV002102,inv2, PO04342,V051,2024-01-05,41432.04,POSTED
INV002103,INV1,PO02189, V320,2023-05-24,56543.71,posted
INV002104,INV1,PO01628,V454,2024-04-02,92010.99,POSTED
INV002105,INV2,,V064,2023-04-22,39817.64,
INV002106, INV1,po06636,V030,2024-07-10,2812.99,posted
INV002107,INV1,PO00647,V012 ,2023-01-05,67734.95,posted
INV002108,INV2 ,po00662,V464,2023-09-01,74718.9,POSTED
INV002109,INV1,PO05667,V296,2024-05-20,13579.46,Cancelled
INV002110,INV2 ,PO07785,V315,2024-01-06,43630.06,posted
INV002111, INV1,PO05853,V273,2024-09-04,19258.23,CANCELLED
INV002112,INV2 , PO04524,V230,2023-03-17,83120.74,POSTED
INV002113,INV2, PO00167,V083,2024-08-09,93535.64,CANCELLED
INV002114,INV1,po01510,V224,2024-08-17,2322.53,CANCELLED
INV002115,INV1,PO07033,V420,2023-07-24,85802.6,CANCELLED
INV002116,inv2,PO04034 ,V285 ,2023-08-30,70974.18,posted
INV002117, INV2,PO01150, V458,2024-04-22,24453.33,CANCELLED
INV002118,INV1,PO01584,V388,2024-12-26,89783.24,Cancelled
INV002119,inv1,PO04365,V346,2023-07-29,17859.52,Cancelled
INV002120,INV1 ,PO04276, V214,2023-10-06,47118.31,
INV002121,inv1,PO05919, V364,2023-08-01,55850.99,CANCELLED
INV002122,INV2, PO03941,V257,2023-10-06,,Cancelled
INV002123,INV2,PO00346 ,V256 ,2024-11-21,40339.26,POSTED
INV002124,INV1,PO02388,V386,2024-10-25,13380.06,posted
INV002125,inv2,po03445,V067,2024-10-16,63092.45,Cancelled
INV002126,INV2, PO00127,V248,2023-10-24,69568.79,posted
INV002127,INV2,PO01266,V360,2024-01-15,25544.1,POSTED
INV002128,INV2, PO04829, V225,2023-06-12,54539.4,posted
INV002129,INV1,PO07276,V002,2024-06-23,89055.77,CANCELLED
INV002130,INV2,PO04371,V115,2024-08-07,84682.39,posted
INV002131, INV2,po06778,V198 ,2024-06-05,71903.11,
INV002132,INV1,PO03931,V297,2024-07-26,15250.66,posted
INV002133,inv2,PO03861,V115,2023-03-23,90377.19,
INV002134,INV2,PO05438 ,V100,2023-01-27,52119.96,POSTED
INV002135, INV2,PO04881, V412,2024-04-07,31548.75,POSTED
INV002136, INV1,PO07915 ,V049,2024-06-23,27915.23,
INV002137,INV1 ,PO07306,v354,2023-02-17,69013.36,POSTED
INV002138,INV2,PO05864 ,V115,2023-03-13,19122.0,posted
INV002139,INV1,PO02022, V142,2024-02-28,57458.46,Cancelled
INV002140,inv2,PO03871 ,V321,2023-09-09,80214.39,POSTED
INV002141,INV2,PO04850, V288,2024-09-28,76147.91,posted
INV002142,INV1,PO06604,V135,2024-01-08,91548.56,CANCELLED
INV002143,INV1 ,PO03563 ,v248,2023-04-01,92354.14,posted
INV002144,INV1,PO06036,v421,2024-11-01,15413.87,posted
INV002145,INV2,po01865,v348,2023-08-13,11614.25,POSTED
INV002146,INV2,PO03077, V490,2023-03-27,20819.56,POSTED
INV002147,INV1 ,po05847, V379,2023-02-17,48734.51,CANCELLED
INV002148,INV1,PO00370,V025 ,2024-02-24,37041.75,posted
INV002149,INV2,PO05208 ,V053,2024-07-04,89529.53,CANCELLED
INV002150, INV1,PO07628,V460,2024-01-03,63613.89,CANCELLED
INV002151,INV2,PO07936,V407 ,2023-02-06,12487.55,
INV002152, INV2,PO00878,V384,2024-07-04,58174.96,POSTED
INV002153,inv1,PO02799,V288 ,2024-08-30,88386.15,POSTED
INV002154,INV2,PO03424,V030,2023-02-08,5281.19,posted
INV002155,INV2,PO07406 ,,2024-03-27,72220.27,Cancelled
INV002156,INV1,PO07809,V174,2024-06-13,47640.35,CANCELLED
INV002157, INV2,PO00202,V063,2023-11-19,82477.42,posted
INV002158,INV2,PO04943,V103,2024-11-13,4005.15,CANCELLED
INV002159, INV1,PO00185 ,v074,2023-05-12,73923.08,POSTED
INV002160,INV2,po04950,V423,2024-10-02,61378.18,posted
INV002161,inv2,PO00863,V037,2024-09-03,26000.22,
INV002162,INV1,PO02438,v022,2024-12-28,81133.84,CANCELLED
INV002163,INV2,po02612,V403,2024-10-26,3509.62,posted
INV002164,INV2,po07326,V343 ,2024-08-20,,CANCELLED
INV002165,INV2,po06386,V425,2023-11-08,82172.49,CANCELLED
INV002166,INV2,PO05993,V489,2023-11-05,88623.66,CANCELLED
INV002167, INV1,PO04798,V093,2024-06-13,,posted
INV002168, INV2,PO00911 ,v167,2024-05-26,90466.29,CANCELLED
INV002169,INV2,PO02332,V219,2023-01-22,37194.58,Cancelled
INV002170,INV1,PO03537,V296,2023-05-03,66492.6,posted
INV002171,INV2, PO05550, V468,2023-05-16,40454.2,posted
INV002172,INV1 ,PO03844, V451,2024-07-06,75843.2,posted
INV002173,INV1,PO07937,V310 ,2023-01-15,28879.11,Cancelled
INV002174, INV2,PO04741,V333,2023-05-08,14894.04,Cancelled
INV002175,INV2 ,PO03045 ,V426,2023-11-28,11243.26,POSTED
INV002176,INV1 ,PO01915 ,V131 ,2023-05-21,53820.28,posted
INV002177,inv1, PO00715,V330,2023-07-22,,CANCELLED
INV002178,INV1,PO03974, V494,2024-11-15,90599.58,Cancelled
INV002179, INV2,PO00413,V277,2024-09-03,75319.23,posted
INV002180,INV1,PO04544,V396,2024-09-30,42818.59,
INV002181,INV1,PO00954,V315,2023-03-26,64642.56,CANCELLED
INV002182,INV2,PO00470, V065,2023-04-12,80231.41,
INV002183,INV1,PO03790,V494,2024-07-17,87833.5,POSTED
INV002184, INV2,PO03018,V353,2024-02-28,94702.06,
INV002185, INV2,PO05083,V496 ,2024-01-23,58905.78,posted
INV002186, INV2,PO02137 ,V020,2023-09-21,56505.02,POSTED
INV002187,INV2 ,po03738,V439,2024-06-02,18509.65,POSTED
INV002188,INV1,PO00291,V389,2024-11-04,80496.55,posted
INV002189, INV2,PO02330,V031,2023-09-26,40204.52,CANCELLED
INV002190, INV2,PO04749,V435,2023-11-02,53060.0,Cancelled
INV002191,INV1,PO07311, V151,2024-05-01,51227.53,posted
INV002192,INV1, PO04297,V281,2023-02-14,75097.4,
INV002193,inv1,PO00269,V078 ,2023-08-18,84881.98,CANCELLED
INV002194,inv1, PO00023,V084,2023-09-09,5732.78,posted
INV002195, INV2,PO02521,v430,2024-04-10,16245.93,Cancelled
INV002196,inv2, PO05002,V499,2023-03-15,48298.37,POSTED
INV002197, INV2,PO06693 ,V040,2024-08-09,43249.61,Cancelled
INV002198,INV2,PO01049,V351,2024-08-03,32526.36,POSTED
INV002199,INV2,po04806,V010,2024-09-10,84442.35,CANCELLED
INV002200,inv2, PO02140,V040,2024-01-08,61270.34,CANCELLED
INV002201,INV1 ,po02516,V373 ,2023-11-22,93298.51,CANCELLED
INV002202, INV2,po06684,V471,2023-05-21,82535.54,
INV002203,INV1 ,PO03488,V246 ,2023-03-15,40141.17,posted
INV002204,INV1,PO00653,V189,2023-06-29,74818.41,POSTED
INV002205,INV1,PO07391,V255,2024-09-30,68994.08,
INV002206,INV1,PO00722,V347 ,2024-06-04,2433.22,POSTED
INV002207,INV1,PO02811,v063,2023-06-27,11581.14,POSTED
INV002208,INV2,PO01869,V488,2024-05-28,54884.29,
INV002209,INV1,PO01616,V440 ,2023-08-22,42994.61,Cancelled
INV002210, INV1,po04982,V314,2023-08-29,70840.05,
INV002211, INV1,PO03936,V164,2024-02-29,86634.3,Cancelled
INV002212,INV1,PO02637,V194 ,2024-02-08,64922.37,POSTED
INV002213,INV1,PO06203,V366,2024-04-16,62991.06,CANCELLED
INV002214,,PO00816,V251 ,2023-01-09,28261.16,
INV002215,INV2,PO04153,V300,2024-05-19,45861.99,CANCELLED
INV002216,inv2,po03768,V217,2024-02-19,45783.37,
INV002217,inv2,PO01674,V222,2023-09-15,74679.64,POSTED
INV002218,INV1, PO06565,v412,2024-09-29,82912.5,Cancelled
INV002219,INV1 ,PO05480,V468,2024-10-22,39761.3,CANCELLED
INV002220,INV2, PO07946,V381 ,2024-08-15,86128.31,posted
INV002221,INV2,PO07794,V364,2024-12-28,70848.44,POSTED
INV002222,INV2,PO07943,V360,2024-12-18,37126.69,Cancelled
INV002223,INV2,po04464,V042,2023-09-07,87872.22,Cancelled
INV002224,INV1,PO07770,V084,2024-10-01,89699.25,CANCELLED
INV002225, INV1, PO05690,V226 ,2023-05-09,14624.32,posted
INV002226, INV1,PO01000, V076,2023-06-21,79132.6,
INV002227, INV2,PO01003,V263,2024-03-20,44040.54,Cancelled
INV002228,INV1,po07774,V150,2023-07-18,44235.56,CANCELLED
INV002229,INV1 ,po00741,v082,2023-07-06,93947.3,
INV002230,INV2,PO06754,V212,2023-06-03,5337.91,CANCELLED
INV002231,INV1,PO02343,V456,2023-11-25,5977.21,
INV002232,INV2,PO02483,V467,2023-03-26,29014.06,posted
INV002233,INV2, PO01877,V044 ,2024-06-12,,POSTED
INV002234,INV1,PO01016,V051,2023-07-08,45248.94,CANCELLED
INV002235,INV1,PO06450,V491 ,2024-04-23,87541.63,POSTED
INV002236,INV1,PO04362,V091,2023-08-22,20236.06,POSTED
INV002237,INV1, PO06326,V230,2024-03-22,88729.42,CANCELLED
INV002238,inv1,PO05398,V313,2023-01-21,92913.64,
INV002239,INV2,po00426,v237,2024-01-07,42292.13,posted
INV002240,inv1,PO03176,V344,2023-08-06,90055.26,CANCELLED
INV002241,INV1,PO01498,V038,2024-05-27,36018.84,CANCELLED
INV002242,INV2, PO02771,V169,2024-04-11,58671.77,CANCELLED
INV002243,INV2,PO03252, V112,2024-12-14,15363.45,posted
INV002244,INV1,PO01252,V280,2023-09-23,16973.03,POSTED
INV002245,INV2,PO07868 ,V043,2024-08-05,71812.94,Cancelled
INV002246,INV2 ,PO03757,V253,2024-04-14,39860.88,CANCELLED
INV002247,INV1 , PO06480, V178,2024-05-09,54068.33,POSTED
INV002248,inv2, PO01397,V343,2024-06-08,36628.69,CANCELLED
INV002249,INV2,PO05539 ,V107 ,2024-05-29,4696.42,posted
INV002250,INV2,PO06417,V388,2024-02-16,28878.9,POSTED
INV002251,INV1,PO07758,V409 ,2024-02-07,7028.68,CANCELLED
INV002252,inv2,PO00225,V498,2024-12-09,89587.71,Cancelled
INV002253,INV2,po07316,V153 ,2024-01-16,79467.58,posted
INV002254,INV1, PO06507,V197 ,2024-06-18,35581.11,
INV002255,INV1 ,PO02746,V394,2023-07-25,20398.9,posted
INV002256,INV2,PO07114, V392,2023-11-05,61268.6,posted
INV002257,INV2,PO03342, V236,2024-08-08,60647.01,POSTED
INV002258,INV2, PO07778,V323,2024-08-04,54588.69,Cancelled
INV002259,INV2,po07348,V468,2024-10-27,46679.58,Cancelled
INV002260,inv2,PO07803 ,v097,2024-03-31,30110.34,posted
INV002261,INV1,PO07233,V001 ,2024-10-17,75225.12,POSTED
INV002262,INV1,PO01092 ,V176,2023-07-29,20883.86,
INV002263,INV1,PO07387,V279 ,2023-04-14,20922.96,POSTED
INV002264,INV2,PO06986,V462,2024-08-03,48609.16,posted
INV002265,INV2,PO07191,V397,2024-10-24,71415.92,Cancelled
INV002266,inv2,PO05570,v251,2023-06-02,845.54,Cancelled
INV002267,INV1,PO02602,V072,2024-02-14,85376.0,CANCELLED
INV002268,inv1,po02482, V143,2024-04-28,4454.29,POSTED
INV002269, INV2,PO02463, V410,2023-07-04,16539.39,
INV002270,INV2, PO07659,V037,2024-05-29,71857.29,POSTED
INV002271,INV2,PO07157 ,V404,2023-02-15,82120.56,Cancelled
INV002272,INV1,PO05548 ,V242,2023-05-26,80044.91,CANCELLED
INV002273,inv1,PO00095,V113,2024-10-03,65886.83,posted
INV002274,INV2 , PO06549,V267,2023-04-25,,Cancelled
INV002275,INV2,PO01963,V008,2023-08-01,52698.5,
INV002276,INV1,PO04852,V330,2024-03-03,1966.49,CANCELLED
INV002277,INV1,po06257, V132,2023-12-30,12838.57,CANCELLED
INV002278,INV1, PO05280,V455 ,2023-05-24,29098.25,posted
INV002279,inv2, PO01223,V410,2023-04-13,52719.41,Cancelled
INV002280,INV2,PO03988,V396,2023-01-27,92726.09,posted
INV002281,INV2,PO05464, V464,2023-06-13,12992.02,posted
INV002282,inv1,PO05652 , V495,2023-03-10,87859.72,POSTED
INV002283,INV2 ,PO04966,V435,2024-07-21,27991.45,
INV002284,INV1, PO00991,V243,2024-10-03,56594.31,
INV002285,inv2,PO02507,v066,2024-08-03,26468.96,Cancelled
INV002286,inv2,PO07707,V241,2024-05-15,19824.43,posted
INV002287,INV1,PO01187,V193,2023-06-25,5750.11,CANCELLED
INV002288, INV1, PO02764,v309,2024-05-06,51450.71,posted
INV002289,INV2,PO06776 , V462,2024-12-03,37327.41,posted
INV002290,inv1,PO07012,V395,2023-09-11,28354.13,POSTED
INV002291,INV1,PO07898, V092,2024-11-12,84332.71,CANCELLED
INV002292,INV2,PO06953,V172,2023-12-14,64902.39,
INV002293,INV2,PO03918,V222,2023-07-07,36922.39,posted
INV002294,INV2 ,PO02894,V499,2023-12-10,72738.12,
INV002295,INV2,PO03537,V472,2023-05-07,90277.06,
INV002296,INV2, PO02611,V443,2023-04-13,20352.63,POSTED
INV002297,INV1,po03574,V136,2024-10-07,75859.24,Cancelled
INV002298, INV2,PO02794,V385,2024-02-28,13465.43,CANCELLED
INV002299,INV1 ,PO01387,V460,2024-07-29,9931.31,Cancelled
INV002300,inv2,PO01092,V046 ,2024-06-27,52473.31,posted
INV002301,INV2,PO03756,V130,2023-12-15,,
INV002302,INV1 ,PO05938, V026,2023-09-19,94258.44,
INV002303,INV2,PO06938 ,V436,2024-02-18,7498.79,
INV002304,INV1,PO00249 ,V468,2023-02-20,67393.34,
INV002305,inv2,PO04890,v435,2024-12-04,39456.25,Cancelled
INV002306,inv1,po02603, V289,2023-04-17,41277.81,CANCELLED
INV002307,INV2,po00300, V096,2024-09-26,93542.93,Cancelled
INV002308,INV1,PO07391,V486,2024-07-17,40044.95,Cancelled
INV002309,INV1,PO05944,V088 ,2023-06-24,70869.25,posted
INV002310,INV1,PO02299, V422,2023-01-05,44242.04,
INV002311,inv1,PO00177,v146,2023-02-11,60462.11,
INV002312,INV1,PO01266 ,v331,2023-01-16,8164.48,
INV002313,INV1,PO00013,v367,2024-03-21,70209.77,POSTED
INV002314,INV1 ,PO04852, V214,2023-08-20,61899.29,POSTED
INV002315,INV2,PO03298 ,v016,2023-02-06,50488.04,posted
INV002316,inv1,PO07003 , V077,2024-04-13,27117.79,
INV002317,INV1, PO01613,V448,2024-06-24,72173.73,CANCELLED
INV002318,INV1,PO01230, V223,2024-12-06,21417.59,CANCELLED
INV002319,INV1 ,PO03437,v257,2023-12-31,85797.25,POSTED
INV002320,INV1 ,PO03825,V091,2023-07-31,76138.14,posted
INV002321,INV1,PO05119,V331,2024-07-06,36193.05,posted
INV002322,INV1 , PO01536,V396,2023-12-28,53059.55,CANCELLED
INV002323,INV2,PO05634,V068,2023-10-17,77677.65,posted
INV002324,INV1,PO06993,V369,2023-04-22,65520.33,CANCELLED
INV002325,INV1,PO07561,V026 ,2023-03-24,85110.38,Cancelled
INV002326,INV1,PO03383,V399 ,2023-08-10,31620.08,POSTED
INV002327,INV2,po03145,V005,2023-11-26,77823.32,Cancelled
INV002328,INV1,po00175,V257 ,2024-05-25,91012.82,Cancelled
INV002329, INV2,PO02046,v123,2023-05-07,28183.06,Cancelled
INV002330,inv1,PO05415,V168,2024-06-28,7087.01,CANCELLED
INV002331,INV2,PO07054,v110,2023-03-08,69114.49,posted
INV002332,INV2,po01650,V245,2023-03-06,33188.81,posted
INV002333,INV2,PO07803,V395,2024-05-02,80443.04,CANCELLED
INV002334, INV2,PO04953,V165,2024-11-23,8783.51,posted
INV002335,INV2,PO05425,v333,2023-07-16,44994.27,Cancelled
INV002336,INV1 ,PO01462,V422,2023-12-14,72417.49,CANCELLED
INV002337,INV2,po03883,V070,2023-07-05,37801.78,POSTED
INV002338,inv2,PO02282,v340,2023-08-19,25325.84,POSTED
INV002339,INV1,PO02846 ,V054,2024-05-11,56741.64,CANCELLED
INV002340,inv2,PO00620,V163,2023-08-02,46192.23,posted
INV002341, INV2,PO06791 ,V420,2024-05-03,49115.38,
INV002342,INV1, PO01867,V435 ,2023-03-08,56083.74,Cancelled
INV002343,INV2 ,po05252,V164,2023-06-14,63418.13,
INV002344,INV2,PO07216, V180,2024-08-28,45485.99,
INV002345,INV2,PO00194,V132,2024-04-17,30820.29,posted
INV002346, INV1,PO03405, V077,2024-11-15,60193.27,posted
INV002347,INV1 ,PO02198, V055,2023-08-13,51903.65,posted
INV002348,inv1,po00001, V042,2023-01-01,32501.67,CANCELLED
INV002349,inv2,PO07061 , V435,2023-06-10,64430.56,POSTED
INV002350,INV2,PO01893,V159,2023-02-07,10063.36,POSTED
INV002351,inv2,PO03644 , V118,2024-05-08,,Cancelled
INV002352,INV2,po04313,V490 ,2023-07-14,85417.09,
INV002353,INV2,PO03950,V271,2023-10-17,,CANCELLED
INV002354,INV1,po04109,V298 ,2024-05-10,5040.24,Cancelled
INV002355,INV2,PO03721, V390,2023-07-23,73431.98,posted
INV002356,INV2,PO07394, V425,2023-01-03,36708.48,posted
INV002357,INV1 ,PO05051,V051,2023-10-24,29777.95,POSTED
INV002358,INV2,PO02286,V017,2024-02-11,4829.01,Cancelled
INV002359,inv2,PO03951,V074 ,2023-12-05,63566.71,CANCELLED
INV002360,inv2,PO07540,V172,2024-09-19,56749.82,POSTED
INV002361,INV2, PO07699,V202,2023-01-12,72727.57,
INV002362,INV2,PO00221 ,V311,2023-09-27,6960.08,
INV002363,INV2,po00638,V108 ,2023-04-12,35252.08,
INV002364,INV1,PO02162 , V342,2024-08-03,71860.67,
INV002365,INV2,PO01663 , V132,2023-08-31,62098.37,CANCELLED
INV002366,INV2,PO00101,v187,2024-08-13,2050.96,Cancelled
INV002367,INV1,PO04445,V227,2024-05-05,92965.27,POSTED
INV002368,INV2,PO07932,V317,2024-07-30,34378.61,Cancelled
INV002369, INV1,PO00140,V015 ,2024-06-27,52513.19,
INV002370, INV2,PO05535,V180,2024-12-28,36730.68,
INV002371,inv1,PO03069,V448 ,2024-10-26,30444.4,Cancelled
INV002372,INV2 ,po03298,V229,2024-02-16,10853.45,Cancelled
INV002373,INV2,PO07360, V095,2023-02-22,82987.46,CANCELLED
INV002374,INV1, PO06552, V044,2024-06-28,20276.39,Cancelled
INV002375,INV2,PO06713, V007,2023-01-03,28146.38,posted
INV002376,INV2, PO05460, V402,2023-05-03,81802.91,POSTED
INV002377,INV2,PO04204,V445 ,2024-03-19,40246.1,
INV002378,INV1,PO06429,V099,2024-11-04,35586.16,
INV002379,INV1 , PO00874,V072 ,2024-02-04,54267.59,CANCELLED
INV002380, INV2,PO01545,V036,2023-11-18,5163.35,CANCELLED
INV002381,INV2,PO06497,v487,2023-01-13,72448.88,CANCELLED
INV002382,INV2,PO00785 ,V095,2023-11-07,21023.63,POSTED
INV002383, INV1,PO02845,V105,2023-10-06,31170.51,posted
INV002384,inv1,PO07106, V078,2023-09-10,72928.59,posted
INV002385, INV1,PO06278,V489 ,2024-08-30,14690.8,
INV002386,INV1,PO07018,v485,2023-07-26,7870.2,Cancelled
INV002387,INV2, PO01147,V452,2023-07-27,14503.9,Cancelled
INV002388,INV1,PO00181,V206,2023-08-13,3140.07,CANCELLED
INV002389, INV2,PO07738 ,V161 ,2023-01-31,60506.32,Cancelled
INV002390, INV1, PO00314,V186 ,2024-09-24,23904.28,CANCELLED
INV002391,INV1 ,PO04661 ,v278,2024-08-02,9180.69,CANCELLED
INV002392,INV2, PO00977,V473,2024-08-26,63003.53,
INV002393,INV1 ,po04120,V327,2023-03-05,11488.03,CANCELLED
INV002394,INV2,PO00941,V151,2024-03-24,34571.62,
INV002395,INV2,PO02226 , V148,2024-01-07,94367.68,posted
INV002396,INV2, PO03306, V296,2024-02-07,58900.4,posted
INV002397,INV1,PO04568, V318,2024-10-26,87406.34,POSTED
INV002398,INV2,PO06338,V365,2024-03-04,50404.81,posted
INV002399,INV1, PO00496,v106,2024-07-08,70855.54,POSTED
INV002400,inv2,PO01669 , V171,2024-05-07,66689.81,posted
INV002401,INV1,PO05906,v079,2024-09-29,54440.38,
INV002402,INV1,PO04721,V209,2023-02-06,20076.02,
INV002403, INV2,PO06463,V304,2024-09-07,43985.82,Cancelled
INV002404,INV1 ,PO05775,V145,2024-08-12,1551.66,
INV002405,INV1,PO02673,V488,2023-07-10,50913.29,posted
INV002406,INV2,PO06176, V051,2024-10-22,36063.76,POSTED
INV002407,INV2,PO03101, V187,2024-02-19,94283.37,Cancelled
INV002408,INV1, PO07042,V056 ,2023-08-21,43066.37,
INV002409,INV2,PO01258,V122,2024-05-03,50441.51,CANCELLED
INV002410,INV2,PO00625 ,V036,2024-08-01,20837.98,
INV002411,INV2,po00154,V215 ,2023-01-03,29885.64,POSTED
INV002412,INV1, PO05280,,2023-08-04,83873.2,CANCELLED
INV002413,INV1 ,PO03000 ,V205,2023-11-09,79488.51,
INV002414,INV2,PO01868,V364 ,2024-01-26,19217.68,POSTED
INV002415,INV2,PO01393,V057,2023-12-02,86269.4,
INV002416,INV2 ,PO06100,V039,2023-09-18,94775.93,CANCELLED
INV002417,INV2 , PO03787,V250,2024-07-10,2699.98,CANCELLED
INV002418,INV2,PO02198 ,V167 ,2023-11-22,45126.45,CANCELLED
INV002419,INV2,PO02668,V289,2024-09-02,41259.35,CANCELLED
INV002420,INV2,PO02097,V022,2023-08-19,14558.6,CANCELLED
INV002421,INV2 ,PO00959,V222 ,2024-09-04,6868.0,POSTED
INV002422,INV2,PO00474,V280,2023-04-02,75093.32,
INV002423, INV1,PO01414,V222,2024-02-28,87929.9,Cancelled
INV002424,INV1 ,PO07913,V411,2024-05-06,16986.1,Cancelled
INV002425, INV1,PO02120 ,V420 ,2023-07-31,45981.16,Cancelled
INV002426,INV2,PO01110 ,v310,2023-04-07,60205.94,POSTED
INV002427,INV1,PO05703,V310,2023-02-04,51020.91,Cancelled
INV002428,INV2,PO07978,v158,2023-01-31,18164.72,Cancelled
INV002429,inv1, PO01720,V215,2024-03-05,22548.87,posted
INV002430,INV1 ,po02895, V350,2024-12-11,73935.63,CANCELLED
INV002431,INV1,PO05392,v126,2024-05-13,37601.95,POSTED
INV002432,INV1,PO04521, V167,2023-03-27,4510.75,
INV002433, INV2,po03447,V396,2024-04-20,25440.5,POSTED
INV002434,INV1,PO03854 ,V101,2023-07-21,60765.14,
INV002435,INV2 , PO07129,V392,2023-03-23,20624.96,CANCELLED
INV002436,INV2 ,PO07887 ,v011,2023-04-30,20263.47,
INV002437, INV2, PO05525,V496,2024-10-01,94309.55,
INV002438,INV2,PO00349,V255,2024-07-12,3434.46,Cancelled
INV002439,INV1, PO02519,V250,2024-10-04,43903.28,POSTED
INV002440,INV1, PO04086,V035 ,2023-01-24,26304.73,posted
INV002441,INV1,PO00658 ,V207 ,2024-09-01,93551.53,
INV002442,inv2,PO02877, V430,2023-01-18,68555.36,CANCELLED
INV002443,INV2,PO07353,V135,2024-04-03,56504.71,Cancelled
INV002444,INV2 , PO02661,V366,2023-09-13,69222.19,CANCELLED
INV002445,INV2, PO05198,v415,2023-01-15,56677.12,POSTED
INV002446,INV1,PO07118, V440,2023-01-30,3835.83,POSTED
INV002447,INV1,PO03564,v355,2023-12-06,28165.69,posted
INV002448,INV2 ,po00658,V436 ,2024-06-11,69711.75,
INV002449,INV2,PO00457,V344,2024-12-07,75863.39,posted
INV002450,INV2,PO02355,v332,2023-11-23,,posted
INV002451,INV1,PO06530 ,v069,2024-08-12,9600.22,Cancelled
INV002452,INV2,,V294 ,2024-09-13,54397.24,
INV002453,INV2,,V462,2024-06-29,77144.21,Cancelled
INV002454,INV2 ,PO02680 ,V456,2023-12-28,,POSTED
INV002455, INV2,PO04520,v406,2024-07-15,39292.43,CANCELLED
INV002456,INV1,PO01106, V162,2024-01-07,21298.31,posted
INV002457,INV2,PO02803 ,V081,2023-02-28,37216.61,posted
INV002458,INV2,PO05469,V225,2023-12-17,84693.97,
INV002459,INV2,PO07745 , V331,2024-09-16,,POSTED
INV002460,INV1 ,PO02894,V125,2023-05-11,52467.78,
INV002461,inv2,PO01568,V177,2024-05-11,9836.06,CANCELLED
INV002462, INV2,PO04509,V040 ,2024-10-23,24585.67,Cancelled
INV002463,inv1,PO04350,V166 ,2024-10-05,81924.67,POSTED
INV002464,INV2,PO04561,V401,2023-04-18,94917.72,
INV002465, INV2,PO06323,V443,2024-06-04,59074.35,
INV002466,INV1,PO05212,V018,2023-02-13,16126.73,Cancelled
INV002467,INV1,PO03048,V347,2023-03-01,58438.95,CANCELLED
INV002468,inv2,PO04818,V412,2023-12-06,82149.66,CANCELLED
INV002469,inv2,PO06581,V008 ,2024-06-14,54144.64,posted
INV002470, INV2, PO06170,V403,2024-11-09,8319.62,POSTED
INV002471,INV2,PO00992,V362,2023-03-13,20337.37,CANCELLED
INV002472,INV2,PO02631,V092,2023-10-27,36360.1,POSTED
INV002473, INV2,PO00570,V259 ,2023-04-13,11966.13,
INV002474,INV1 ,PO03496,V243,2024-10-08,44874.57,posted
INV002475,INV1,PO02601, V362,2023-04-03,69167.13,posted
INV002476,inv2,po02861,V454,2024-10-04,89186.44,POSTED
INV002477, INV2,PO06632, V446,2024-09-09,10283.33,POSTED
INV002478, INV2,PO02138,V451,2023-02-08,83677.08,POSTED
INV002479,INV1 , PO03711,V149,2024-08-22,69541.12,POSTED
INV002480,INV1,PO03185,V344,2023-03-02,67403.09,CANCELLED
INV002481,INV2 ,PO06924,V014,2024-06-22,74853.85,
INV002482,INV2,PO06820 ,v158,2024-07-23,46667.38,POSTED
INV002483,INV2,po07347,V170,2023-09-17,3598.38,CANCELLED
INV002484,INV1,PO04300,v012,2024-11-23,56438.03,posted
INV002485,INV2,PO03076,V427 ,2023-09-30,91163.43,Cancelled
INV002486, INV1,PO06906,V438,2024-12-20,50400.61,posted
INV002487,INV1,PO03710,V267 ,2024-11-22,29275.27,
INV002488,INV2,PO03714,V373 ,2024-06-24,74399.45,
INV002489,INV2,PO06745 ,V340,2023-02-17,91527.32,CANCELLED
INV002490,INV2,PO02857,V178,2023-10-09,43099.86,Cancelled
INV002491,INV1,,V442,2024-05-27,24360.28,posted
INV002492,INV1,po02146,V420 ,2024-11-27,38898.05,posted
INV002493,INV1,PO06838 ,V419,2024-09-28,43853.58,
INV002494,INV2 ,PO01423,V237 ,2023-05-08,58381.57,Cancelled
INV002495,INV1,PO04916, V159,2023-11-02,73261.98,Cancelled
INV002496, INV2,PO06601 ,v323,2024-06-27,,posted
INV002497, INV1,PO01142,V456,2024-08-20,68413.83,
INV002498,INV2,PO04986 , V349,2024-09-23,39484.53,CANCELLED
INV002499, INV1,PO00463,V228 ,2024-06-21,82245.01,posted
INV002500,INV1 ,po05564,V474,2023-09-18,90880.07,
INV002501,INV1,PO02307 , V009,2023-10-01,24684.2,
INV002502,INV1,PO01663, V077,2024-04-28,54024.03,Cancelled
INV002503,INV1 ,PO06178 ,V302,2023-07-12,38799.71,POSTED
INV002504,INV2,PO01383,V185,2024-02-08,67320.89,Cancelled
INV002505,INV2,PO07244 ,V436,2023-06-02,65527.92,
INV002506, INV2,po00094,V020 ,2024-08-31,93983.96,
INV002507,INV2, PO03412,V032,2024-12-30,48372.0,posted
INV002508,INV2,PO00744,V375,2024-01-12,69771.06,
INV002509,INV2,PO03350,V472,2024-06-10,49619.0,Cancelled
INV002510,inv1,po01887, V398,2024-06-23,,POSTED
INV002511,INV2,PO03602,V282 ,2023-01-14,89949.38,POSTED
INV002512,INV2,PO01629,v032,2023-08-08,59618.4,CANCELLED
INV002513, INV2,PO07733,V211,2024-11-25,38726.65,POSTED
INV002514,INV2 ,PO03523, V186,2024-06-20,11007.32,Cancelled
INV002515,inv1,po01592,V041,2024-04-07,83228.7,
INV002516,INV2,PO06386,v237,2024-08-20,1544.73,POSTED
INV002517,INV1,PO04355, V483,2024-03-12,42406.2,posted
INV002518,inv2, PO01992, V254,2024-03-09,20059.3,POSTED
INV002519,INV1,PO03912, V302,2023-04-03,84946.92,Cancelled
INV002520, INV2,PO07350,v209,2023-09-09,43280.87,POSTED
INV002521,INV2,PO06765 ,v124,2023-06-17,1533.6,
INV002522,INV2 ,PO06607,v171,2024-12-09,,POSTED
INV002523,INV1,PO00006,V072,2024-08-17,,posted
INV002524, INV1,PO07476,v032,2023-03-12,38318.39,POSTED
INV002525,INV1,po02431,V439,2023-12-15,15942.64,
INV002526,inv1,PO00931 ,V048,2023-06-26,85767.09,POSTED
INV002527,INV2, PO02131,v108,2023-12-29,88149.38,Cancelled
INV002528, INV2,PO01236,V136 ,2024-12-08,64909.41,CANCELLED
INV002529,INV1,PO04192,V482,2024-04-29,16277.19,
INV002530,inv2,po02167,V225,2023-10-24,79651.18,CANCELLED
INV002531,inv2,po04467,V081,2023-05-15,40203.37,
INV002532,INV1,PO05928,V048,2024-05-14,28284.25,POSTED
INV002533,inv2,,V271 ,2024-11-18,37967.24,
INV002534,inv2,PO03748,v041,2024-06-29,39306.17,
INV002535,inv1,PO06219 ,V220,2024-04-26,80729.17,CANCELLED
INV002536,INV1 ,po00982,v391,2024-04-03,14001.17,posted
INV002537,INV1,PO04735 ,V040,2024-05-27,29745.61,CANCELLED
INV002538,INV2,PO04583,V286,2024-01-11,52567.36,POSTED
INV002539,INV2,PO06397,V206,2023-02-03,23647.87,posted
INV002540,INV1,PO01085,V240 ,2023-11-11,81305.65,posted
INV002541,INV1,PO01976,V208,2024-03-16,75282.52,posted
INV002542,INV2 ,PO06158,V219,2024-05-30,27054.12,POSTED
INV002543,INV1,PO02702,v274,2023-01-31,38510.74,
INV002544,INV1,PO06366,v170,2023-07-13,93054.31,CANCELLED
INV002545,inv2,PO02726 ,V133 ,2023-10-09,80287.09,POSTED
INV002546,inv2,PO04057 ,V175 ,2024-01-22,61004.4,posted
INV002547,INV1, PO05825, V288,2024-11-17,34036.05,
INV002548,INV2, PO05244,V345,2023-08-30,73893.73,CANCELLED
INV002549,INV2,PO00358,V053,2023-08-08,57072.53,Cancelled
INV002550, INV2, PO05650, V402,2024-10-10,57122.64,Cancelled
INV002551,INV1,PO06979 ,V149,2023-05-18,52936.99,POSTED
INV002552,INV1 ,PO01284, V169,2024-01-26,88637.22,CANCELLED
INV002553, INV2,PO02487,V222,2024-04-05,64592.71,CANCELLED
INV002554,INV1 ,PO01535,V113,2024-10-21,61147.78,POSTED
INV002555,INV2,,V055,2023-01-26,84723.46,Cancelled
INV002556,INV1,po03473,v042,2024-07-03,55689.43,CANCELLED
INV002557,INV1 ,po01205,V151,2024-09-08,54708.76,CANCELLED
INV002558, INV1,PO00818 , V334,2023-12-29,33355.82,POSTED
INV002559,INV1,PO04879, V379,2023-12-19,82111.54,
INV002560,INV2,PO07489,V060,2023-07-26,51439.6,posted
INV002561,INV2,PO05979, V460,2023-03-02,52539.58,
INV002562,INV1 ,PO00300,V383,2023-09-12,4720.87,POSTED
INV002563,INV2,PO04729,V431,2024-06-15,18422.8,posted
INV002564,INV2,PO06603,V309,2024-11-17,66732.15,POSTED
INV002565,INV2 ,PO04127 ,v284,2024-04-06,776.4,POSTED
INV002566,INV2,po01800,V017,2024-02-29,73248.64,posted
INV002567,INV2,PO01003,V264,2023-11-23,,Cancelled
INV002568,inv2, PO00192,V468,2024-07-13,48474.0,CANCELLED
INV002569,INV1,po07034,V411,2024-10-24,47162.48,
INV002570,INV2,po04364,V004,2024-01-19,34530.27,Cancelled
INV002571,INV2 ,PO03037,v044,2023-10-13,83128.27,POSTED
INV002572,INV1, PO03862,V463,2024-04-16,36328.8,POSTED
INV002573,inv1,PO06085,V411,2024-05-04,34887.81,CANCELLED
INV002574,INV2,PO06851,V256 ,2023-05-24,72680.94,CANCELLED
INV002575,inv1,PO00290, V163,2024-11-29,50885.39,posted
INV002576,INV1,PO01341,v143,2024-05-10,22018.67,POSTED
INV002577,INV2,PO06582,V335 ,2024-04-04,56105.82,POSTED
INV002578,INV2,po02244,V238,2024-08-16,59759.06,posted
INV002579,INV1,PO01998,V090 ,2023-04-25,53510.55,
INV002580,INV1 ,PO02884,V262,2024-03-30,81392.48,POSTED
INV002581,INV2,PO02672 ,,2023-05-07,74409.8,Cancelled
INV002582,inv1,PO02748,V339 ,2023-05-12,88585.93,POSTED
INV002583,INV1,PO04907 ,V133,2024-05-27,4859.58,Cancelled
INV002584,INV1, PO01085, V349,2024-03-12,29651.18,posted
INV002585,INV2,PO00504,V237,2024-12-06,3670.03,posted
INV002586,INV1,po05051,V263,2023-02-25,69164.48,Cancelled
INV002587, INV2,PO07133, V037,2024-11-21,24528.71,Cancelled
INV002588, INV1,PO03999, V129,2023-07-18,,POSTED
INV002589,INV2,PO01427,v498,2023-03-09,16538.44,Cancelled
INV002590,INV1 ,PO07127,v286,2023-12-19,19170.7,posted
INV002591,INV2, PO07590,V191,2023-05-18,59894.62,CANCELLED
INV002592,inv1,PO01205,V378,2024-02-25,30049.95,posted
INV002593,INV2,PO02568,V214,2024-05-28,25631.56,Cancelled
INV002594, INV2, PO07475,V188 ,2024-01-09,72449.03,CANCELLED
INV002595,INV1, PO01368,V485 ,2023-09-01,,posted
INV002596,INV2 ,PO00203,V403,2023-10-18,37410.1,CANCELLED
INV002597,INV1,PO01433,v363,2024-09-18,6526.46,CANCELLED
INV002598,INV1, PO07304, V317,2024-05-06,68602.64,POSTED
INV002599,INV1 ,PO00593, V154,2023-06-20,3697.47,CANCELLED
INV002600,INV1,PO00276,V241,2024-11-13,47727.86,posted
INV002601,INV1,PO04714 ,V458,2023-12-10,31518.71,
INV002602,INV2,PO02050,V360,2023-11-14,59247.79,Cancelled
INV002603,INV2,PO06910 , V136,2023-01-21,37937.05,Cancelled
INV002604,INV2,PO05199,V146,2023-10-24,62277.67,Cancelled
INV002605,INV1 ,PO04793,V211,2024-12-15,16277.37,POSTED
INV002606,INV2,po07251, V400,2023-09-22,13492.2,CANCELLED
INV002607,inv1,PO05727,v150,2024-09-19,21172.94,Cancelled
INV002608,INV2 ,PO03932,V247,2024-07-28,23414.51,
INV002609,inv1,PO04787, V261,2024-06-24,2117.79,Cancelled
INV002610,inv2,PO04929,V202,2023-09-18,19486.32,Cancelled
INV002611, INV2,PO06127,V371,2023-04-21,14678.58,
INV002612,inv2,PO06668, V257,2023-03-15,36796.29,posted
INV002613, INV2,PO05717,V244,2024-04-12,80074.17,posted
INV002614, INV1,PO06353,V110,2023-01-13,26479.04,Cancelled
INV002615, INV2,PO01333,V046,2023-12-21,63571.99,Cancelled
INV002616,INV2,po03314,V109,2024-12-14,92939.82,posted
INV002617, INV2,PO06720,V427,2024-11-09,14169.84,
INV002618,inv2,po01015,V188,2023-02-24,59410.71,
INV002619,INV2,PO05750 ,V482,2024-03-14,3519.04,posted
INV002620,INV1 ,PO03545, V098,2023-11-10,93357.41,
INV002621,INV2,PO07856, V093,2023-09-01,69776.61,CANCELLED
INV002622,INV2 ,PO07576,V079,2024-10-06,13968.03,CANCELLED
INV002623,inv2,PO05404 , V085,2023-02-07,14738.65,
INV002624,inv1, PO06664,V175,2023-04-12,77333.16,
INV002625,INV2, PO06472, V188,2024-05-25,75243.21,posted
INV002626,INV2,PO04194,V475,2023-12-14,56329.78,
INV002627, INV1,PO07516,V190,2023-07-08,57941.46,posted
INV002628,INV1,PO02312,V130,2024-03-30,46127.1,CANCELLED
INV002629,inv2,PO06666 ,V376,2024-02-27,73407.35,
INV002630,INV1,PO06701, V271,2023-08-11,13567.79,
INV002631,INV2,PO07447,v241,2024-12-29,39413.74,posted
INV002632,INV2,PO07684 ,V248,2024-04-07,48207.69,posted
INV002633,inv1, PO02084,V064 ,2024-12-14,58839.24,POSTED
INV002634,INV1,PO03218, V397,2024-08-25,7062.62,
INV002635,INV1 ,PO07842,v377,2023-10-04,33103.85,posted
INV002636,INV1,PO03062 ,V142,2024-04-05,14805.8,posted
INV002637,INV2 ,po05865,V307,2024-04-15,89481.91,POSTED
INV002638,inv1,, V203,2024-08-06,76291.79,
INV002639,INV2, PO05768,V034 ,2023-11-27,58031.42,POSTED
INV002640, INV1,po05907,V114,2024-04-13,68800.93,CANCELLED
INV002641,INV2 ,po01983,v451,2023-03-21,44788.2,posted
INV002642,INV2,PO03238,V104,2024-07-19,30400.64,posted
INV002643,INV1,PO01361,v406,2023-07-08,65433.83,POSTED
INV002644, INV1,PO04825,v149,2023-09-12,23087.54,POSTED
INV002645,INV2,PO00508,V198 ,2023-06-11,87386.95,Cancelled
INV002646,INV2,PO07721,V110,2023-11-12,74602.95,Cancelled
INV002647,INV2,PO01537,V123,2023-04-27,52297.78,posted
INV002648,INV1,PO00617,V009,2024-02-29,78147.19,posted
INV002649,INV1,po06551,V113,2023-02-06,65016.29,
INV002650,INV2,PO04438, V298,2024-11-20,89211.58,Cancelled
INV002651,INV2,PO06786,V226,2023-01-09,,posted
INV002652,INV2,PO01777, V200,2024-05-12,78685.81,posted
INV002653, INV1,PO06142,v142,2024-05-11,90786.31,posted
INV002654,INV2 ,po06629,V492,2024-11-11,52594.02,posted
INV002655,INV1, PO03674,V301,2023-09-23,84272.59,
INV002656,INV2 ,PO02465,V224,2023-09-07,31563.68,CANCELLED
INV002657, INV1,PO01923,V336,2023-08-11,94821.51,Cancelled
INV002658,inv1, PO04597,V215,2024-12-10,29336.77,posted
INV002659,INV2 ,po02647,V279,2024-03-27,87616.32,Cancelled
INV002660,INV2 ,PO02500 ,V320 ,2023-09-14,19945.98,
INV002661,INV2,PO05014,V330,2024-06-06,24514.03,
INV002662, INV2, PO02762, V467,2024-01-11,69730.21,Cancelled
INV002663,inv1,PO06706,V373,2024-12-31,18483.69,posted
INV002664,INV1 ,po05766,V206,2024-05-07,90820.38,posted
INV002665,inv1,PO01531,V496,2023-02-08,6413.02,posted
INV002666, INV1,PO01715,V369,2024-04-07,7357.91,
INV002667,INV2 ,PO03486,V268,2023-03-29,30694.94,Cancelled
INV002668,inv2,PO02014,V033,2024-03-21,3105.51,
INV002669,INV1,PO05231,V064,2023-09-12,43144.75,
INV002670,INV2,PO00654 ,V031,2023-08-23,18105.91,POSTED
INV002671,INV1, PO00303, V499,2024-11-21,,Cancelled
INV002672,INV1 ,PO01667,v301,2023-04-05,63184.5,
INV002673, INV1,PO00029 ,V205,2023-06-26,17165.95,POSTED
INV002674,INV2,PO00037,v207,2023-04-25,54552.83,CANCELLED
INV002675,inv1,PO07606 ,V052,2024-03-02,,Cancelled
INV002676,INV1,po00666,V403,2023-04-20,46031.89,posted
INV002677,INV1,PO00322,V478,2024-07-26,68253.23,POSTED
INV002678,INV1,PO03141 ,v238,2024-05-31,18367.11,
INV002679,inv2,PO00580,V146 ,2024-09-01,75389.14,CANCELLED
INV002680,INV2 ,PO01412, V151,2024-12-27,60726.98,posted
INV002681,INV1,PO07185,V451 ,2024-01-07,31932.68,CANCELLED
INV002682,INV1,PO07952,V292,2023-11-22,20441.56,Cancelled
INV002683,INV2,PO02669,V057,2023-11-11,48584.06,CANCELLED
INV002684,INV1,PO00758,V331,2024-01-19,35891.46,posted
INV002685,inv2, PO04573,V266 ,2023-06-22,50679.5,posted
INV002686,INV2,PO03672,V206,2023-07-26,3618.47,Cancelled
INV002687,INV1,PO05779,V085 ,2024-03-17,49092.05,posted
INV002688,INV1,PO03464,V276,2024-07-04,994.39,posted
INV002689,INV1,PO03313,V497,2024-09-05,,CANCELLED
INV002690,INV1,PO03733,V252,2024-03-13,5418.1,posted
INV002691,INV1,PO00370,v313,2023-07-08,20851.32,POSTED
INV002692,inv1,PO04363,V081,2024-10-09,,
INV002693,INV2,po03669,V401,2024-04-14,41380.51,posted
INV002694, INV1,po01014, V312,2024-05-04,4692.58,Cancelled
INV002695,INV1, PO05995,V178,2023-03-23,80910.57,Cancelled
INV002696,INV1, PO07629,V314,2024-11-27,24488.03,
INV002697,INV2 ,PO00740,V343,2023-06-21,52234.31,CANCELLED
INV002698,INV1 ,PO05977,V154,2024-11-28,8823.93,posted
INV002699,INV2,PO04141,V008,2023-01-16,74204.56,posted
INV002700,INV1 ,PO03779,V334,2023-12-09,6766.44,posted
INV002701,INV2,po01011,V156 ,2023-06-14,55863.64,CANCELLED
INV002702, INV1,po06261,V007,2024-05-09,77175.44,POSTED
INV002703,INV1,PO01109,V354,2023-03-12,32882.04,posted
INV002704,inv2,PO00915 ,V234,2024-10-22,66499.84,posted
INV002705,INV2, PO04185,V200 ,2023-03-26,52755.52,
INV002706,INV2 ,PO06317,V417,2023-11-02,46266.12,CANCELLED
INV002707,INV2,PO06558, V232,2023-03-17,93966.25,
INV002708,INV1,po02112,V152,2024-10-25,59992.36,posted
INV002709,INV2 ,PO02520,V403,2023-01-18,16978.15,posted
INV002710,inv1,po03048,V423 ,2023-02-26,92239.95,POSTED
INV002711,INV2,PO07286,V203,2024-07-13,33925.68,
INV002712,INV1,PO07881,V296 ,2023-10-17,43030.32,CANCELLED
INV002713,INV1,PO07684,V440 ,2023-11-03,68982.88,
INV002714,INV1, PO02254, V002,2023-01-23,66463.05,CANCELLED
INV002715,INV1,PO06240 ,V448 ,2023-10-15,12085.04,
INV002716,INV1,PO06243,V426 ,2024-08-07,57859.5,CANCELLED
INV002717, INV2,PO07816,V076,2023-01-19,15299.61,posted
INV002718,INV1, PO01004, V420,2024-01-28,,POSTED
INV002719,INV1,PO03030,V274,2023-01-21,88305.66,CANCELLED
INV002720, INV1,PO04863,V186,2024-09-19,92025.98,
INV002721,INV1, PO06844, V023,2023-05-22,79922.68,CANCELLED
INV002722,INV2,po05472, V046,2023-03-09,14173.91,POSTED
INV002723,INV2,PO00597, V123,2023-04-19,42159.63,POSTED
INV002724,INV1,po07573,V198 ,2023-07-06,72345.03,CANCELLED
INV002725,INV2,PO05379 , V065,2024-01-09,42910.16,posted
INV002726,INV2 ,PO06319, V131,2023-09-11,1707.91,Cancelled
INV002727,INV1,PO07329,V171,2024-07-24,62145.46,CANCELLED
INV002728,INV1,PO00656,V136,2024-07-05,30071.52,CANCELLED
INV002729,inv1,PO01419,v294,2024-12-21,,CANCELLED
INV002730,INV1,po03741, V163,2023-08-22,29430.02,
INV002731,INV1 , PO00949,v346,2024-03-20,88567.05,Cancelled
INV002732,INV1 ,PO04106,v130,2023-02-23,50227.62,CANCELLED
INV002733,inv1,PO00839,V010,2023-01-08,28554.77,Cancelled
INV002734,inv1,PO02902, V206,2024-06-09,13258.74,CANCELLED
INV002735,INV2 , PO00496,V007,2024-01-31,3881.47,
INV002736, INV2,po06132,v057,2024-09-12,20684.92,POSTED
INV002737,INV1,PO02259,V473 ,2023-06-14,45364.05,
INV002738,INV1 ,PO06496, V163,2023-01-20,29474.01,POSTED
INV002739,INV1,PO04435,V335,2024-12-15,51394.6,POSTED
INV002740,INV2,PO04107, V122,2023-02-27,73100.3,POSTED
INV002741,INV2,PO03643,V354,2023-10-20,39196.5,CANCELLED
INV002742,inv2,po03404,V242,2024-03-08,31484.06,CANCELLED
INV002743,INV2,PO00863,V368,2023-01-23,76566.71,CANCELLED
INV002744,INV1 ,po07290,V129 ,2024-03-14,22240.19,posted
INV002745,INV1,PO01664 , V085,2024-09-20,32593.28,Cancelled
INV002746,INV1,PO07707,V181 ,2023-01-11,37580.67,Cancelled
INV002747,INV2,PO00403,V369,2024-07-17,37278.59,Cancelled
INV002748,inv1,PO04349,V464 ,2023-04-18,58715.84,POSTED
INV002749,INV2 , PO02945,V062,2024-08-14,88344.41,POSTED
INV002750,INV2,PO02726,V285,2023-08-09,20047.43,POSTED
INV002751,INV1 ,PO01808,v499,2023-05-18,57120.23,posted
INV002752,INV1,PO07764,V056,2024-01-29,57518.14,
INV002753,INV1,PO02742,V016,2023-08-23,88677.27,posted
INV002754,INV2 ,PO04370,V128,2023-02-01,71778.29,Cancelled
INV002755,INV2,PO06573,V444,2024-03-22,6775.11,CANCELLED
INV002756, INV2,po05268,V022,2024-08-26,79108.86,POSTED
INV002757,INV2,po03033,V020,2024-08-03,77232.42,Cancelled
INV002758,inv1,PO03304,V485,2024-12-24,60928.05,
INV002759,inv1,PO05570,V219,2023-08-05,63734.47,posted
INV002760,inv2, PO00893,V226,2024-11-06,19876.64,Cancelled
INV002761,INV2, PO00246,V165,2024-04-25,43317.12,
INV002762,INV1,PO07373 ,V321,2023-03-06,91180.54,Cancelled
INV002763,INV1,PO00996,V272,2024-01-08,68244.54,POSTED
INV002764,INV2,PO01288,V227 ,2023-12-03,77416.01,posted
INV002765,INV2,PO02347,V230,2024-10-24,78278.65,posted
INV002766,INV1,PO07473,V341,2024-01-05,12945.54,
INV002767, INV1,PO04908,V102,2024-07-19,9454.0,Cancelled
INV002768,inv2,PO03498 ,V287 ,2023-12-16,31547.5,POSTED
INV002769,INV1, PO01856,V383,2024-10-31,86569.28,
INV002770,INV2 ,po03898,V341,2024-06-03,10570.96,POSTED
INV002771,INV2, PO05713,V364,2024-06-27,44167.26,CANCELLED
INV002772,INV1,PO05261, V483,2023-03-16,70509.25,
INV002773,INV1,po01419,V343,2023-08-26,88288.26,posted
INV002774,INV1,po04553,,2023-11-19,52019.92,
INV002775,inv2, PO05534,V429,2024-12-08,84278.87,
INV002776,INV2 ,PO06291 ,V075,2024-03-04,59570.47,posted
INV002777,INV1, PO01054,V069,2023-02-06,47297.72,Cancelled
INV002778,INV1, PO01183,V186 ,2023-05-15,61080.71,CANCELLED
INV002779,INV1,PO04155 ,V350,2023-01-26,74950.8,posted
INV002780,INV2,PO04973 , V417,2023-11-22,22719.07,POSTED
INV002781,INV1,PO06938,v313,2023-01-14,23926.25,Cancelled
INV002782, INV2,PO02719 ,V098,2024-11-20,90909.48,POSTED
INV002783,INV1,PO07409 , V161,2024-10-09,35104.68,POSTED
INV002784,inv2,PO02232,V423,2024-08-01,3817.31,CANCELLED
INV002785,INV2,PO00267,V054,2023-08-04,87255.47,CANCELLED
INV002786,INV2,PO04595, V352,2024-12-03,36461.15,POSTED
INV002787,INV2,po02879,v115,2023-02-09,80551.93,CANCELLED
INV002788,INV1,po05857,V190,2024-10-20,22922.89,
INV002789, INV2,PO06299 ,V081,2024-06-20,52854.98,CANCELLED
INV002790,INV2,PO04104,V242 ,2023-03-23,45653.52,posted
INV002791,INV1 ,PO01413,V078 ,2023-01-14,9775.7,
INV002792,inv2,PO03882,v294,2023-08-02,39865.1,Cancelled
INV002793,INV1,PO02873,V092,2023-08-05,5814.71,Cancelled
INV002794,INV2,po07839,V474,2024-12-10,1039.24,Cancelled
INV002795,INV2,PO02112, V357,2024-01-03,53448.32,Cancelled
INV002796,inv2,po06351,V315,2024-02-27,7801.68,posted
INV002797,INV1,PO00668,V223,2023-08-05,80463.1,posted
INV002798,INV1,PO00326,V086,2024-04-23,,CANCELLED
INV002799,INV1,PO02139,v456,2024-06-10,47339.52,CANCELLED
INV002800,INV2,PO07047,V412 ,2024-07-26,94368.47,CANCELLED
INV002801,INV2, PO01392,V325,2023-02-27,3742.79,CANCELLED
INV002802,INV2 ,PO07831 ,V061,2024-10-24,85468.89,posted
INV002803,INV2,PO07333,V151,2023-09-24,81751.26,POSTED
INV002804, INV2, PO01168, V047,2024-04-26,47769.35,Cancelled
INV002805,INV2 , PO07557, V408,2024-09-06,77070.14,
INV002806,INV2 ,PO02363,V360,2024-10-27,59675.76,Cancelled
INV002807,INV2,PO00946,V240,2024-06-03,45526.23,POSTED
INV002808,INV1 ,PO01339,v274,2023-05-27,20660.5,Cancelled
INV002809, INV1, PO05960,V322,2023-03-26,10441.34,CANCELLED
INV002810,inv2, PO05209, V455,2024-10-10,49150.84,POSTED
INV002811,INV2 ,PO06620,V464,2023-05-13,92131.9,posted
INV002812,INV2,PO02259,V218,2023-10-26,11783.92,CANCELLED
INV002813,INV2,PO02675, V437,2023-05-31,85000.06,Cancelled
INV002814,INV2 ,PO05631 ,V166 ,2024-08-31,80819.35,
INV002815,INV1,PO07068,V183,2023-05-20,6711.19,CANCELLED
INV002816,INV2,PO05527, V498,2023-01-02,86841.17,posted
INV002817,INV2,po04595,V404,2023-11-04,68040.95,
INV002818,inv2,PO01423,V417,2024-02-11,69900.85,CANCELLED
INV002819,INV1 ,po04507,V486,2023-11-21,94623.81,Cancelled
INV002820,INV1, PO03862,V374,2023-07-29,94325.83,POSTED
INV002821,INV2,PO07646 ,V261,2024-06-05,60656.11,
INV002822,inv2,PO04882, V491,2024-11-11,45662.47,
INV002823,inv1,PO02888,V228,2024-06-13,61458.78,Cancelled
INV002824,INV1 ,PO02309,V323 ,2023-12-01,41675.63,Cancelled
INV002825,INV1,PO00281 ,V436,2024-12-28,29797.13,
INV002826,INV2,PO02945, V401,2023-12-13,18281.86,
INV002827,INV2, PO04557, V024,2023-12-11,50723.7,POSTED
INV002828,inv2,PO04895,V462,2023-04-26,14797.87,
INV002829,INV1,PO02853 ,v181,2024-05-12,21863.12,
INV002830,INV1 ,PO06040, V478,2023-09-08,24878.73,posted
INV002831,INV1 ,PO01984,V084 ,2023-10-15,62601.24,posted
INV002832,inv2,po07190,V126 ,2024-07-08,71213.95,
INV002833,INV2, PO02861,V399,2023-07-08,24850.32,CANCELLED
INV002834,INV1,PO00004,V211 ,2023-01-16,22790.7,
INV002835,INV1 ,PO04624,V107,2024-10-05,18172.17,
INV002836,INV2,PO03729 ,V153 ,2024-11-20,56582.38,Cancelled
INV002837, INV1, PO01658,v478,2024-04-30,1835.15,posted
INV002838,inv2,PO02442,V477,2023-07-03,39718.73,POSTED
INV002839,INV2,PO07835,V391,2024-06-06,74914.46,CANCELLED
INV002840,INV1 , PO02361,V003,2023-06-09,51534.09,POSTED
INV002841,INV2,PO06466 ,V394,2023-01-11,83650.24,CANCELLED
INV002842,INV2,PO05005,V400,2024-01-28,47097.04,posted
INV002843,inv1,PO04533,V029,2024-10-03,14313.03,
INV002844,INV2,PO02350 ,V314,2024-10-31,94225.86,
INV002845,INV1 , PO07839,V278 ,2023-06-16,92470.05,POSTED
INV002846,INV1 , PO06120,V301,2024-07-07,62651.18,CANCELLED
INV002847,INV1,PO05096,V116,2023-08-06,93447.39,
INV002848,inv1,po05862,V360,2024-04-27,90300.11,POSTED
INV002849,INV1,PO01304, V328,2024-09-24,49945.56,posted
INV002850,INV2,po03732,V301,2024-04-08,21314.97,POSTED
INV002851,INV2,PO07118,V009,2024-11-22,71747.72,CANCELLED
INV002852,INV2,po07995,V281,2023-07-04,32943.04,Cancelled
INV002853,INV1,PO05918,V365,2024-01-05,3600.4,
INV002854,inv2,PO02665,V373,2024-01-12,30174.87,POSTED
INV002855,INV2,PO06905 ,V385,2023-06-02,25618.16,posted
INV002856, INV1,PO02023,V036,2023-03-28,64919.93,POSTED
INV002857,INV2,PO00641,v495,2023-04-26,22213.56,Cancelled
INV002858,INV2,PO05242,v260,2023-07-24,78571.77,posted
INV002859,inv1, PO06097,V287,2024-10-19,75720.25,posted
INV002860, INV1, PO05871,V496,2024-11-06,56925.34,Cancelled
INV002861,inv2,po02936,V368,2024-01-30,11343.7,posted
INV002862,INV1,po06789,V427,2023-08-20,36185.61,POSTED
INV002863,INV2,PO06448,V195,2023-06-13,1639.93,
INV002864,INV2,PO03010,V412,2023-02-14,80290.04,CANCELLED
INV002865,inv1,PO03513,V235,2023-07-08,41261.2,POSTED
INV002866,INV2,PO03487, V242,2023-12-23,69327.98,CANCELLED
INV002867,INV2 ,PO00538,v266,2024-01-15,21520.71,
INV002868,INV2,,V410,2024-03-10,85389.26,CANCELLED
INV002869, INV2, PO03358,V043,2023-01-21,50383.22,posted
INV002870,INV2 ,PO03184 ,V403,2023-06-28,11752.41,
INV002871, INV1,PO05273 , V042,2024-04-27,77316.56,Cancelled
INV002872, INV2, PO06609,V128,2024-05-18,50660.65,posted
INV002873, INV2, PO01794,V187,2023-12-21,6321.03,CANCELLED
INV002874,inv1,po04089, V226,2023-11-29,24949.03,CANCELLED
INV002875,INV1,PO04034,V254,2024-03-21,23352.66,Cancelled
INV002876,INV1, PO03181,v042,2024-07-15,94998.0,CANCELLED
INV002877,inv1,PO02828,V032 ,2023-07-19,,CANCELLED
INV002878,INV1 , PO02446,V378,2024-01-08,82559.13,CANCELLED
INV002879,INV1 ,po05291,V075,2024-02-11,44692.64,POSTED
INV002880,INV2,PO06266,V104,2024-12-23,78474.38,Cancelled
INV002881,INV2, PO01516,V324,2023-03-05,40714.42,POSTED
INV002882,INV2,PO01021,V442,2023-03-03,73765.25,Cancelled
INV002883,inv1,PO02477 ,V176 ,2023-02-06,46148.84,
INV002884,INV2,PO02484,V416 ,2024-07-13,17943.44,POSTED
INV002885,INV1,PO01289,V217,2024-08-03,6416.33,posted
INV002886,INV2,po04623,V062,2023-02-28,42508.07,
INV002887,inv2, PO04824, V159,2023-11-10,35613.5,Cancelled
INV002888,INV1 ,PO07352,V039 ,2024-10-30,,POSTED
INV002889,INV2 ,PO03649 ,V277,2024-11-02,86024.01,Cancelled
INV002890,INV1,PO02314,V450,2024-07-15,16682.33,POSTED
INV002891, INV2,PO02303 ,V358,2024-07-20,51460.26,posted
INV002892,INV2,PO00547,V094,2024-12-29,23020.74,POSTED
INV002893,INV1,PO02143,v461,2024-04-18,78346.33,Cancelled
INV002894, INV2,PO05804,v344,2023-11-24,,Cancelled
INV002895,INV2,PO01202, V008,2024-07-28,55303.35,
INV002896,INV1 , PO01140,V142,2023-03-09,86331.52,POSTED
INV002897,INV1, PO01092,V028,2024-03-29,53904.97,posted
INV002898,INV2,po01413,V264,2024-02-12,87059.46,Cancelled
INV002899,INV1,po02385,v263,2024-02-02,42818.5,CANCELLED
INV002900, INV2,PO04603,V156 ,2024-12-20,35751.9,POSTED
INV002901,INV1,PO05042,v465,2024-02-03,84492.7,Cancelled
INV002902,inv1,PO02490,V232,2024-09-19,56306.63,posted
INV002903,INV2,PO02563,,2023-11-29,31050.88,POSTED
INV002904,INV1,PO05690, V041,2024-05-11,75654.66,CANCELLED
INV002905,INV1 ,po06079,V265,2024-06-07,6708.39,CANCELLED
INV002906,INV2,po04289,V163,2024-09-03,5948.26,
INV002907,INV1,PO00758,V241 ,2024-08-30,54162.17,posted
INV002908,INV2,PO00484,v386,2023-10-24,52511.07,Cancelled
INV002909,INV1,PO05939, V101,2023-08-25,45813.52,CANCELLED
INV002910,INV1 ,PO05250,V028,2023-11-13,79252.81,
INV002911,INV2,PO04740 ,V356,2024-12-03,59296.68,posted
INV002912,INV1,PO05251 , V141,2023-05-27,33137.65,POSTED
INV002913,INV1,PO00762 ,V301 ,2023-02-01,94396.51,Cancelled
INV002914, INV2,PO02143,V307 ,2024-01-17,93489.85,CANCELLED
INV002915,INV1 ,PO07491,V126,2023-07-21,89510.97,posted
INV002916,INV1 ,PO00573,V110,2023-11-09,26056.69,posted
INV002917,INV2,PO02688,v157,2024-06-10,42667.04,posted
INV002918,INV1, PO07667,V156,2023-12-22,41045.61,Cancelled
INV002919,INV2 ,PO06937 ,v213,2024-10-22,69436.66,POSTED
INV002920,INV2,PO04182 ,V226,2023-07-23,43144.13,POSTED
INV002921,INV1,PO03501,V298,2024-05-02,,posted
INV002922,INV2,PO01755, V411,2023-07-21,81723.72,posted
INV002923,INV1, PO04471, V452,2023-07-12,28855.9,Cancelled
INV002924,INV2, PO03691,V496,2024-11-21,64981.74,posted
INV002925,INV2,PO05362,V375 ,2024-06-29,45016.37,Cancelled
INV002926,INV2,po02242,V486,2024-06-07,1247.05,Cancelled
INV002927,INV1 ,PO06358,V245,2023-08-22,69055.16,Cancelled
INV002928,INV1 ,PO07054,v326,2024-03-09,86236.16,Cancelled
INV002929, INV2,PO07374,v101,2023-05-19,24865.63,Cancelled
INV002930, INV2,PO00222 ,V209 ,2023-11-20,57859.74,posted
INV002931,inv1,PO03258,V140,2024-03-03,84521.77,posted
INV002932,INV1,PO00936,V369 ,2023-02-18,55247.51,posted
INV002933,INV2,po04691,V061,2023-01-30,94567.49,POSTED
INV002934,INV2, PO06129,V409 ,2023-11-04,29224.27,CANCELLED
INV002935,INV1,PO05662,V424,2023-07-09,18564.6,Cancelled
INV002936,INV1 ,PO00309,V099,2024-02-13,42565.71,posted
INV002937,INV1 ,PO00292,V431,2023-01-04,32340.07,
INV002938,INV1,PO02863,V465,2023-09-13,60482.58,Cancelled
INV002939,INV2,PO05471,V479,2024-06-03,10860.63,
INV002940,INV2,PO04302,V143,2024-09-08,87485.38,Cancelled
INV002941,INV1,PO03164,v333,2023-01-10,85930.28,posted
INV002942,INV1,PO05294 ,V100,2023-01-05,82158.92,CANCELLED
INV002943,INV2 ,PO02959, V456,2023-03-24,15271.63,
INV002944,INV2 ,PO01283,V017,2024-03-31,41443.57,Cancelled
INV002945,INV2,PO07887,V404,2024-09-24,80243.66,CANCELLED
INV002946,inv2,PO07940,V164 ,2023-03-31,12166.87,posted
INV002947,INV2 ,PO03828,V168,2024-03-29,92106.82,CANCELLED
INV002948,INV2,PO04089,V374 ,2024-09-05,17909.32,posted
INV002949,INV1,PO05515,V390,2024-02-22,70633.8,posted
INV002950,INV2,po02835,V255,2023-09-24,9494.24,POSTED
INV002951,inv2,PO00125,V263,2024-07-17,77245.22,posted
INV002952,INV2,PO03656,V168,2023-09-01,16801.4,
INV002953,INV2,PO06753,V319,2023-02-23,16444.68,CANCELLED
INV002954,INV1,PO07418,V381,2023-09-09,2346.68,Cancelled
INV002955,INV2 ,PO00781, V090,2023-03-30,2326.11,posted
INV002956,inv2,PO06178,V053 ,2024-08-25,1937.61,POSTED
INV002957,INV1,PO03537,V342,2024-01-05,36680.08,Cancelled
INV002958,INV2,PO05188,v338,2023-03-19,5866.35,Cancelled
INV002959, INV2,PO01532 ,V027,2023-09-08,92941.08,Cancelled
INV002960,INV1, PO06507,V256,2024-07-14,57813.91,POSTED
INV002961,INV2,PO02285 ,V463,2024-11-06,76436.93,posted
INV002962,inv2, PO05740, V013,2023-04-07,5756.61,Cancelled
INV002963,INV2,PO03663,V355 ,2024-12-15,92732.06,POSTED
INV002964,INV2 , PO04589,V435,2023-03-20,94502.32,posted
INV002965,INV2,PO04515, V127,2024-01-10,23142.33,
INV002966,INV2,PO05529,V121,2024-11-06,32929.9,Cancelled
INV002967,INV2, PO01738, V468,2024-10-10,43606.45,CANCELLED
INV002968,INV1,PO04839,v334,2024-12-22,47275.93,CANCELLED
INV002969,inv1,PO02851,V433,2024-01-02,,POSTED
INV002970,INV2,PO03320 ,V273,2023-06-20,51792.15,POSTED
INV002971,INV1,PO04613,V293,2024-02-02,4649.99,Cancelled
INV002972,INV1,PO03809, V458,2023-07-05,46311.18,Cancelled
INV002973,INV1,PO03906,V374 ,2024-03-24,86189.56,posted
INV002974,INV1, PO06862,V188,2024-05-28,56427.67,POSTED
INV002975,INV2,PO04893,V296,2024-01-30,31714.14,POSTED
INV002976,INV2,PO02016 ,V407,2024-11-12,61073.2,Cancelled
INV002977,INV1 ,PO02652,V027,2023-12-04,8705.36,posted
INV002978,INV1, PO01629,V233,2023-06-28,74356.72,Cancelled
INV002979,INV1,PO05512 ,V214,2024-05-12,19105.88,CANCELLED
INV002980,inv1, PO00146,V389,2023-04-14,20182.64,POSTED
INV002981, INV1,PO06552,V139,2024-04-08,3088.35,posted
INV002982,INV2 ,po02138,V222,2023-10-15,93064.37,posted
INV002983,INV2,PO01859 , V448,2024-07-17,52330.44,CANCELLED
INV002984,INV2 ,po04259,V489,2024-06-13,25435.82,POSTED
INV002985,INV1, PO03717,V334,2024-03-26,69205.06,CANCELLED
INV002986,INV1 ,PO01605,V480,2024-07-11,15647.71,
INV002987,inv2,PO03779,v032,2024-12-22,21393.33,posted
INV002988,INV2,PO01323,V475,2024-01-04,17014.91,CANCELLED
INV002989,INV1,PO03286,V274,2024-10-28,93610.88,posted
INV002990,INV1 ,PO04025,V054,2024-08-30,20249.84,
INV002991,inv2,PO07434,V262 ,2023-07-23,23906.67,CANCELLED
INV002992,INV1 ,po02254,V357,2023-04-08,,posted
INV002993, INV1,PO02082 ,v169,2023-11-13,,POSTED
INV002994,INV1,PO02402,V074,2024-07-05,44909.02,POSTED
INV002995,inv2,PO00126,V318,2023-12-13,94678.9,
INV002996,INV1 ,PO07704,V283,2024-01-20,,POSTED
INV002997,inv1,PO03513,V319,2023-03-23,57773.41,Cancelled
INV002998,INV1,PO06660,V046 ,2023-09-04,2755.84,Cancelled
INV002999,INV1,PO07381,V076,2024-04-08,3208.53,
INV003000,INV2 ,po07298,v113,2024-12-31,66764.87,posted
INV003001,INV1,po04885,V259,2023-07-17,9156.14,Cancelled
INV003002,INV2,PO07874,V039,2023-09-14,69745.68,CANCELLED
INV003003,INV1, PO03457,V126,2023-03-04,78813.93,Cancelled
INV003004,INV2,PO05195,V146,2024-11-20,93223.95,
INV003005,INV1 ,PO06416 ,V490,2024-08-17,83190.83,Cancelled
INV003006,INV1,PO03355,V176,2023-12-09,10274.38,
INV003007,INV1,PO00767 ,V379,2024-11-27,15968.83,CANCELLED
INV003008,INV1,PO03691,V025,2023-04-23,72010.29,POSTED
INV003009,INV2,PO02741 ,V405 ,2023-12-30,26858.06,Cancelled
INV003010,INV2, PO07524,v468,2023-10-04,44553.18,POSTED
INV003011,INV2,PO03894,v374,2024-03-07,73901.99,
INV003012,INV1,PO03976,V431 ,2024-07-05,38134.2,POSTED
INV003013, INV2, PO01032,V370,2024-08-27,42868.9,CANCELLED
INV003014,INV2,PO00993,V079,2024-12-30,85402.45,CANCELLED
INV003015,INV2,po07168, V273,2023-03-25,82581.15,
INV003016,INV2 ,PO03458,v078,2024-03-22,52254.57,
INV003017,inv1, PO01956,V015,2023-11-10,3864.27,CANCELLED
INV003018,INV2,PO04956,V444 ,2023-01-11,83898.98,CANCELLED
INV003019, INV2,PO02970,V191 ,2023-10-28,87597.87,
INV003020, INV2,PO06050,V386,2024-02-14,3754.14,
INV003021,INV1, PO07772,V348,2023-10-07,,Cancelled
INV003022,inv2,PO07695,V341,2024-03-10,2034.88,
INV003023, INV2,PO04299,V207,2024-12-24,9390.05,CANCELLED
INV003024, INV2,PO01634,V150 ,2024-11-13,39821.15,
INV003025, INV2,PO05522,V334,2024-03-10,77908.81,Cancelled
INV003026,INV2,PO03763,v228,2024-11-20,12076.92,CANCELLED
INV003027,inv2, PO05824,V076 ,2023-12-05,13485.86,Cancelled
INV003028,INV2,PO05963,V485 ,2023-05-07,68217.64,CANCELLED
INV003029,INV1,PO04833 ,V415,2024-03-14,50133.1,CANCELLED
INV003030,INV2,PO03036,V268,2024-09-11,78068.25,Cancelled
INV003031,INV2, PO00071,v002,2023-10-02,26379.0,CANCELLED
INV003032,INV1,PO03176 ,V012,2024-07-10,87555.02,
INV003033,INV1,PO02440,v142,2023-06-27,87176.17,CANCELLED
INV003034,INV1 ,PO07863,V063,2023-11-17,28334.3,posted
INV003035, INV1,PO06782 ,V352,2023-03-19,,posted
INV003036,INV2,PO01192,v085,2023-01-31,40130.32,posted
INV003037,INV2,PO06014,V365,2023-03-12,66264.9,CANCELLED
INV003038, INV1,PO03239 , V041,2024-10-01,68804.47,
INV003039,INV2, PO02817, V178,2023-12-11,93642.92,Cancelled
INV003040,INV2, PO00789,,2024-07-22,59442.44,CANCELLED
INV003041,INV1,PO04371,V408,2024-11-27,52181.81,Cancelled
INV003042,INV1 ,PO07492,V377,2023-04-14,18947.01,
INV003043,INV1 ,PO04389,V006,2023-04-10,52773.72,Cancelled
INV003044,INV2 ,po01161,V059 ,2023-06-17,33705.0,
INV003045,inv2,PO01113 ,V110,2024-09-21,84297.23,posted
INV003046,INV2, PO01343,V404,2023-12-25,20568.68,Cancelled
INV003047,INV2,po01392, V075,2024-06-08,8290.21,posted
INV003048, INV2,PO00564, V475,2023-02-05,50078.9,CANCELLED
INV003049,inv1,PO05125,V399 ,2024-03-29,60442.41,CANCELLED
INV003050,inv2, PO03639,V096,2024-10-18,11289.59,Cancelled
INV003051,INV2,PO04706,v163,2024-04-27,44165.51,posted
INV003052,inv2,PO00215,V170 ,2024-01-27,19279.24,CANCELLED
INV003053,INV2,PO05708,V077 ,2024-08-28,73878.04,POSTED
INV003054,INV2,PO06077,V155,2023-07-06,77340.9,Cancelled
INV003055,inv1,po07592,V169,2024-05-16,15452.27,
INV003056,INV1, PO02856, V477,2023-10-18,6343.62,
INV003057,INV1,PO07547,V335,2023-01-06,64330.45,CANCELLED
INV003058,INV2 ,PO02750, V029,2024-05-22,71605.34,CANCELLED
INV003059, INV2,PO00843,V153,2023-10-27,81204.87,Cancelled
INV003060,INV1,po05032,V085,2024-07-03,,POSTED
INV003061,INV1, PO07640,V019,2023-06-10,44247.25,
INV003062, INV2,po06230,V422,2023-09-04,78948.28,posted
INV003063,INV1,PO05357,V031,2024-07-09,20026.3,posted
INV003064,inv2,po06192,v211,2024-05-23,77345.97,Cancelled
INV003065,INV1 ,PO04479,V245 ,2023-10-09,2826.16,Cancelled
INV003066, INV2,PO01593,v472,2024-04-02,36319.17,posted
INV003067,INV1,PO01156,v219,2024-04-19,48998.19,Cancelled
INV003068,inv1,PO05608 , V070,2024-04-29,10596.04,
INV003069,INV2,PO07684,v423,2024-08-12,25458.3,CANCELLED
INV003070,INV2,po01494, V474,2024-07-11,83786.63,Cancelled
INV003071,INV2 , PO06849, V007,2023-05-22,14388.8,CANCELLED
INV003072, INV2,PO05006,V005 ,2024-06-28,77713.47,POSTED
INV003073,INV2, PO07606, V439,2024-03-02,71960.96,POSTED
INV003074,INV1,po07023,V114,2024-09-17,16742.92,POSTED
INV003075, INV1,PO00574,V249,2024-03-19,10411.91,posted
INV003076,INV1,PO02725,v186,2023-12-03,68756.3,POSTED
INV003077,INV2,PO07917,V470,2023-07-30,12639.81,posted
INV003078,INV1,PO07468,V435,2023-07-21,65663.6,POSTED
INV003079,INV1,PO00844,v206,2023-06-10,36795.41,POSTED
INV003080,inv2,PO07308,v449,2024-12-06,76516.76,Cancelled
INV003081,INV1 ,PO01406,V354,2024-04-24,14950.04,Cancelled
INV003082,INV1 ,PO00806,v447,2024-01-27,35976.31,POSTED
INV003083,INV1,PO00307,V487,2023-02-10,31851.76,Cancelled
INV003084,INV2, PO04496, V366,2024-12-08,89036.47,POSTED
INV003085,INV2 ,PO01493,V303,2024-08-24,,CANCELLED
INV003086,INV2,PO05459,V200,2024-11-02,30716.41,CANCELLED
INV003087,INV2 ,PO02712,V312 ,2024-09-18,11762.45,
INV003088,INV2 ,po00600,v070,2023-12-28,,CANCELLED
INV003089,inv2,PO06900,V470,2023-03-03,83141.16,CANCELLED
INV003090, INV2,PO00947,V395 ,2024-06-26,78327.12,
INV003091,INV1,PO05142 ,V057 ,2023-02-20,23670.12,posted
INV003092, INV2,PO03836,v008,2023-12-20,58784.49,posted
INV003093, INV1,PO04797,V492,2024-02-21,52680.83,posted
INV003094,INV2,PO00340,V005,2024-03-15,86115.52,CANCELLED
INV003095, INV2, PO05591,V004,2023-05-02,83172.41,
INV003096,INV1 , PO00363,V387,2024-03-14,82111.43,CANCELLED
INV003097,INV1,PO07386 ,V193,2024-08-20,39869.32,POSTED
INV003098,INV2, PO01855,V079,2024-02-29,9341.77,posted
INV003099, INV1, PO00198,V311,2024-05-11,36678.87,POSTED
INV003100, INV2,PO00210 ,V218,2024-11-09,78548.98,CANCELLED
INV003101,INV1,PO00829,V127,2024-02-22,55629.33,POSTED
INV003102,INV1,po00855,V421,2024-12-31,,posted
INV003103,,PO05077,V475,2023-05-26,74824.27,POSTED
INV003104,inv1,PO03496,V101,2024-11-14,11648.41,CANCELLED
INV003105,INV1,PO02722,V013,2024-03-12,15839.91,CANCELLED
INV003106,INV1,PO04220,v403,2024-07-21,51348.13,Cancelled
INV003107,INV2,po03195, V378,2024-11-13,77008.28,Cancelled
INV003108,INV1,po01191,V483,2023-07-09,57097.68,CANCELLED
INV003109,INV2,PO03591,V275,2023-12-14,54508.06,posted
INV003110,INV2, PO07949,V016 ,2024-12-16,12428.85,
INV003111, INV2, PO03935,V049 ,2023-06-20,52297.94,posted
INV003112,INV2,PO03052 ,V209,2024-08-10,38226.71,CANCELLED
INV003113,INV1,PO01654,V114 ,2023-07-06,35790.64,
INV003114,INV1 ,PO05298,v032,2024-07-21,77715.6,
INV003115,INV1,PO07837,V406,2024-05-25,52006.71,POSTED
INV003116,INV1 ,PO00953,V049,2023-03-11,29374.65,CANCELLED
INV003117, INV2,PO05774,V098,2023-12-04,37650.38,
INV003118,INV2,po03014,V049,2023-08-23,27893.69,
INV003119,INV2,PO05645,V464 ,2023-09-21,11131.06,
INV003120,INV2,PO01043, V049,2024-12-05,6118.84,Cancelled
INV003121,INV1,PO00277,V330,2024-11-23,7183.69,CANCELLED
INV003122,INV1,PO03776,V132 ,2024-08-31,88376.78,posted
INV003123,INV1,PO00173, V105,2023-11-16,61799.37,posted
INV003124,INV2 ,PO06844,v289,2024-02-21,76312.79,CANCELLED
INV003125, INV2, PO06255,V191,2024-05-27,10174.8,posted
INV003126,inv1, PO05557,V181 ,2024-04-25,19958.81,posted
INV003127,INV2,po05637,V396,2024-11-12,,
INV003128,INV1,PO06270 ,V462,2023-06-12,42946.19,
INV003129,inv1, PO03538,V425,2024-04-07,34425.25,POSTED
INV003130,INV2,PO02220,V499,2024-10-14,88646.73,POSTED
INV003131,INV2 ,po00674,V408,2023-04-12,84033.32,posted
INV003132,INV2,PO07018 ,V214 ,2024-10-01,68433.99,posted
INV003133,INV1,PO06645, V154,2024-04-28,55744.64,CANCELLED
INV003134,INV1,PO04080,v272,2023-01-27,82667.36,
INV003135,inv1,PO03302,V224,2024-04-06,17997.73,
INV003136,INV2 ,PO00383 ,V216,2023-02-21,18194.39,Cancelled
INV003137,inv2,PO00805,v094,2023-02-04,9113.87,Cancelled
INV003138,INV2,PO02058,V378,2023-01-04,,POSTED
INV003139,INV2,PO04310,v229,2023-08-07,56505.26,
INV003140,INV2,po06418,V095,2023-09-19,71072.2,
INV003141,inv1, PO04157,V134,2024-08-09,77739.38,posted
INV003142,inv1,PO00458,V205,2023-05-16,32120.9,posted
INV003143, INV2, PO00930,v297,2023-04-16,24710.03,posted
INV003144, INV1, PO05108,v285,2024-05-23,30790.84,
INV003145,INV2,PO02483 ,V201 ,2023-12-08,20961.86,
INV003146, INV2,po07217,V001,2023-07-19,16096.32,posted
INV003147,INV1,PO05608,V096,2023-09-04,82050.37,Cancelled
INV003148,INV1 ,PO05335,v019,2024-12-14,65986.32,posted
INV003149,INV1 ,po03093,v357,2024-02-13,87855.62,POSTED
INV003150,INV1,po03851,V017,2023-03-26,16937.31,POSTED
INV003151,inv1,PO07824,V106,2023-10-08,17558.79,CANCELLED
INV003152,inv1,PO06383,V420 ,2024-07-13,51579.57,Cancelled
INV003153,INV2,po07798,V070,2023-12-29,72569.89,
INV003154,INV1 ,PO00338 ,V131,2023-08-06,44079.88,posted
INV003155,INV2, PO05033, V222,2023-10-21,39240.88,Cancelled
INV003156, INV2,PO04728,V323,2023-05-27,24003.95,
INV003157, INV2,PO06897 ,v053,2023-07-30,66140.05,posted
INV003158,INV1,PO00196 , V362,2024-11-24,93331.64,CANCELLED
INV003159,INV2 ,PO00259 ,v214,2023-07-05,17015.47,
INV003160,,PO03092,V108,2023-03-27,,CANCELLED
INV003161,INV2 , PO02512,V339 ,2024-02-23,62607.98,
INV003162,INV1,PO07057 , V473,2024-01-20,1040.35,Cancelled
INV003163, INV1,po03004,V003,2024-06-12,94934.14,Cancelled
INV003164,INV2,PO00803,V274,2023-09-06,94762.04,
INV003165,inv2,po06949,V381,2023-07-01,41524.93,Cancelled
INV003166,INV1,po03808,V277 ,2023-02-06,87631.94,posted
INV003167, INV2,PO03034,V370,2024-09-09,18494.93,POSTED
INV003168,INV2,PO02050,V066 ,2023-01-16,8940.97,
INV003169,INV1,PO01668 , V223,2024-11-15,,POSTED
INV003170,INV2 ,PO00107 ,V193,2024-04-03,47102.01,
INV003171,inv1, PO02382,v467,2024-08-22,,posted
INV003172,INV1,PO07487,V484 ,2024-01-22,66445.32,Cancelled
INV003173,INV1 ,PO05137 ,V039,2024-01-11,74977.51,posted
INV003174, INV1,PO04465,V189,2024-09-22,41047.43,CANCELLED
INV003175,INV2 ,po02216,V316,2024-09-24,60430.88,POSTED
INV003176,INV2,PO07159,V049,2023-08-03,80619.19,Cancelled
INV003177,INV2,po00192,V493,2024-04-17,68732.63,
INV003178,INV2,PO00846,V237,2023-01-15,86877.04,POSTED
INV003179,INV1,PO06002,V329,2024-03-14,30192.8,Cancelled
INV003180,INV1,PO05542 ,V150,2023-07-24,84323.57,posted
INV003181,INV1,po02747,V497,2024-10-16,45582.69,Cancelled
INV003182,INV2,po04161,V444,2023-07-23,4418.3,
INV003183, INV1, PO00179,V180,2023-01-06,5770.73,POSTED
INV003184,INV2 ,PO05019,V370 ,2024-03-28,15530.61,
INV003185,inv2,PO06054,V283,2024-11-03,63724.22,POSTED
INV003186,INV1,PO05098,V312,2024-10-26,16005.32,Cancelled
INV003187,INV2, PO07636,V229,2023-03-14,41040.04,posted
INV003188,inv1,po00811,V444 ,2024-07-14,53119.9,
INV003189, INV1,PO02663 ,v274,2023-04-15,82940.17,POSTED
INV003190,INV1 ,PO03588 ,V253,2024-03-11,63922.74,
INV003191,INV1,PO00469,V229,2023-07-22,93470.49,CANCELLED
INV003192,inv1,po00484, V006,2024-04-26,,CANCELLED
INV003193, INV2, PO01553, V325,2023-10-01,34289.37,POSTED
INV003194, INV1,PO01194,V447 ,2024-06-24,44248.34,CANCELLED
INV003195,INV1 ,PO00237,V128,2024-10-11,26867.37,Cancelled
INV003196,INV2,PO07820,v013,2023-07-08,39183.28,POSTED
INV003197,inv2,PO07111 ,V284,2023-11-20,12689.8,posted
INV003198,INV1 ,PO02397,V010,2023-05-22,9517.6,posted
INV003199,INV2,PO02977 ,V125,2024-05-15,5290.1,posted
INV003200,inv2,PO04448 ,V001,2024-07-14,67408.51,posted
INV003201,INV1,PO03057,V307,2024-10-01,42279.31,CANCELLED
INV003202,INV2,PO02134,V264,2023-11-04,,
INV003203,inv1, PO05726,,2023-03-19,13162.43,
INV003204,INV1,po07600,V320,2024-06-26,89847.62,Cancelled
INV003205,INV2,PO02070 ,v457,2023-06-12,33603.56,posted
INV003206,inv2,PO02520,v294,2023-05-28,47404.17,Cancelled
INV003207,inv2,po01489,V156,2024-04-09,75422.69,CANCELLED
INV003208,INV2,PO06774,V420,2024-07-10,26849.47,POSTED
INV003209,INV1 ,PO05490,V110,2023-06-06,27560.86,
INV003210, INV2,PO02342,V320,2023-09-30,31763.53,CANCELLED
INV003211,INV2, PO05638,V421,2024-07-02,90178.98,posted
INV003212,INV1,PO04268, V244,2024-08-18,4550.98,posted
INV003213, INV1,PO07945,v062,2024-05-11,55737.39,Cancelled
INV003214,INV1, PO05709,V372,2023-04-20,49548.27,POSTED
INV003215,INV2,PO02625,v480,2023-08-31,64511.78,
INV003216,INV2 ,PO03175,V466,2024-09-20,7230.32,posted
INV003217,INV2, PO07671,V328,2024-10-23,94594.77,posted
INV003218,INV2,PO01646,v442,2024-04-04,9689.09,posted
INV003219, INV2,PO07273,V465,2024-04-03,13855.49,POSTED
INV003220,INV2 ,PO02488,V466,2023-09-27,73183.5,CANCELLED
INV003221,INV1,PO06054, V341,2024-09-07,55127.11,posted
INV003222,inv1,PO05257 ,V276,2023-02-15,42686.9,Cancelled
INV003223,INV2,PO04933,V338,2024-11-16,23962.17,POSTED
INV003224,INV1 ,PO06661,V082,2024-07-26,30562.06,
INV003225,INV1 ,PO05755, V280,2024-03-27,82281.98,posted
INV003226,INV2,PO04015 ,v221,2024-03-27,53657.8,posted
INV003227,inv2,PO06006,V069,2023-09-27,21160.43,posted
INV003228,INV1,PO00268,V403,2023-03-13,39278.26,POSTED
INV003229, INV2,PO01997 ,V424,2023-08-02,55791.94,posted
INV003230,INV2 ,po03897,V431,2023-07-15,67347.74,
INV003231,INV2,PO07565,V417 ,2023-05-12,47077.41,Cancelled
INV003232,INV2,PO07877,V493,2024-04-27,,POSTED
INV003233,inv2,PO04495,V368,2023-12-27,31768.55,CANCELLED
INV003234,INV2,po00416,V304,2023-06-14,74525.17,POSTED
INV003235,INV1 ,PO07963 ,V164,2024-03-16,32995.87,POSTED
INV003236,INV2 , PO04213,V301,2023-06-15,,POSTED
INV003237,INV2, PO04636,V395,2023-05-20,62024.74,posted
INV003238,inv1,PO06679,V234,2023-09-11,37386.56,POSTED
INV003239,inv2,PO00869,v284,2023-06-24,71264.02,
INV003240,INV1,PO00213,V148,2024-04-29,23298.52,Cancelled
INV003241,inv1, PO00766,V113,2024-06-27,773.28,
INV003242,INV2,po03485,V448,2023-12-15,31634.6,posted
INV003243,INV2,PO05473,V354,2023-09-21,36637.58,Cancelled
INV003244,INV2,PO07546,V491,2024-07-15,50894.79,CANCELLED
INV003245,INV2,PO00372,V019 ,2024-06-16,74007.11,
INV003246,inv2,PO02091,V374,2024-10-31,48218.75,Cancelled
INV003247,INV1 ,PO06912,V222 ,2024-08-19,40503.55,CANCELLED
INV003248, INV1,PO01983,V472,2023-12-31,31180.22,Cancelled
INV003249,INV1,PO02317,V352,2024-08-31,7048.1,CANCELLED
INV003250,INV2,PO02716,V012,2023-08-25,54058.51,
INV003251,INV2,PO00079 , V306,2023-10-05,24831.65,POSTED
INV003252,INV1,PO05686,V154,2023-11-28,68345.53,Cancelled
INV003253,INV1,PO05916,V450 ,2023-06-20,67263.6,CANCELLED
INV003254,INV2,PO04962,V052,2024-10-10,35799.77,posted
INV003255, INV2, PO05417, V107,2023-02-19,54823.96,posted
INV003256,INV1,PO07097, V140,2024-05-23,45472.92,
INV003257,INV2 , PO00986,V279,2024-11-30,83708.25,Cancelled
INV003258, INV2,po03586, V066,2023-03-11,37906.25,POSTED
INV003259,INV2,PO02363,v310,2023-10-12,82970.51,
INV003260,INV2,PO00632,V310,2024-02-15,10520.51,
INV003261,INV1,PO01713,V318,2023-05-06,88649.75,
INV003262,INV1,po01036,V270,2024-03-21,61268.22,CANCELLED
INV003263,INV2,PO02376,V141,2024-09-01,7263.7,
INV003264,INV2,PO04588,V244,2023-04-19,61383.17,
INV003265,INV1,PO06451 ,V072 ,2023-12-07,32474.0,Cancelled
INV003266,INV1,,V352,2023-11-11,34794.65,
INV003267,inv1,PO04055,,2024-02-19,70867.99,POSTED
INV003268,inv2,PO06449,V176,2024-08-02,10755.37,CANCELLED
INV003269,INV1,PO00338,v038,2023-03-18,41882.62,POSTED
INV003270, INV2,PO05773,V127,2023-12-10,,CANCELLED
INV003271, INV1, PO05846, V211,2024-04-26,81496.42,POSTED
INV003272,INV1 ,PO00497,V414,2024-11-24,14134.45,Cancelled
INV003273,inv2,PO00262,V169,2024-01-16,24796.15,Cancelled
INV003274, INV1, PO03830,V028,2024-04-22,31322.75,CANCELLED
INV003275,inv2,PO00779,V475,2023-10-12,82684.13,POSTED
INV003276,INV1 ,PO00539 ,V223,2023-05-31,38053.59,Cancelled
INV003277,INV2 ,PO00753,V291,2024-04-15,48650.87,
INV003278,INV1,PO04405,V099,2023-06-29,77947.65,Cancelled
INV003279,INV2,PO02497 ,v370,2023-08-13,77950.5,CANCELLED
INV003280,INV2,PO01317,V371,2023-03-16,69336.33,POSTED
INV003281,INV1,PO03108 ,V344,2024-08-13,34429.39,Cancelled
INV003282,INV1,PO06162,V175 ,2024-03-05,18069.17,POSTED
INV003283, INV2,PO00374, V390,2024-07-23,57563.65,POSTED
INV003284,inv2, PO01600,V345,2023-12-17,,
INV003285,inv2,po01657, V260,2023-08-27,14006.64,posted
INV003286,INV1 ,po01506,V209 ,2023-07-19,87981.4,CANCELLED
INV003287,INV2,PO07245,v465,2023-05-10,54478.34,Cancelled
INV003288,INV1, PO05948,v357,2024-12-01,6595.71,CANCELLED
INV003289,INV2,PO01584,V258,2024-02-07,35898.81,POSTED
INV003290,INV1,PO00713,V095,2024-04-29,,posted
INV003291,INV1,PO00375, V309,2024-07-21,29290.55,Cancelled
INV003292,INV1,PO07699,V460,2024-08-23,52418.29,POSTED
INV003293,INV1,PO05710, V054,2024-10-04,5994.43,Cancelled
INV003294,INV2 ,PO02024,v301,2024-04-06,49219.83,posted
INV003295,INV1,PO06392, V482,2023-11-27,93115.04,CANCELLED
INV003296, INV1,PO01553 ,v331,2024-05-19,10522.85,CANCELLED
INV003297,INV1 ,PO07487,V314,2024-09-07,94454.6,POSTED
INV003298,INV1,PO07068,V059,2024-10-22,92490.94,posted
INV003299, INV2,po07692,V152 ,2023-10-07,68867.68,POSTED
INV003300,INV1,PO04164,V241,2023-04-07,19720.51,POSTED
INV003301,INV2,PO02131,V120,2023-04-10,40923.22,posted
INV003302, INV1, PO01287,V035,2023-09-16,38387.3,POSTED
INV003303,INV1 ,PO05739,V454,2023-10-27,28373.33,CANCELLED
INV003304,INV1,PO05419,V253,2024-09-21,61533.83,posted
INV003305,INV2,PO03337 ,V166 ,2024-03-27,25045.5,CANCELLED
INV003306,INV1,PO01069,V492,2023-09-30,78128.74,
INV003307, INV2,PO06701,V254,2024-07-31,49698.13,CANCELLED
INV003308,INV2,PO04686,V354,2023-03-27,54802.18,
INV003309,INV2, PO02859, V434,2023-05-06,66362.05,Cancelled
INV003310,INV2, PO04999, V379,2023-05-19,55624.36,CANCELLED
INV003311,INV1,PO04833,v287,2023-10-15,11205.55,POSTED
INV003312,INV2,PO01080,v367,2024-06-23,82620.62,
INV003313, INV2,PO07918 ,V184,2023-01-26,7520.19,posted
INV003314,INV1, PO04642, V143,2024-09-26,37799.09,
INV003315,inv1,PO06552,V361,2024-12-10,56920.86,
INV003316,inv2,PO06940 ,v087,2024-01-17,24425.46,CANCELLED
INV003317, INV2,po03761,V481,2024-11-15,89397.7,Cancelled
INV003318,INV1,PO01911,V443 ,2024-10-16,7061.88,Cancelled
INV003319,inv1,PO04444 ,V294,2024-10-25,74559.93,posted
INV003320, INV1,PO01673,V462,2024-09-13,87712.64,
INV003321,INV2,PO02407, V211,2024-12-21,18199.19,POSTED
INV003322,INV2 ,PO00090 ,V033 ,2024-08-06,36946.36,CANCELLED
INV003323, INV2,PO04085 ,v471,2024-10-04,35227.98,POSTED
INV003324,INV1,PO02620,V200,2023-02-07,40752.55,
INV003325, INV1,po06359,V346,2024-01-12,,posted
INV003326,inv2,PO05895 ,v190,2023-01-17,94742.06,Cancelled
INV003327,INV2,PO02795,v464,2024-08-02,1226.14,Cancelled
INV003328,INV1,PO05790 , V126,2024-01-08,33996.02,POSTED
INV003329,INV1,po05390,V256,2024-12-28,23681.01,POSTED
INV003330,INV1 ,PO02963 , V334,2023-05-10,94574.67,CANCELLED
INV003331,INV2,PO05960,V044,2023-10-12,9386.96,CANCELLED
INV003332,inv2,PO00551 , V266,2024-10-11,62279.09,
INV003333,INV2, PO05876,v132,2023-04-15,55510.78,CANCELLED
INV003334,INV2,PO05875,V424,2023-10-17,93212.76,
INV003335,INV1,PO05980,V059,2023-08-31,40066.48,CANCELLED
INV003336, INV2, PO00759,V079,2024-10-08,28796.1,posted
INV003337,inv1,PO07778 ,V426,2024-05-03,9124.89,posted
INV003338,INV2 ,PO03015,V486 ,2024-09-07,23673.93,posted
INV003339,INV1,PO00529,V130,2024-01-23,70552.96,CANCELLED
INV003340,inv1, PO02333,,2024-12-17,41599.92,Cancelled
INV003341, INV1,po03001,V161,2024-01-18,33318.94,posted
INV003342,INV1,po04696,V078,2024-01-22,24353.54,posted
INV003343,INV2 ,PO04690,V080,2024-06-03,49679.27,posted
INV003344,inv1,PO00521,V016,2024-09-09,91421.55,
INV003345, INV2, PO02687,V338,2024-01-14,6736.22,POSTED
INV003346,INV2,PO05035,V411,2023-03-06,29456.53,Cancelled
INV003347,INV2 ,po05917,V319,2024-04-11,,
INV003348, INV1,po02291,v037,2024-09-21,90810.83,POSTED
INV003349,INV1,PO00019,V270,2023-03-13,86185.72,POSTED
INV003350, INV1,PO04734, V247,2024-04-07,31589.34,
INV003351,inv1,PO05925,V097,2024-02-02,49419.66,CANCELLED
INV003352,inv2,PO07549 ,v360,2023-05-26,37754.2,CANCELLED
INV003353,INV1,PO04491, V475,2023-03-15,66418.1,posted
INV003354,INV1 ,PO05118,V047,2024-02-03,22474.91,
INV003355,INV2, PO05468,V408,2023-08-11,91039.02,
INV003356,INV2,PO02687,V444 ,2024-02-14,82309.08,posted
INV003357,INV1, PO00323,v412,2024-03-27,67551.25,Cancelled
INV003358,INV2, PO03037,V368,2024-01-09,67269.09,posted
INV003359,INV2 ,PO02837,V376,2024-10-22,91853.34,posted
INV003360,INV2 ,PO02751,V367,2024-12-10,63154.69,Cancelled
INV003361, INV1,PO02823, V164,2024-10-10,,posted
INV003362,INV1 ,PO01845,v117,2024-02-19,88965.65,posted
INV003363,inv2,PO01356,V238,2024-01-19,75936.07,POSTED
INV003364,INV2,po04333,V451,2024-11-26,40824.26,Cancelled
INV003365, INV1,PO06059 , V074,2023-03-31,81679.88,CANCELLED
INV003366,INV1,PO04633,V195 ,2023-01-29,65539.25,CANCELLED
INV003367,INV2,PO07362,V466,2024-02-08,25803.41,
INV003368,INV2, PO03154,V045,2023-07-30,48992.27,
INV003369, INV1,PO01591,V005,2024-09-29,70612.43,CANCELLED
INV003370,INV2,po03757,,2023-03-16,53331.51,POSTED
INV003371,INV1,PO04392, V436,2024-01-24,65304.3,
INV003372,INV1,PO05924 ,V358,2023-01-28,57115.94,Cancelled
INV003373,INV1,PO06639, V321,2023-10-07,53027.53,CANCELLED
INV003374,INV1,PO00678,V131 ,2023-08-04,60744.21,POSTED
INV003375,INV2,PO04019,V193,2024-05-05,10532.98,POSTED
INV003376,INV2,PO03019 , V156,2023-10-17,18014.2,CANCELLED
INV003377,INV2,PO05930,V311,2023-05-25,50302.9,posted
INV003378,INV1 ,PO06809 , V456,2023-02-27,85291.56,posted
INV003379,inv1,PO07927,V117,2024-04-30,90107.53,Cancelled
INV003380,INV1, PO02453, V184,2024-05-07,10752.84,posted
INV003381,INV2,PO02367,V476,2023-06-17,,Cancelled
INV003382,INV2,PO02997,V234,2023-11-24,50158.17,Cancelled
INV003383,INV1 ,PO04858, V120,2023-06-19,64232.79,POSTED
INV003384,INV1,PO01355 ,v382,2023-03-25,736.09,posted
INV003385,INV1,PO00101,v182,2024-07-04,28572.48,
INV003386,INV2,PO04082,V400 ,2024-05-01,7231.67,CANCELLED
INV003387,INV1,PO04421,v249,2023-05-21,17162.19,POSTED
INV003388,INV1,PO02155,V154 ,2023-08-19,39148.42,CANCELLED
INV003389,INV2,PO05543,V118,2024-04-07,4540.14,Cancelled
INV003390,inv2, PO03566,V248,2024-10-21,14027.6,CANCELLED
INV003391,INV2,po02375,V117,2023-03-21,39960.2,posted
INV003392,INV2,PO04527, V108,2024-07-24,69533.55,
INV003393,INV1, PO04462,V500,2024-04-17,87183.97,CANCELLED
INV003394,INV1, PO06379, V495,2024-12-12,93222.58,posted
INV003395,INV2,PO02521, V471,2024-06-23,12745.26,
INV003396,INV1 ,po04264,V313,2023-05-30,59619.97,
INV003397,INV2,PO00991 ,V215,2024-10-14,49360.16,CANCELLED
INV003398,inv2,PO03829, V316,2024-07-17,86115.49,Cancelled
INV003399, INV2,PO07088 , V388,2023-06-27,9067.77,Cancelled
INV003400,INV1,PO03262,V055,2024-03-20,,CANCELLED
INV003401,inv1,PO00369,V497,2024-06-06,45824.75,Cancelled
INV003402,inv2, PO04804,V186,2024-06-13,76953.64,POSTED
INV003403,INV2,PO07042 ,V027,2024-07-25,61499.84,posted
INV003404,INV1,PO04246,V289 ,2024-06-30,39153.98,CANCELLED
INV003405,INV1,PO06547 ,V063 ,2024-09-09,24431.29,POSTED
INV003406,inv1, PO03089,V258,2023-04-14,20433.89,Cancelled
INV003407, INV2,PO03007,V057,2024-11-16,5417.57,posted
INV003408,INV1 ,PO03500,V150,2023-05-12,38196.16,CANCELLED
INV003409,INV2,PO05224,V291 ,2024-04-24,89234.61,Cancelled
INV003410,inv1, PO07089,V053,2023-04-12,83118.3,posted
INV003411,INV2,PO00328,V453,2023-01-19,40715.88,POSTED
INV003412,INV2 ,PO03101, V315,2023-02-08,13327.63,CANCELLED
INV003413,INV1,PO04725,V331,2023-03-24,47901.89,POSTED
INV003414, INV2, PO07925, V030,2023-07-16,10930.36,POSTED
INV003415,INV1, PO03219,V437,2023-09-23,83544.79,
INV003416,INV1,PO06125,v136,2023-06-06,80776.11,CANCELLED
INV003417,INV1 ,PO00092,V104 ,2024-11-07,46235.7,CANCELLED
INV003418,INV2,PO02931,V061,2024-11-08,31671.32,Cancelled
INV003419,INV1,PO01288,V258 ,2023-01-10,39339.15,Cancelled
INV003420,INV1 ,PO06700,V130,2024-10-06,70636.86,posted
INV003421,INV1,po01800,V093,2023-11-29,13167.82,
INV003422, INV1,PO01726,V427,2023-01-02,2033.37,posted
INV003423,INV2,PO06186 ,V300,2023-02-13,55285.47,posted
INV003424,INV2,PO02527,v390,2023-08-23,59118.67,
INV003425,INV2,po04611,V280,2023-11-14,13127.76,
INV003426,inv2,PO07922,v366,2024-11-01,20568.43,
INV003427,INV2,PO04372,V083 ,2024-03-04,43963.78,Cancelled
INV003428, INV1,PO03069 ,V442 ,2024-06-06,4679.24,POSTED
INV003429,inv2,PO03118,V195,2023-10-23,1352.4,POSTED
INV003430,INV1,PO05664 , V261,2024-10-30,36016.3,
INV003431, INV2,PO05025,V100,2023-12-20,80102.14,posted
INV003432, INV2,PO06576,V308,2024-08-13,33331.78,CANCELLED
INV003433,INV1,po07891,V350,2024-12-15,27084.85,posted
INV003434,INV1 ,PO04803,V023,2023-01-11,82440.97,CANCELLED
INV003435, INV1, PO03010,V163,2024-02-10,76325.63,posted
INV003436, INV1, PO00730,v198,2024-02-22,93487.14,
INV003437,INV1,PO07057,V199 ,2024-12-25,52970.79,
INV003438,INV2,PO00195,V447,2024-12-17,16335.64,CANCELLED
INV003439,INV2 ,PO00740,V095,2023-03-27,93737.81,Cancelled
INV003440,INV2,PO00551,V139,2023-12-16,28623.71,posted
INV003441, INV2,PO02683,V411 ,2024-07-02,12505.49,posted
INV003442,INV2 ,po03024,V202,2024-12-15,37508.05,
INV003443,inv2, PO05688,V361,2024-12-08,86522.96,Cancelled
INV003444,INV2,PO00041 , V469,2023-06-18,,POSTED
INV003445,INV2 ,PO01044,V160,2024-01-26,3134.37,
INV003446,INV2,PO06379 ,V173,2024-09-19,11811.02,POSTED
INV003447,INV2,PO02670,V018,2024-01-29,75981.53,CANCELLED
INV003448,INV1,PO06190,V403,2023-09-10,86097.49,posted
INV003449,INV1,PO02812 ,v443,2023-10-11,43560.01,posted
INV003450,INV2, PO02299,V204,2023-01-02,44351.07,posted
INV003451,INV1,PO04410, V385,2023-10-02,81328.69,posted
INV003452, INV1,po05459,v258,2024-10-11,,posted
INV003453,INV2,PO06252,V037,2024-06-26,71716.36,Cancelled
INV003454,INV2,PO02485,V009,2023-09-26,18967.45,posted
INV003455,INV1,PO07251,V164 ,2023-02-10,63416.94,POSTED
INV003456,INV2,po04755,,2024-10-22,36690.32,CANCELLED
INV003457,INV2,PO07675,V387,2024-02-22,55720.19,
INV003458,INV1,PO02254,V219,2024-05-11,71920.12,POSTED
INV003459,INV1,PO05669 ,v421,2024-02-16,65081.19,Cancelled
INV003460,INV2,PO05357,V402,2023-09-18,28825.84,Cancelled
INV003461,INV1, PO07660,V424,2024-02-16,32156.23,
INV003462,INV1,PO05965,V112,2024-04-22,93199.8,Cancelled
INV003463,INV2,PO02156 , V240,2024-04-21,26098.24,posted
INV003464,INV2,po02636, V415,2023-12-25,22688.2,POSTED
INV003465, INV1,PO03126,V012,2023-10-23,49204.38,
INV003466,inv1, PO01066,V150 ,2024-02-28,61135.67,POSTED
INV003467,INV1,PO04712 ,v285,2024-06-29,92915.63,POSTED
INV003468, INV2,po07642, V310,2024-07-16,49315.53,posted
INV003469,inv1,PO01964,V233,2023-04-21,5342.53,CANCELLED
INV003470,inv2, PO02438,V019 ,2023-04-06,44108.16,Cancelled
INV003471,inv1,PO06193,v217,2024-08-25,25963.8,POSTED
INV003472, INV2,PO03107,V012,2024-01-26,87281.81,POSTED
INV003473,INV2,PO00660,V352 ,2024-10-21,51706.07,posted
INV003474,INV1,PO06010,V234,2024-04-02,19453.49,Cancelled
INV003475,inv2,PO05387,V150 ,2024-03-21,27620.74,POSTED
INV003476,INV2 ,PO06909 ,V386,2024-04-09,47390.28,POSTED
INV003477,INV2,PO02079, V047,2023-11-21,77115.96,posted
INV003478,INV2, PO04480, V351,2023-09-14,24653.22,posted
INV003479,INV2, PO01384,V496,2024-12-19,35317.12,
INV003480,INV1,PO03250,V397,2023-05-29,17156.95,Cancelled
INV003481,INV2 , PO05244,V048,2024-08-22,66465.47,
INV003482,INV1 , PO07661,V053,2023-04-27,,
INV003483,INV1, PO00685,V162,2024-06-16,76690.12,POSTED
INV003484,INV1 ,PO03632,V143,2023-12-19,78438.61,Cancelled
INV003485,inv2,,V306,2023-03-03,57560.04,Cancelled
INV003486,INV2,PO05094,V273 ,2024-11-09,3737.47,posted
INV003487,INV2 ,PO05469, V253,2023-11-14,32081.66,posted
INV003488,INV2,PO07374,V076,2023-11-14,15679.47,POSTED
INV003489,inv2,PO07426,v215,2023-11-21,83928.66,POSTED
INV003490,INV2,PO07361,V497,2023-01-29,22716.99,posted
INV003491,INV2 , PO04285,V124,2024-03-24,22303.4,
INV003492,INV2,PO06540 ,V160,2024-01-28,91004.4,CANCELLED
INV003493,inv1,PO00105 ,v302,2024-04-29,94175.28,CANCELLED
INV003494,INV2 ,PO03190,V036,2023-03-03,64129.78,posted
INV003495,INV1,PO00111,V135,2024-07-03,72234.34,posted
INV003496,INV1,PO00288,V004,2024-04-30,32537.94,CANCELLED
INV003497,INV1,PO05009,V099,2023-08-24,63653.33,POSTED
INV003498,inv1,PO05564,V095,2023-02-11,66292.2,posted
INV003499,INV1,PO04941,V273,2023-03-01,30010.38,POSTED
INV003500,INV2,PO01638,v473,2024-03-06,35660.01,POSTED
INV003501, INV1,PO00714,V311,2024-08-17,55024.14,CANCELLED
INV003502, INV2, PO01483,V311,2024-03-17,21048.54,Cancelled
INV003503,inv2, PO06680,v424,2024-04-06,35072.3,
INV003504,INV1,PO02714,V050,2023-07-09,71157.34,posted
INV003505,INV1,PO02703 ,V422,2023-06-15,34902.3,
INV003506,INV1, PO00148,V454,2024-12-27,78344.13,CANCELLED
INV003507, INV1,PO05833,V273,2023-01-06,28377.35,Cancelled
INV003508,INV2 ,PO06705,V185,2023-04-17,81984.38,POSTED
INV003509,INV2 ,po06594, V384,2024-06-26,60469.83,Cancelled
INV003510,INV2 ,PO07149,V073 ,2024-08-02,34039.91,POSTED
INV003511,INV2,PO07023,V108,2024-04-01,61407.1,CANCELLED
INV003512,INV2, PO02356,V230,2024-08-15,3303.38,posted
INV003513, INV2,PO05351,V486 ,2023-05-04,53196.3,posted
INV003514,INV1, PO04967,V364,2024-03-06,51079.74,CANCELLED
INV003515,INV1,po02457,V021,2023-01-29,1153.59,POSTED
INV003516,inv1,PO04221 ,,2024-11-29,77922.23,
INV003517,INV1, PO02730,V434,2024-09-18,65731.72,Cancelled
INV003518, INV2,PO03932,v498,2023-04-24,28039.35,posted
INV003519, INV1,PO01382,V002,2023-09-27,72250.2,
INV003520,INV1,PO07232,V313,2023-01-25,2107.92,POSTED
INV003521,INV1,PO03169 ,v027,2024-11-09,11303.76,posted
INV003522,INV2,PO02275,V237,2023-11-08,81945.36,Cancelled
INV003523,INV1, PO04136,V271 ,2023-03-02,71249.58,CANCELLED
INV003524,INV2,PO01816 , V171,2024-08-25,19317.32,POSTED
INV003525,INV2 ,po07157,v076,2023-09-09,52317.45,
INV003526,inv2,PO01824,v248,2024-07-12,61978.38,POSTED
INV003527,INV1 ,PO01555,v488,2023-07-08,48065.76,Cancelled
INV003528,inv2,po03127,V439,2024-01-18,47226.18,posted
INV003529,INV2,PO07124 ,V025,2023-01-06,27934.83,CANCELLED
INV003530,inv2, PO05706,V407,2024-11-30,56233.47,CANCELLED
INV003531,INV1,PO04794 ,V483 ,2024-05-30,52120.45,CANCELLED
INV003532,INV1,PO02801,V460,2024-11-14,86754.16,Cancelled
INV003533, INV2,PO07544 ,V367,2024-01-02,38800.81,POSTED
INV003534,INV2,PO00786,V065 ,2023-07-25,,
INV003535,INV2,PO02559,V075,2024-09-10,9499.67,POSTED
INV003536,INV1,PO03194,v213,2023-06-02,13932.9,POSTED
INV003537,INV1,po05418,V308,2024-01-24,81296.37,CANCELLED
INV003538, INV1,po07677,V275,2024-02-24,74440.27,POSTED
INV003539,INV1 ,PO00824, V498,2023-12-08,6340.06,posted
INV003540, INV1,po03254,v089,2024-01-05,92223.52,Cancelled
INV003541,INV2, PO04896, V289,2023-02-21,1346.92,CANCELLED
INV003542,inv2, PO07099,V058,2023-04-18,67974.01,Cancelled
INV003543,INV1 ,PO01413 ,V190,2024-11-05,77560.04,
INV003544,INV1,PO07222,V360 ,2024-05-12,16227.99,Cancelled
INV003545,INV1,PO05293, V483,2024-12-13,91549.31,
INV003546,INV1,PO02251 ,v479,2024-12-04,60491.66,posted
INV003547, INV1,PO07128,V338,2024-04-17,35443.56,posted
INV003548,inv2,PO00221,V274,2024-05-01,53878.5,POSTED
INV003549,inv1,PO07809 , V341,2023-07-17,20064.26,posted
INV003550,INV2, PO07741,V138,2023-11-15,18587.08,posted
INV003551,INV2,po01788,V124 ,2023-07-30,2249.39,
INV003552,INV1 ,PO06161,V319,2024-06-02,18450.85,posted
INV003553,INV2,PO06913,V116,2023-04-09,81140.0,posted
INV003554,INV1,PO04909,V202,2023-11-20,67249.0,Cancelled
INV003555,INV1,PO02272,V083,2024-01-09,51642.52,CANCELLED
INV003556,INV2 ,PO06973 ,v293,2023-04-04,23835.37,posted
INV003557, INV1,PO04569,v389,2023-02-23,14547.59,POSTED
INV003558, INV1,PO05990,v052,2023-03-29,6009.98,POSTED
INV003559,inv2,po01955,V452,2024-07-03,94278.75,posted
INV003560,INV2,po04908,V233,2023-10-28,91110.34,posted
INV003561,INV2,PO01753,V293,2023-08-11,49010.06,
INV003562,INV1,PO04798, V393,2024-01-10,38713.11,POSTED
INV003563,INV2,PO07756,V486,2023-08-24,78065.32,
INV003564, INV2,PO06498,V097,2024-03-18,24827.55,POSTED
INV003565, INV2,po06433,V195,2023-05-18,7947.86,
INV003566,INV1,PO04300, V106,2023-08-19,6085.41,posted
INV003567,INV2,PO03669,V290,2024-02-13,58969.1,Cancelled
INV003568,INV1, PO05469, V007,2024-12-13,75823.85,posted
INV003569,inv2,po05420,V156,2024-05-28,18489.88,CANCELLED
INV003570,INV1 ,PO00939 ,V355 ,2023-05-23,76458.52,Cancelled
INV003571,inv1, PO00013,V023,2023-12-19,79933.78,
INV003572,INV1,po03708,V324 ,2024-05-25,,posted
INV003573,INV2,PO04474,V317,2024-03-27,70637.62,posted
INV003574,INV2 ,PO03610,V449,2023-08-11,27745.97,POSTED
INV003575,INV2,PO04099, V449,2024-01-29,69302.76,POSTED
INV003576,inv1, PO07991,V320,2023-01-12,86608.57,CANCELLED
INV003577, INV2, PO00026,V003,2024-06-23,53888.73,posted
INV003578,INV1,PO07576 ,V122 ,2023-10-18,43318.38,
INV003579,INV1,PO06855,v381,2023-03-21,38367.98,POSTED
INV003580,INV2,PO06275,V093 ,2023-05-09,72503.61,
INV003581,INV1,PO01926,V428 ,2024-10-03,81931.22,POSTED
INV003582,INV1,PO06503,V246 ,2023-01-17,63489.79,Cancelled
INV003583,INV1,PO00958,V377,2024-09-17,23894.8,CANCELLED
INV003584,inv1,PO06576,V094,2024-11-18,27853.9,
INV003585,inv1,PO03884,V408,2024-11-05,10559.79,
INV003586,INV2,PO04521, V465,2023-05-17,21604.06,
INV003587,inv1,PO02466,V147,2023-06-09,42858.48,
INV003588,INV1,PO03107, V344,2023-07-29,,Cancelled
INV003589,INV2,PO04879,V023 ,2023-05-26,79008.97,
INV003590,INV2,PO00275 ,V401,2023-09-25,60091.33,POSTED
INV003591,INV1 ,PO03798,V197,2024-05-29,2113.18,POSTED
INV003592,INV2,PO04685,V091 ,2024-07-07,90483.41,posted
INV003593,INV2, PO02417,V353,2024-09-19,71975.29,
INV003594,INV1 ,PO00790,v459,2024-07-23,42262.17,POSTED
INV003595,INV1 ,PO06226 ,v357,2024-10-25,83524.99,CANCELLED
INV003596,INV1 ,PO01241,v316,2024-12-29,9902.73,POSTED
INV003597,INV1,PO06556,v294,2023-09-02,67298.68,Cancelled
INV003598,INV2,PO04950,v449,2024-04-03,54027.31,POSTED
INV003599,INV1, PO04424,V212,2023-03-12,74400.44,POSTED
INV003600,INV1,PO04657,V387,2024-04-16,32228.41,posted
INV003601,INV2,PO07409 ,V190 ,2024-06-09,46381.66,
INV003602,INV2,PO07155,v371,2024-05-01,13411.04,posted
INV003603,INV1,PO03299,V477,2024-08-09,50999.94,POSTED
INV003604,INV1, PO05311, V105,2023-04-09,74168.46,
INV003605, INV1,po05501,V430,2023-11-11,88661.9,Cancelled
INV003606,inv1, PO02071,V151,2023-09-08,39113.77,posted
INV003607,INV1,po00901, V456,2024-09-23,18219.19,POSTED
INV003608,INV2,PO06741,V417,2023-11-21,43130.25,CANCELLED
INV003609,INV2,PO01379,V367,2023-11-03,94114.83,Cancelled
INV003610, INV1,PO05043,V127,2024-11-19,58015.91,CANCELLED
INV003611, INV1, PO05327,V398,2024-03-06,,Cancelled
INV003612,INV1,PO02028, V023,2023-02-21,21852.45,
INV003613,INV2,PO07794,V286,2024-11-02,89486.62,POSTED
INV003614, INV1,PO05159,V003,2024-11-03,83080.22,
INV003615,INV1,PO03364,V077,2024-09-13,22476.71,
INV003616,INV1,PO07082,V220,2024-02-10,42404.31,posted
INV003617, INV2, PO02121,,2023-12-30,88874.42,CANCELLED
INV003618,INV2,PO07281,V296,2024-07-02,94396.72,POSTED
INV003619,INV1,PO00131,V414,2024-11-21,6282.44,
INV003620,INV2 ,PO06297 ,V470,2024-07-20,92403.71,posted
INV003621,INV2,po04122,V038,2024-08-12,85503.0,POSTED
INV003622,INV1,po03698, V336,2023-11-04,3314.9,Cancelled
INV003623,inv2,PO02841, V368,2023-01-08,81371.8,Cancelled
INV003624,INV1,PO05198,V037,2024-07-07,64585.21,POSTED
INV003625,INV1,PO06991 ,V452,2023-01-22,27731.15,Cancelled
INV003626,INV1 ,PO00407,V410,2024-08-17,14711.13,POSTED
INV003627,INV2, PO02137,V192,2023-07-03,75200.27,posted
INV003628, INV1,PO07723,V427 ,2024-12-02,58019.95,Cancelled
INV003629,INV2,PO05218, V105,2024-09-05,74755.3,posted
INV003630,INV1,PO07570,V157,2024-05-10,68897.77,POSTED
INV003631,inv1,po01317,V155,2024-11-06,13025.4,CANCELLED
INV003632,INV2,po01401, V402,2024-07-15,51200.47,
INV003633,INV2,PO04280,V201 ,2023-03-31,88257.55,posted
INV003634,INV1,PO04620,V311,2024-02-07,5829.74,CANCELLED
INV003635, INV2, PO03734,V419 ,2023-10-09,15157.17,CANCELLED
INV003636,INV1 ,PO03078 ,V412 ,2024-12-13,10456.61,
INV003637,INV2,PO00132,V284,2024-12-01,89254.48,Cancelled
INV003638,INV1,PO04155, V158,2024-09-10,33514.17,Cancelled
INV003639,INV2,PO02394,V326,2024-12-01,71277.25,Cancelled
INV003640,inv1, PO04187, V026,2024-05-26,40237.96,Cancelled
INV003641,INV2,po06181,v246,2024-02-24,86518.5,
INV003642,INV1 ,PO04962,V249,2023-06-25,59398.9,CANCELLED
INV003643,INV1,PO02837,V411,2024-06-24,91755.58,
INV003644,INV1,po06071, V410,2023-10-19,88824.92,posted
INV003645,inv1,PO02398,V471,2024-05-14,47580.25,CANCELLED
INV003646,INV1 , PO07449,V455,2023-04-20,80580.92,POSTED
INV003647,INV1,PO07791,v036,2024-12-28,,POSTED
INV003648,INV2, PO04868, V298,2024-05-21,29060.83,CANCELLED
INV003649,INV2, PO01871,V273,2024-06-04,51219.28,Cancelled
INV003650,INV2 ,PO02776,V047,2023-02-13,32299.76,
INV003651,INV2 ,PO03122,V105,2023-11-02,,Cancelled
INV003652,INV1,PO01260,V163 ,2024-12-18,52374.45,CANCELLED
INV003653,INV2,PO02727, V171,2024-01-12,58269.0,Cancelled
INV003654,INV1,PO00198,V286,2023-03-22,,POSTED
INV003655,INV2 ,PO03774,V258,2023-06-18,9983.68,Cancelled
INV003656,INV1, PO07468,V359,2023-04-02,49937.67,POSTED
INV003657,INV1 ,po06627,V393 ,2023-10-26,69960.31,POSTED
INV003658,INV1,PO05141,V056,2023-02-13,77612.52,CANCELLED
INV003659,INV2, PO01703,V398 ,2023-12-04,54558.8,CANCELLED
INV003660,INV2,PO05996 ,V293,2023-05-11,34691.65,Cancelled
INV003661,INV2,PO03565,V263,2024-09-27,68287.17,Cancelled
INV003662,INV2,PO01627,V201 ,2023-06-30,52104.04,posted
INV003663,INV2,PO06946,V066,2023-11-28,90325.56,CANCELLED
INV003664,INV1 ,PO02564,V255,2024-07-11,56773.17,CANCELLED
INV003665,inv2,PO06285 ,v428,2023-06-02,1768.92,CANCELLED
INV003666,INV1,PO03537, V296,2024-05-01,61376.21,Cancelled
INV003667,INV2,po05058,V487,2024-02-09,4136.7,POSTED
INV003668,INV1,po01607, V204,2024-10-29,,
INV003669,INV2,po07173,V476,2024-02-04,38343.41,CANCELLED
INV003670,INV1,PO03877,V247,2024-02-01,9198.27,
INV003671,INV1,PO05666, V160,2024-10-16,80651.29,
INV003672, INV2, PO02958, V112,2024-03-05,68740.86,
INV003673,INV2,PO03141,V477 ,2023-10-22,43871.07,Cancelled
INV003674,inv1,po05080,V107,2023-06-29,,POSTED
INV003675,INV1,PO06098 , V218,2024-05-08,11124.28,CANCELLED
INV003676,INV1,PO05857,V112,2023-06-21,11421.96,Cancelled
INV003677,INV2, PO06209,V435,2023-05-03,26160.49,posted
INV003678, INV2,PO01016 ,V207 ,2023-05-08,40278.82,
INV003679,INV2,PO04252,V470,2024-07-15,23072.72,CANCELLED
INV003680,inv2,PO02784,v108,2024-04-17,28267.82,Cancelled
INV003681,INV2 ,PO04206 ,V176,2023-01-18,54347.49,POSTED
INV003682,,PO07605, V220,2024-07-01,74197.93,
INV003683,INV2, PO04204,V196,2023-10-14,3733.58,
INV003684,INV1,po01643,V048,2024-04-13,24176.89,CANCELLED
INV003685,INV1, PO03926,V336,2023-04-19,83391.72,posted
INV003686, INV1,PO00880, V347,2024-06-04,82446.82,CANCELLED
INV003687,INV1,po02132, V221,2023-12-14,41836.19,
INV003688,inv2, PO02349,V159,2023-10-06,9038.63,CANCELLED
INV003689,INV2 ,po04869, V210,2024-08-19,78865.4,CANCELLED
INV003690,INV2,PO06997,V149,2023-02-17,71067.67,
INV003691,INV2,PO07579,V159,2023-05-26,39111.66,
INV003692,INV2,PO05474,V082 ,2024-09-21,87863.97,
INV003693,INV1, PO04033,v306,2024-05-16,49506.26,posted
INV003694, INV1,PO00254,V304,2024-03-29,62288.21,
INV003695,INV1,PO06326,V469,2024-08-02,85192.78,posted
INV003696,INV1,PO06935, V401,2023-08-08,56600.75,Cancelled
INV003697, INV1,PO03292, V021,2024-01-13,60141.4,
INV003698,INV1,PO00716,V137,2024-07-22,9857.19,CANCELLED
INV003699,INV1,PO04244, V455,2024-10-20,20597.32,Cancelled
INV003700,INV1,PO02261,v160,2023-05-26,48298.93,posted
INV003701,INV1 , PO00971,V276 ,2024-10-15,61391.65,CANCELLED
INV003702, INV1,po05094,V096,2023-07-10,91196.47,
INV003703,INV2,PO06844,V283,2023-04-12,12036.26,Cancelled
INV003704,INV1 ,PO00989, V139,2024-05-27,72701.96,
INV003705,INV2, PO03077,V282 ,2023-04-27,59103.45,
INV003706, INV2,PO01799,v296,2023-08-07,68387.33,Cancelled
INV003707,INV2,PO05112 ,V068,2024-04-29,4939.43,Cancelled
INV003708,inv2, PO02069,V214,2023-05-30,10440.9,
INV003709,inv2,PO01230 ,V470 ,2024-10-15,88007.74,CANCELLED
INV003710,,PO02551,V431,2023-09-19,22273.33,Cancelled
INV003711,inv2,PO02183, V436,2024-01-20,12736.85,Cancelled
INV003712,INV1 ,PO06140,V334,2023-08-05,48942.13,POSTED
INV003713,INV2,PO06708, V444,2024-05-17,17851.38,
INV003714,INV2, PO00396,v411,2023-05-04,88337.78,POSTED
INV003715,INV2,PO01914,V007,2024-05-08,54311.83,
INV003716, INV2,po06144,v332,2023-02-20,1095.95,CANCELLED
INV003717,INV2,PO04274 ,V130,2024-06-21,82675.03,POSTED
INV003718, INV2,PO05601 , V086,2023-05-25,6338.79,POSTED
INV003719,INV1, PO01274,V275,2024-06-23,92758.44,Cancelled
INV003720,INV2,PO07506 ,V223,2024-06-21,46026.06,Cancelled
INV003721,inv1,PO00851,V375,2024-04-28,838.48,POSTED
INV003722,INV1,PO06472,V357,2024-05-14,12940.77,Cancelled
INV003723,inv2,PO06517,V442,2023-06-18,78164.39,Cancelled
INV003724, INV2,po00709,V323,2023-05-17,71718.89,posted
INV003725,INV1,PO05918, V321,2024-05-02,93773.42,Cancelled
INV003726,INV1,PO07330,v388,2023-08-23,,posted
INV003727,INV2,po04738,v159,2023-06-08,27565.08,POSTED
INV003728,INV1, PO00408, V021,2023-02-21,20178.98,POSTED
INV003729,INV2,PO02881,V405 ,2023-01-26,26219.02,POSTED
INV003730,INV2,PO07127 ,V402,2024-03-04,46250.56,posted
INV003731,INV2,po03240,V219,2023-03-30,73245.74,Cancelled
INV003732,inv2,po03552, V205,2024-09-06,26242.51,posted
INV003733,INV1, PO07727,V123,2023-04-27,63368.36,POSTED
INV003734, INV2,PO04552,V306,2024-12-29,14243.04,Cancelled
INV003735,INV1,PO05085,V217 ,2023-04-08,94041.48,posted
INV003736,INV1,PO01129 ,V430,2023-02-15,11982.43,posted
INV003737, INV2,PO05113, V194,2023-12-03,91077.14,CANCELLED
INV003738, INV2,PO07005 ,v479,2023-10-14,17061.14,Cancelled
INV003739,INV1,PO06468,V135,2023-10-27,16909.58,POSTED
INV003740,INV1 ,PO07214,V053,2024-12-12,77575.41,POSTED
INV003741,INV2,PO03513, V196,2023-04-26,64411.59,CANCELLED
INV003742,INV1,PO01652,V427,2023-05-15,24312.34,POSTED
INV003743,INV1 ,po06877,v187,2023-10-10,58471.05,Cancelled
INV003744,INV1, PO05565,V215 ,2024-01-22,50070.55,CANCELLED
INV003745,inv1,po04816,V091,2023-06-08,92260.69,posted
INV003746,INV1 ,po06057,V413,2024-08-25,33233.42,POSTED
INV003747,INV2, PO00395,V409,2023-03-20,56564.69,POSTED
INV003748,INV1,PO00151,V412,2023-01-29,82545.41,POSTED
INV003749,inv1,PO06059 ,V123 ,2023-11-14,64548.55,POSTED
INV003750,INV1 ,PO03960,V138,2024-05-23,24313.78,
INV003751,INV1,,V026 ,2023-05-02,90393.62,CANCELLED
INV003752,INV1,PO07081,v320,2024-03-10,67812.76,posted
INV003753,INV1,PO00501, V065,2024-11-10,7500.74,Cancelled
INV003754,INV2,PO05308,V258,2023-02-01,26643.17,Cancelled
INV003755, INV1,PO04737,V162,2024-04-13,70107.52,POSTED
INV003756,INV1,PO03069 ,V234,2024-06-22,23686.59,Cancelled
INV003757,INV2,PO06987 ,V268,2023-09-28,80223.32,posted
INV003758,INV1,PO03856,v261,2023-09-08,,POSTED
INV003759,INV2, PO03630,V323,2023-11-14,16511.35,posted
INV003760, INV1,PO00964,,2024-05-11,88003.86,POSTED
INV003761,INV1,PO03793,V306,2023-07-12,55678.59,
INV003762,INV1,PO03652, V061,2024-05-10,75070.62,
INV003763, INV1,PO04858,V332,2024-03-12,,CANCELLED
INV003764,INV2,PO05364, V430,2023-05-24,56950.92,posted
INV003765,inv2,PO06619 ,V123 ,2023-06-03,94567.38,Cancelled
INV003766,INV1 ,PO07355, V324,2024-12-28,43710.43,CANCELLED
INV003767,INV2,PO06147, V333,2023-06-01,57613.57,CANCELLED
INV003768,INV1 ,po07617,V412 ,2024-09-04,7640.21,Cancelled
INV003769,INV1 ,PO05404,V476 ,2024-09-25,87804.08,Cancelled
INV003770,INV2,PO03787,V047,2023-07-30,91602.77,POSTED
INV003771,INV1, PO06304,,2023-06-14,14066.06,
INV003772,INV2,PO00837, V446,2024-02-29,34476.12,Cancelled
INV003773,INV1,PO02460 ,V127,2024-09-10,50780.53,CANCELLED
INV003774,INV1,PO01528, V218,2024-08-16,27734.95,CANCELLED
INV003775,INV1,PO07596,V289,2024-04-28,82451.25,
INV003776, INV1,PO03620 ,V296,2023-09-25,7198.08,
INV003777,INV2,po07653,V190 ,2024-05-28,10565.54,posted
INV003778,INV2,PO01963,V088,2024-12-14,34788.88,CANCELLED
INV003779,INV2,PO01829,V260,2023-09-06,22239.82,
INV003780,,PO07414 ,V285,2024-12-23,34433.35,
INV003781,INV2,PO00618,V442,2023-09-19,12830.46,
INV003782,INV2, PO04323,V368 ,2023-02-08,40186.67,posted
INV003783,INV1,PO01478,V254 ,2024-10-21,50527.36,
INV003784,INV1, PO04857,V094,2024-11-29,43662.53,Cancelled
INV003785,INV1,PO02363,V271 ,2023-09-30,90277.25,Cancelled
INV003786,INV1,po02355,V241 ,2024-11-23,75737.39,POSTED
INV003787,INV2, PO04368,V336,2024-10-06,23792.22,POSTED
INV003788,inv2,PO04821,V015 ,2024-09-15,62639.1,posted
INV003789,INV2 ,PO02988,v026,2024-11-25,7806.88,CANCELLED
INV003790,INV1, PO04205,V008,2023-12-02,37701.58,
INV003791,INV2,PO03883,V124,2023-04-21,19513.29,POSTED
INV003792,inv2,PO00750,V370 ,2024-05-15,39045.01,posted
INV003793,INV2 ,PO06099 ,V361,2023-10-23,91261.79,CANCELLED
INV003794,INV1,PO00436,V419 ,2024-10-08,30817.84,
INV003795,,PO00182,V002,2024-06-19,55517.28,
INV003796,INV1,PO03541,v495,2023-11-12,81962.39,posted
INV003797,INV1,PO02527,V440,2023-03-30,39846.51,Cancelled
INV003798,INV1,PO00793,V187,2023-09-06,1378.52,
INV003799,inv2,PO06074,V393,2024-01-07,74673.56,posted
INV003800,INV2,PO07032,V425,2023-02-17,46546.11,CANCELLED
INV003801,INV1 , PO07933,V083 ,2024-10-25,68470.55,posted
INV003802,INV1,PO01740,V383,2024-10-01,13178.24,POSTED
INV003803,INV1,PO04276,V051 ,2023-02-16,27521.63,
INV003804,INV1 ,PO02960 ,V430 ,2024-06-05,54228.06,POSTED
INV003805,INV1 ,po05055,V072,2023-05-27,30833.45,Cancelled
INV003806,INV2,PO02052,V367,2023-01-07,55613.62,
INV003807,inv1, PO06647,V319 ,2024-05-15,5235.04,POSTED
INV003808,INV1,PO05473 ,V073,2023-04-13,22663.46,POSTED
INV003809,INV1, PO07858,v025,2024-05-23,36428.21,posted
INV003810,INV2,PO07604,V208,2024-08-24,54565.77,POSTED
INV003811,INV2,PO07907,V461,2024-01-26,,posted
INV003812,INV2,PO04139,V242,2023-08-25,40252.57,CANCELLED
INV003813,inv1,PO02896 ,V322 ,2023-02-27,69474.2,CANCELLED
INV003814, INV2,PO02629,V129,2024-12-07,30197.97,posted
INV003815,INV2,PO02293,v316,2023-04-12,39330.43,posted
INV003816,inv2,PO00970,V472 ,2024-01-06,72349.52,
INV003817,INV1 ,PO06792,v239,2024-04-22,68522.5,CANCELLED
INV003818,INV2, PO02503,V064,2023-02-14,84322.88,Cancelled
INV003819,INV2,PO00523 ,V353,2023-05-28,2721.59,Cancelled
INV003820,INV1,PO07137 ,V086,2023-10-17,83734.46,POSTED
INV003821,INV2,po05206,V398,2023-08-25,48562.68,posted
INV003822,INV1,PO05675,V168,2023-09-27,84565.06,posted
INV003823, INV1, PO03711,v329,2024-09-10,30229.39,
INV003824,inv2, PO01065,V439,2024-01-15,59715.37,POSTED
INV003825, INV1,PO00643,V196 ,2023-02-04,61833.91,posted
INV003826,INV1,po01618, V154,2023-01-21,43522.45,Cancelled
INV003827,INV1,PO07407,V170,2023-02-02,22481.58,
INV003828,INV2,PO00383,V064 ,2023-01-15,47784.23,posted
INV003829,INV2,PO00483,V081,2024-11-21,53455.66,posted
INV003830,INV1 , PO03575,V341,2024-12-12,31728.39,posted
INV003831,INV2,PO00761 ,V361,2024-04-14,1727.54,POSTED
INV003832,INV2 ,PO00822,V417,2023-12-21,51696.02,posted
INV003833,INV2,PO00088,V087 ,2023-09-23,53202.57,posted
INV003834,inv1,po04559,v074,2024-08-31,77332.26,posted
INV003835,INV2 ,PO03411,V404,2023-04-30,20443.33,
INV003836,INV2, PO01325,V162,2024-04-29,73039.81,posted
INV003837,inv1,PO07882 ,V093,2024-01-03,49762.41,
INV003838,INV1 ,po05223,V055,2023-08-28,87611.31,Cancelled
INV003839, INV2,PO07357, V123,2023-03-21,64365.91,POSTED
INV003840, INV2,PO00162,V241 ,2024-11-08,,POSTED
INV003841,INV2,PO06394,V214,2024-11-30,83515.9,CANCELLED
INV003842,INV1, PO01060,V061,2024-02-01,43375.15,Cancelled
INV003843,INV2 ,PO01089,V203,2023-04-14,43395.94,Cancelled
INV003844,INV1,PO06528,V328 ,2023-10-22,19172.42,posted
INV003845,INV2,PO02857,V499,2023-11-07,50326.89,posted
INV003846,INV2,PO00909,v114,2023-02-25,15201.4,CANCELLED
INV003847,inv2,PO05441,V419,2023-08-20,2870.44,
INV003848, INV1,PO00019 ,V327,2024-10-20,90093.65,Cancelled
INV003849,INV2,PO02702,V388,2023-03-20,,CANCELLED
INV003850,inv1,PO04920,V360,2023-08-08,93314.52,POSTED
INV003851,INV2,po05847,V144,2023-01-29,56529.8,CANCELLED
INV003852,inv2,PO04667,V101,2024-02-28,2013.28,posted
INV003853,INV2 ,PO07949,v143,2023-10-24,7614.15,posted
INV003854,INV2,PO06765, V137,2023-01-08,38350.33,Cancelled
INV003855,inv2,PO06224, V005,2024-12-19,72788.74,POSTED
INV003856,INV1 , PO06023,V093 ,2024-10-29,13821.4,
INV003857,INV2 ,PO00039,v045,2024-06-25,68336.41,Cancelled
INV003858,INV2,PO03631,v460,2023-01-26,61944.6,CANCELLED
INV003859,INV1,PO06073,V082,2024-08-25,60630.26,posted
INV003860,INV2,PO06188,V254,2024-06-17,47342.14,
INV003861,INV2 ,po00666,V260,2024-04-29,11334.19,posted
INV003862,INV2,PO05401 ,v077,2024-05-10,51273.61,
INV003863,INV1 ,PO03667,v177,2024-07-06,68547.45,
INV003864,INV1 ,PO05573,V013,2024-04-20,72570.2,posted
INV003865,INV1,po01414,V228,2024-05-21,88173.83,
INV003866,INV2,PO03326 ,V251,2023-04-25,795.74,posted
INV003867,INV1,PO02584,V213,2024-06-21,29448.18,
INV003868,INV1,PO03323 ,V291,2023-04-06,49527.96,Cancelled
INV003869,INV2,PO00883,V234,2024-05-13,16913.76,posted
INV003870,INV2,PO06156,V344,2023-02-21,26778.43,POSTED
INV003871,inv1,PO05557,V229,2023-10-13,58744.61,Cancelled
INV003872,inv2,PO02847,V472,2024-11-08,16945.62,posted
INV003873,INV2,PO03281, V057,2024-03-05,48744.54,Cancelled
INV003874, INV1,PO02295,V010,2024-09-06,58041.52,POSTED
INV003875,INV1,PO05708,V458,2023-08-07,64729.44,Cancelled
INV003876,INV1, PO07238,V169,2023-12-23,43288.63,
INV003877,INV2,po04528,V073,2023-07-21,18441.67,POSTED
INV003878,INV1,PO07262,V500,2024-01-26,3868.18,Cancelled
INV003879,INV1 ,po04144,v369,2023-11-30,63405.58,POSTED
INV003880,INV1 ,PO06668,V304 ,2023-03-21,69579.55,CANCELLED
INV003881,INV2,PO07083,V100,2023-08-06,57202.74,
INV003882, INV1,PO07017, V348,2023-09-27,94695.87,
INV003883, INV1,PO02800,v290,2024-09-17,33016.54,posted
INV003884,inv1,PO02954,V085,2023-01-15,79819.8,posted
INV003885,INV2,PO01986,v071,2024-11-11,73705.1,posted
INV003886,INV1 ,po02986, V223,2024-12-09,6664.42,posted
INV003887,INV2,PO01592, V413,2023-01-04,,
INV003888,INV1, PO03227,V441,2024-07-05,14957.26,
INV003889,INV2,PO06844,V199,2023-01-27,64880.31,CANCELLED
INV003890,INV2,PO07206,V402,2024-09-26,44871.14,CANCELLED
INV003891,,po03631,V314,2024-10-15,61399.68,POSTED
INV003892, INV2,po01292,V441,2024-12-14,75586.19,
INV003893,INV1,PO01994 ,v314,2024-02-25,23533.24,
INV003894,INV1,PO06343,V400,2023-05-01,40635.14,POSTED
INV003895,INV2, PO03107,V131,2023-08-07,42414.13,Cancelled
INV003896,INV2,po00649,V049 ,2023-05-31,70168.36,Cancelled
INV003897,INV1,PO05366,V353,2023-12-09,29809.22,
INV003898,INV2,PO04100, V257,2023-10-30,49080.38,Cancelled
INV003899,INV1,PO01508 ,V467 ,2023-03-13,31233.14,CANCELLED
INV003900, INV2,PO07436,V118,2023-04-02,33302.0,
INV003901,inv2,PO06712 ,V402,2024-03-17,91559.52,posted
INV003902,INV2,PO03508,V321 ,2023-08-16,75522.74,POSTED
INV003903,INV2 ,PO05505,,2024-07-21,6897.98,Cancelled
INV003904,INV1,PO07574,v398,2024-09-21,19534.29,CANCELLED
INV003905,inv1,PO00214,V121,2023-07-30,84717.55,posted
INV003906,INV2 ,PO07912 ,V420,2024-08-22,56169.5,POSTED
INV003907, INV2,PO01561, V326,2024-04-06,11868.71,
INV003908,INV2,PO02036, V141,2024-08-28,52709.94,Cancelled
INV003909, INV2,PO05184,V475,2024-05-19,12375.36,CANCELLED
INV003910,INV1, PO04435,V466,2023-04-15,5137.8,CANCELLED
INV003911,inv2, PO05813,v271,2024-11-01,39538.39,
INV003912,INV1,PO07459,V426 ,2023-01-23,19660.27,Cancelled
INV003913,inv1,PO06362,v424,2024-02-20,44105.49,posted
INV003914,INV2, PO05227,V414,2024-01-20,64376.81,Cancelled
INV003915,INV1,PO06235 ,V305,2023-09-02,42199.03,POSTED
INV003916, INV2,PO06804,V221 ,2023-08-23,3161.23,CANCELLED
INV003917,INV1 ,PO00393,v468,2023-03-16,29717.37,
INV003918,INV2,po05780,V060,2024-07-11,57432.91,CANCELLED
INV003919,INV2,PO07281 ,v149,2023-01-06,87034.18,
INV003920, INV1,po04310,V085,2024-08-30,3890.44,POSTED
INV003921,INV1, PO04955,v085,2024-11-17,87715.56,
INV003922,INV1 ,PO07627,V240,2023-08-16,15703.71,Cancelled
INV003923, INV1,PO07270 ,V151 ,2024-06-05,60522.99,
INV003924,INV2, PO04258,V195,2023-05-10,,posted
INV003925,INV2,, V217,2024-06-20,25912.64,posted
INV003926,inv2,PO01356,V006,2024-01-07,39311.69,CANCELLED
INV003927,INV1,po02490,V201 ,2024-07-04,,
INV003928,INV2 ,PO07836,v385,2024-12-01,66567.45,
INV003929,INV1,PO04173,v444,2023-11-28,62202.78,
INV003930,INV2,PO05973,V447,2024-10-13,44765.67,CANCELLED
INV003931,INV2,PO05569,V441,2023-11-09,72008.05,CANCELLED
INV003932,INV2,PO00231, V180,2024-11-23,73363.92,POSTED
INV003933,INV1,PO00489,V285,2024-03-25,20347.49,CANCELLED
INV003934,INV1, PO04023,V362,2023-04-22,80912.75,posted
INV003935,INV1, PO00209, V150,2024-11-17,40203.18,Cancelled
INV003936,INV1 ,PO03025,V211,2024-04-27,88695.76,
INV003937,INV2,PO04111,V369,2023-05-01,81166.96,Cancelled
INV003938, INV2,PO03830,V234,2023-01-10,66520.56,POSTED
INV003939,inv2,PO03100,v217,2023-12-17,68643.61,
INV003940,INV1,po02778,V453,2023-05-18,52629.91,POSTED
INV003941, INV2, PO00355, V205,2023-02-05,32992.16,
INV003942,INV2, PO01224,V151,2024-05-19,86925.66,posted
INV003943,INV1 ,PO04029,v078,2023-06-21,29202.58,CANCELLED
INV003944,INV2,PO04897 ,V128 ,2023-07-28,14983.85,
INV003945,INV1,PO06357,V326,2023-08-16,22712.0,CANCELLED
INV003946,INV2 ,PO03832,V232,2023-01-19,17084.15,posted
INV003947, INV1,PO06143,V127 ,2024-02-05,89835.07,posted
INV003948,INV2 ,PO05239,V104,2023-11-30,41995.29,CANCELLED
INV003949,INV1,PO00024,V263 ,2023-12-26,56509.5,CANCELLED
INV003950,INV2,po05681,V042,2023-10-31,7073.19,CANCELLED
INV003951,INV1,po04714,V327 ,2023-05-14,15865.16,
INV003952,INV1,PO03380,V346,2024-01-19,11633.0,Cancelled
INV003953,INV1 ,PO04481,V411,2024-09-06,77518.44,CANCELLED
INV003954, INV1,PO05205,V430,2024-05-25,63073.01,
INV003955,INV2, PO03695,v002,2023-01-16,72892.51,posted
INV003956,INV2,PO01738,v412,2023-03-29,64755.78,
INV003957,INV1,PO00714 ,V316,2023-12-23,18457.7,posted
INV003958,INV2,PO00811, V327,2024-10-24,17679.0,
INV003959,INV2, PO07760,V215 ,2023-03-07,20750.17,CANCELLED
INV003960,inv2,PO04916 ,v037,2024-11-03,58194.64,Cancelled
INV003961,INV1,PO07081,V383,2024-11-18,56734.25,POSTED
INV003962, INV2,PO04405 ,v448,2023-01-23,73343.92,
INV003963,INV2, PO07786,V346,2023-08-25,11690.19,POSTED
INV003964,INV2 ,PO05922,V328,2024-09-10,74133.91,CANCELLED
INV003965,inv1,PO00563,v303,2024-06-01,88505.02,
INV003966,INV2,PO05460,V405,2024-04-28,63601.57,CANCELLED
INV003967,INV1,PO01707, V304,2024-09-13,44091.43,CANCELLED
INV003968, INV2,PO05312,V374,2023-12-17,37249.86,Cancelled
INV003969,INV2,PO04677,V480,2024-03-24,71074.89,CANCELLED
INV003970,inv2,PO00544,v315,2024-03-24,57675.11,
INV003971,INV1,PO05478,V101,2023-01-04,43412.07,CANCELLED
INV003972,INV2,PO04239,V203,2024-10-22,,CANCELLED
INV003973,INV2,PO03213,V075,2024-08-04,81118.41,POSTED
INV003974,inv2,PO01321,V018,2023-01-17,12638.09,CANCELLED
INV003975,INV1,po04129,v225,2023-10-29,12948.13,posted
INV003976,INV2,PO06572,v113,2024-10-09,28419.47,posted
INV003977, INV1,PO06853,V467 ,2024-12-24,74369.08,posted
INV003978, INV2,PO05291,V456,2023-08-13,71527.19,
INV003979, INV2,PO07573,V034 ,2023-03-19,,CANCELLED
INV003980,INV2,po02040,V257 ,2024-01-09,13033.2,POSTED
INV003981,INV1,PO01830, V237,2023-12-03,49284.68,
INV003982,INV1,PO04811,V162,2024-09-29,35556.73,Cancelled
INV003983,INV2,PO07566,V447,2023-10-26,58650.29,
INV003984,INV2,PO06876 , V431,2023-05-08,34356.08,CANCELLED
INV003985,inv1,PO05144,V214,2023-06-07,85362.38,
INV003986,INV2 ,PO02682,V010,2023-10-04,65235.76,CANCELLED
INV003987,INV1 ,PO07785,v345,2023-05-19,90591.46,
INV003988,INV1,PO00440, V108,2024-06-06,,
INV003989,inv1,PO01175,V308,2023-01-11,77128.77,CANCELLED
INV003990, INV1,PO07030,V179,2023-07-23,39558.13,
INV003991,inv2,PO06746,V104,2023-08-26,48584.16,
INV003992,inv2,PO00641, V408,2023-02-21,31089.69,
INV003993,INV1 , PO07853, V096,2023-04-10,81766.76,
INV003994, INV1,PO05466, V059,2023-12-29,86830.09,CANCELLED
INV003995,INV2 , PO01285,v213,2023-06-10,58496.53,Cancelled
INV003996,INV2 ,PO05287,V348,2024-08-21,18223.01,Cancelled
INV003997, INV1,PO04888,V349,2023-12-21,49056.25,
INV003998,INV2,PO00305,v410,2023-07-12,21441.82,
INV003999, INV1,PO03111 ,V268,2023-03-31,94521.83,posted
INV004000,INV1, PO06620,v428,2024-03-30,49302.89,POSTED
INV004001,INV2,PO03162,V060 ,2023-04-19,58874.17,POSTED
INV004002,INV2,PO03412, V415,2023-09-12,28060.3,POSTED
INV004003,INV1 , PO05846,V441 ,2023-06-18,33602.55,
INV004004,INV1,PO03702 ,V205,2023-01-01,48116.83,
INV004005,INV2,PO06762,V167,2024-07-03,48475.16,posted
INV004006,INV1,po07780,V348,2023-04-27,14793.19,CANCELLED
INV004007,INV1,PO03830 ,V272,2024-11-10,22982.87,CANCELLED
INV004008,INV2,po03661,V071,2023-05-11,,Cancelled
INV004009,inv2,PO07805,V150,2023-04-19,45982.06,CANCELLED
INV004010,inv2,PO02199, V177,2023-06-24,25224.59,Cancelled
INV004011,INV1, PO05392,v322,2024-01-07,73134.51,POSTED
INV004012,INV1,PO01535,V477,2023-07-29,75701.8,POSTED
INV004013, INV1,PO03767,V061,2023-07-10,48821.85,posted
INV004014,INV1 ,PO03176,V470,2023-05-25,34871.38,POSTED
INV004015, INV1,PO00119,V363 ,2023-05-23,79670.83,CANCELLED
INV004016,INV1 ,PO00906,V314,2024-01-13,25984.34,Cancelled
INV004017,INV2,PO02910 ,v436,2023-03-29,88310.22,posted
INV004018,INV1,PO05731,V134,2024-08-19,75126.8,
INV004019, INV2,PO06116 ,V061,2024-11-17,68800.0,posted
INV004020, INV1,PO07450,V173,2024-06-20,18796.03,posted
INV004021,INV2,PO01331,V357,2023-05-26,7453.3,
INV004022,INV2,PO05782,v284,2024-08-02,72368.04,
INV004023,INV1,PO01565 , V335,2023-11-19,56669.77,CANCELLED
INV004024,inv1,PO03301, V184,2023-10-08,78041.92,POSTED
INV004025, INV2, PO02673,V299,2023-08-25,52274.52,CANCELLED
INV004026,INV1,po06056,v147,2024-02-10,93881.27,POSTED
INV004027,INV2,PO04207 ,V084,2023-12-11,75577.69,Cancelled
INV004028,INV2,po05182,V075,2024-05-12,33042.21,Cancelled
INV004029,INV2, PO02877,V267,2023-06-21,4378.51,POSTED
INV004030,inv2,PO00539,V301,2024-08-18,,CANCELLED
INV004031,INV2,PO02735,V019,2024-07-28,24407.74,posted
INV004032,INV1,PO05238,V379,2024-07-09,23483.27,posted
INV004033,INV1,PO03267, V399,2023-06-15,83409.7,Cancelled
INV004034,INV2,PO00359,V373,2023-11-16,77746.31,posted
INV004035,inv1,PO04680,V183,2023-12-11,14890.66,Cancelled
INV004036,INV2 ,PO03501,V141,2024-05-02,32302.6,
INV004037,INV2,PO04424 ,V228,2023-01-19,27122.77,CANCELLED
INV004038,INV2,PO00526 ,V020,2024-09-07,62897.22,
INV004039, INV2,PO01698 ,V240,2024-07-16,74594.67,Cancelled
INV004040, INV2,PO05617, V186,2024-01-21,46119.0,POSTED
INV004041, INV2,PO05321, V445,2023-02-27,93469.18,
INV004042,INV1 , PO07547, V256,2024-08-26,65516.17,Cancelled
INV004043,INV2,PO02633,v433,2023-01-04,83721.88,posted
INV004044,INV2 ,po06727,V108,2023-01-06,5273.56,Cancelled
INV004045, INV2,PO00122,V318 ,2023-12-06,52961.09,
INV004046,inv2,po00255,V142 ,2024-08-06,64457.05,
INV004047,INV2,po07508,V424,2023-11-08,94591.28,CANCELLED
INV004048,INV2 ,po00184,V217,2024-01-23,58613.03,
INV004049,INV2 ,PO07646,v379,2023-01-14,59373.08,CANCELLED
INV004050,INV2,PO06504,v021,2024-09-06,48862.08,posted
INV004051,INV2,PO02797,V138,2024-12-20,8404.58,CANCELLED
INV004052,INV1,PO07300,v337,2024-03-12,84575.79,POSTED
INV004053, INV2,PO06207 , V256,2024-05-24,93139.89,Cancelled
INV004054,INV2, PO05595,V320,2024-02-17,28840.34,CANCELLED
INV004055,INV1,PO05772,V292,2023-07-12,74442.2,
INV004056,INV2,PO06259,V170 ,2024-10-16,3265.67,POSTED
INV004057,INV1 ,PO00413 ,V210,2024-06-07,59096.05,Cancelled
INV004058,inv2,po05527,v420,2023-03-31,75483.42,posted
INV004059,inv1, PO02656,v350,2023-05-18,75104.38,CANCELLED
INV004060,inv2,PO05214,V384,2024-05-08,62312.42,Cancelled
INV004061,inv1, PO01249, V319,2023-06-28,,POSTED
INV004062, INV2,PO01609,v310,2023-09-24,56562.57,posted
INV004063,INV1,PO03186,V036 ,2024-09-18,25575.77,posted
INV004064,INV1,PO06612,V236,2024-08-11,86881.56,CANCELLED
INV004065,INV2,PO06941 ,V179,2024-02-25,38764.75,CANCELLED
INV004066,INV2, PO07914, V028,2023-08-11,76065.26,Cancelled
INV004067,inv1,PO01536,v376,2023-01-20,11877.18,posted
INV004068, INV1,PO03222,V305,2023-04-29,26016.63,posted
INV004069,INV1,PO00895,V010,2024-07-20,50668.49,posted
INV004070, INV1,PO07015,V411,2024-08-15,49253.18,POSTED
INV004071,inv2, PO04837,v113,2023-04-29,53920.36,Cancelled
INV004072,INV1,PO07376 ,V485,2024-06-01,94658.23,POSTED
INV004073,INV2,PO05487 ,V253 ,2023-12-26,7727.82,Cancelled
INV004074,inv1,PO02367,V043,2023-12-29,30527.51,posted
INV004075,INV1,PO04370,V257,2024-10-26,53815.58,Cancelled
INV004076,INV1,PO06365,V247,2023-07-05,12745.23,posted
INV004077,INV1,PO04179, V124,2023-10-13,92270.03,
INV004078,INV1,PO00723,V471,2024-11-12,32244.38,POSTED
INV004079,INV2,PO01241,V405,2023-08-15,10119.71,
INV004080,INV2,PO01885,V304,2023-08-04,92011.32,
INV004081,inv2,po06071,V155,2023-07-03,38455.69,
INV004082,INV2,PO01059 ,V062,2023-07-09,68165.88,POSTED
INV004083,inv2,po02610,v001,2023-12-02,87877.81,posted
INV004084,INV2, PO02922,V139,2024-11-29,68821.51,POSTED
INV004085,INV2,PO03638,V104,2024-03-24,89980.2,Cancelled
INV004086,INV1 ,PO03193,V183,2024-08-09,43697.14,
INV004087, INV2, PO03514,V082,2024-07-19,26023.48,
INV004088, INV1,PO05643,v050,2024-05-24,44487.06,Cancelled
INV004089,INV1 ,po04665,V423,2023-08-16,51111.06,CANCELLED
INV004090,INV2,po06741,V180,2023-01-17,69581.83,Cancelled
INV004091,INV2, PO07331,V039,2024-03-30,81143.2,posted
INV004092,INV1,PO05520 ,v435,2024-02-12,14648.88,POSTED
INV004093,INV2 ,po07287,V238,2023-05-27,29191.5,POSTED
INV004094,inv2,PO06647,V223,2023-12-13,2357.43,
INV004095, INV1,po06907,V405,2023-06-07,10964.83,CANCELLED
INV004096,INV2,PO05259,v309,2024-08-04,24532.16,CANCELLED
INV004097,INV1,PO03443,V500,2023-12-16,2670.58,posted
INV004098,INV1,PO01383 ,V333,2023-05-06,89739.25,posted
INV004099, INV2,PO04397,V167 ,2023-06-01,54087.72,posted
INV004100,INV2,PO03551,V245 ,2024-01-14,38453.8,Cancelled
INV004101,INV2,PO05298,V174,2023-11-05,31994.51,POSTED
INV004102,INV1,PO03508 ,V051,2023-01-08,31267.96,CANCELLED
INV004103, INV1,PO05784,V090,2023-05-07,16631.59,POSTED
INV004104,inv2, PO04786,v267,2024-12-31,27732.53,Cancelled
INV004105,INV1,PO01569 ,V288,2024-03-20,6383.58,CANCELLED
INV004106,INV1 ,PO04305 ,V423 ,2024-04-10,,Cancelled
INV004107,inv2,PO02052,V498,2023-12-31,82806.62,Cancelled
INV004108, INV1,PO02859,V222,2023-04-08,53293.36,posted
INV004109,INV2,PO05547,V010,2024-07-14,25944.93,Cancelled
INV004110,INV2 ,,V009 ,2024-02-26,88129.09,POSTED
INV004111,INV1,PO05449,v418,2024-02-25,19811.9,POSTED
INV004112,inv2, PO04901,V388,2024-03-20,82539.7,
INV004113,INV2,PO02604 ,V214,2023-03-07,3145.04,posted
INV004114,INV2,PO05732,V298,2023-08-16,32058.22,posted
INV004115,INV1,PO04769 ,V142,2024-03-23,28435.39,Cancelled
INV004116,INV2,po02735,V384,2023-09-26,8165.8,CANCELLED
INV004117,INV2,PO06655 ,v127,2024-10-11,,POSTED
INV004118,INV2, PO00564,V352,2023-04-11,78831.12,posted
INV004119,inv2,po04518,V377 ,2023-06-12,56472.61,Cancelled
INV004120, INV2,PO05634,V432,2024-02-27,23477.54,POSTED
INV004121,INV2,PO05726,V388,2023-05-14,22918.22,
INV004122,INV2, PO07532,V417,2024-05-10,51233.63,posted
INV004123,inv1,po06074, V073,2024-03-12,74672.52,
INV004124,INV1,PO00304,v165,2023-12-25,44901.34,
INV004125,INV1,PO00714,v196,2024-11-09,38790.01,CANCELLED
INV004126,INV1,po02112,V172,2024-08-30,44269.12,POSTED
INV004127,INV2 ,PO06963 ,v316,2024-09-18,73562.34,CANCELLED
INV004128,inv2,PO02448,V094,2023-02-23,78829.18,
INV004129,INV2, PO03741,V079,2023-02-24,52420.59,
INV004130, INV1,PO00620,v374,2024-09-21,17788.89,CANCELLED
INV004131,INV1,PO06252 , V120,2024-09-18,64359.54,posted
INV004132,inv2,PO05206 ,v442,2024-07-13,13586.6,Cancelled
INV004133,INV1, PO01765,V376,2024-01-08,14179.24,posted
INV004134,INV2 ,PO04009,V173,2024-01-25,63826.0,posted
INV004135, INV2,PO07658,V441 ,2023-08-29,35215.86,CANCELLED
INV004136, INV1,PO05329,V212 ,2024-06-21,16150.42,posted
INV004137,INV1 ,PO01899,v062,2024-01-03,58736.73,CANCELLED
INV004138,INV2,PO06643,V410,2024-12-13,32256.39,Cancelled
INV004139, INV2,PO04255,V171,2023-01-06,1037.05,POSTED
INV004140,INV1, PO07400,V023,2024-08-23,16899.71,
INV004141,INV2,PO07844,V430,2024-10-01,69960.3,CANCELLED
INV004142, INV1,PO03108,V376,2024-07-07,18862.92,
INV004143,inv2, PO07852,V377 ,2024-04-20,62005.69,CANCELLED
INV004144,INV1,PO05108,V008,2024-08-15,68779.93,CANCELLED
INV004145,INV1,PO05557,V112,2023-08-04,55561.47,
INV004146,INV1,PO06224,V177 ,2024-11-04,70202.46,Cancelled
INV004147,inv1, PO04192,V320 ,2024-04-08,92616.63,POSTED
INV004148,INV1 ,PO07995, V283,2023-12-18,54941.02,
INV004149, INV1, PO04153,V329,2023-03-08,48950.08,
INV004150, INV2,po02553,V476,2023-02-21,74577.53,Cancelled
INV004151,INV2 ,PO01633 ,V371 ,2023-03-06,49156.35,POSTED
INV004152,INV2,PO06110, V164,2024-07-27,39575.78,
INV004153, INV1, PO02657,V030,2023-04-02,17378.02,
INV004154,INV2,po06230,V129,2024-06-01,21242.27,POSTED
INV004155,inv1,PO02572,V180,2023-11-05,11431.57,posted
INV004156,INV1,,V339,2024-01-08,23204.76,posted
INV004157,INV1,PO04233 ,V101,2024-09-09,43814.0,CANCELLED
INV004158,INV2,PO06547 ,V045,2023-05-24,16193.56,
INV004159,INV1 ,PO07566,V370 ,2024-09-21,73587.99,
INV004160,INV1 ,PO02344,V018 ,2024-10-01,88920.05,CANCELLED
INV004161,INV2,PO00808,V098,2024-08-21,91486.8,CANCELLED
INV004162,INV2, PO02914,V076 ,2024-02-28,62069.18,Cancelled
INV004163,INV2, PO03388,V050 ,2023-09-25,91280.92,posted
INV004164,inv2,PO03499,V001,2023-03-14,29046.41,
INV004165, INV1,PO01273,v006,2023-08-20,72497.67,POSTED
INV004166,INV1,PO07801 ,V500,2023-10-30,34029.81,
INV004167,,PO01176 ,v087,2023-01-02,4655.67,
INV004168,INV2,po07691,V321,2023-08-12,75459.21,POSTED
INV004169,INV1,PO02119,V360 ,2024-10-06,22470.86,CANCELLED
INV004170,INV1 ,PO06684,V335,2023-03-08,67959.94,posted
INV004171,INV1,PO03912,v345,2023-05-16,50262.14,POSTED
INV004172,INV1,po05521, V242,2024-12-19,19846.18,POSTED
INV004173,INV2 , PO00223,V049 ,2023-12-22,,CANCELLED
INV004174, INV2,PO04341, V411,2024-02-10,2377.33,posted
INV004175,INV2,PO04506,V208,2023-07-31,16017.78,Cancelled
INV004176,INV2,PO05655 ,V359 ,2023-06-23,51567.37,CANCELLED
INV004177,INV1, PO01304,V154,2024-04-17,40729.94,posted
INV004178,inv1, PO00183,V353,2023-10-18,71010.92,CANCELLED
INV004179,INV2,po02542,V445,2024-09-19,,POSTED
INV004180,INV2,PO04089 ,V300 ,2024-07-17,23104.47,CANCELLED
INV004181,INV2,po02900,V374,2023-06-13,13108.9,CANCELLED
INV004182, INV1,po01143,V247,2023-05-03,62104.66,POSTED
INV004183,INV1,PO07883,V116,2024-02-23,91132.32,posted
INV004184,INV1 ,PO02296,v080,2024-05-11,40566.84,CANCELLED
INV004185,INV1,PO01404,V003 ,2023-12-23,67495.86,
INV004186,INV2,PO00175,v328,2024-10-23,57648.89,posted
INV004187, INV2, PO06438,V017,2024-08-14,90296.05,Cancelled
INV004188,INV1, PO07950,v420,2024-09-20,92075.08,CANCELLED
INV004189, INV1,PO02439,V095,2023-03-26,53611.26,POSTED
INV004190, INV1,PO04274,V283,2024-07-21,39510.72,
INV004191,INV2,PO03256,V152,2024-05-08,89317.71,posted
INV004192,INV1,po07942,V421,2024-08-30,43733.13,CANCELLED
INV004193,INV2, PO05591,V384,2024-10-11,47224.56,
INV004194,INV2,PO01267,V299,2023-03-30,,posted
INV004195,INV2,PO04337,V290,2023-11-05,20545.77,
INV004196,,,V443,2023-03-09,91963.82,posted
INV004197,INV1,PO01012 ,V059 ,2024-09-23,49198.27,Cancelled
INV004198,INV2,po06416,V364 ,2023-10-05,83158.74,Cancelled
INV004199,INV1, PO07151,V090,2024-05-19,7094.58,posted
INV004200,INV1,PO01941, V014,2024-06-11,11118.15,
INV004201,INV2,PO06080,V409,2024-03-06,63400.63,
INV004202,INV2,po05147,V277,2023-09-24,70956.24,posted
INV004203,INV2 ,PO04324,V163,2023-10-13,41547.77,CANCELLED
INV004204, INV2,po07165,V268,2024-10-05,14672.79,posted
INV004205,INV1 ,PO03550,V381 ,2023-04-03,24699.44,posted
INV004206, INV2,PO06264,V092,2023-05-10,26025.58,posted
INV004207, INV2,po00402,V146,2024-02-10,23301.77,posted
INV004208, INV2,PO05189,V282 ,2024-06-08,26907.31,POSTED
INV004209,inv2,po07082,v230,2024-04-13,12863.3,posted
INV004210, INV2,PO06923 ,V186 ,2023-12-18,66588.61,CANCELLED
INV004211,INV2,PO05197, V350,2024-04-22,77503.64,posted
INV004212,INV2,PO00940, V312,2024-06-21,48213.63,Cancelled
INV004213, INV2,PO07507, V160,2024-11-10,88591.62,
INV004214,INV2,PO02546,V126,2023-05-16,19187.77,POSTED
INV004215,INV1,PO04723, V074,2023-04-18,19657.89,
INV004216,INV1,PO06346,v382,2024-10-20,42291.47,Cancelled
INV004217,inv2,PO04519 ,V456 ,2023-06-20,5497.4,posted
INV004218, INV1,PO03520 ,V125,2024-10-17,52232.5,CANCELLED
INV004219,INV1,po06847,V110 ,2023-09-06,76596.88,
INV004220,INV1,po02423, V466,2024-04-14,15924.99,POSTED
INV004221, INV2,PO00439,V465,2024-05-29,87244.31,POSTED
INV004222,INV2,po05780,V479,2024-11-18,77888.86,posted
INV004223,INV1,PO07252,V078 ,2023-07-29,34125.02,POSTED
INV004224, INV2,PO04716, V204,2023-07-11,28498.6,POSTED
INV004225,INV2,PO04880,V414,2024-05-21,6479.52,
INV004226,INV1,PO07729,V002,2023-09-19,61789.25,Cancelled
INV004227, INV2,PO04937,V041,2023-03-24,43344.61,posted
INV004228,INV2,PO04143,v483,2023-01-09,45509.29,Cancelled
INV004229,INV1,PO07734 ,V108,2023-11-02,90600.89,posted
INV004230,INV1,po06447,v275,2024-03-14,15619.6,CANCELLED
INV004231,INV1,PO01959, V080,2023-07-19,85441.13,
INV004232,inv2, PO00300,V057,2024-12-16,35282.52,posted
INV004233,INV2,PO07611, V439,2023-01-31,8022.57,posted
INV004234,INV1,PO07673,V468 ,2023-12-19,76029.03,POSTED
INV004235, INV1,PO07720,V353,2023-01-07,18645.88,Cancelled
INV004236,INV2 ,PO04871,V037,2024-06-26,11417.21,Cancelled
INV004237,INV2 , PO00173,V473 ,2023-08-07,31609.0,POSTED
INV004238,inv1,PO06262,V090,2023-10-19,93994.76,CANCELLED
INV004239,INV2,po07949, V396,2024-12-19,14629.94,CANCELLED
INV004240,INV1,PO04311,V052,2024-04-28,35376.32,POSTED
INV004241,INV2, PO05417,V256,2023-07-28,70893.5,CANCELLED
INV004242,inv2,PO03863 ,V356,2024-02-16,79049.41,
INV004243,inv2,PO01013,V390,2024-01-06,35320.43,CANCELLED
INV004244,INV2,PO02472,v134,2024-12-05,30574.51,CANCELLED
INV004245, INV1,PO01673,V460,2023-01-05,88125.8,
INV004246,INV2, PO06873,V452,2024-06-18,1080.93,POSTED
INV004247,INV1,PO07569, V001,2024-02-12,3337.52,Cancelled
INV004248,INV2 ,PO04904,V014,2023-11-14,9673.74,
INV004249,INV2, PO03474,V201,2023-12-22,3387.8,Cancelled
INV004250,INV2, PO04263,V120,2024-07-26,48549.46,Cancelled
INV004251,INV2 ,PO07020,V367,2024-12-07,79611.71,
INV004252,inv1,PO00207,V190,2024-12-22,41900.99,Cancelled
INV004253,INV1,PO04751,V264 ,2024-04-26,58612.08,
INV004254,inv1,PO04022,V303,2023-12-23,9214.52,CANCELLED
INV004255, INV1,PO01850,V366,2024-12-16,70497.03,Cancelled
INV004256,INV2,PO01954,v124,2024-04-07,8500.99,
INV004257,inv2, PO00214,V444,2024-07-29,29081.0,CANCELLED
INV004258,INV1,po04678,V047,2024-06-28,48104.49,POSTED
INV004259,INV1,po04192, V347,2024-05-24,52089.28,CANCELLED
INV004260,INV1 ,PO03539,V017 ,2023-09-05,68509.93,posted
INV004261,INV1,po07682,V437,2023-03-13,13587.56,CANCELLED
INV004262,INV1,PO03318,,2023-07-14,45473.2,CANCELLED
INV004263,INV1,PO01087,V020,2023-04-21,41994.91,posted
INV004264,INV1,po03570,V071,2023-08-07,10843.34,
INV004265,INV1 ,PO05507 ,V348,2023-01-28,50448.9,CANCELLED
INV004266, INV1, PO01039,V474 ,2023-08-03,4961.88,POSTED
INV004267,INV2 ,PO07358 ,V413,2024-02-29,94659.16,
INV004268,INV1, PO06427,V467,2024-08-03,50270.88,posted
INV004269,inv2,po01525,V317,2024-01-09,59717.92,POSTED
INV004270,INV1,PO07108 ,V468,2023-02-08,29734.94,CANCELLED
INV004271,INV1,PO06423,V358 ,2024-11-21,9724.74,Cancelled
INV004272, INV1,PO07683, V394,2024-03-13,43635.56,posted
INV004273,INV2,PO01420,v254,2024-04-17,82757.84,POSTED
INV004274,INV1,PO03776,V436,2024-02-17,3333.29,POSTED
INV004275,INV2,PO01887, V095,2023-05-01,5015.49,
INV004276,INV2 ,PO04890, V329,2024-06-08,19837.73,Cancelled
INV004277,inv2,PO01827,v369,2023-12-18,13980.2,CANCELLED
INV004278,inv1,PO02317,V210,2023-09-20,52590.87,
INV004279,INV2,PO01334,V268,2024-11-17,87055.75,Cancelled
INV004280,INV1,PO05838,V025,2024-04-28,48641.49,posted
INV004281,INV2, PO00489,v073,2023-07-09,78547.53,CANCELLED
INV004282,INV1,PO07182, V252,2023-12-12,59673.04,
INV004283,INV2,PO01262,V215 ,2023-02-28,56998.33,posted
INV004284,inv2,PO05118, V395,2023-07-20,57463.79,posted
INV004285,INV2,po06807,V173,2023-12-11,90223.12,CANCELLED
INV004286, INV2,po02809,V212,2024-05-30,13400.0,CANCELLED
INV004287, INV2,PO04050,V461,2024-08-09,31759.62,
INV004288,INV1,PO00164,V374,2024-07-07,28610.86,
INV004289, INV2,PO06243,V158,2024-12-27,54162.45,posted
INV004290,INV1 ,PO04393,V284,2024-04-22,35474.26,
INV004291,INV2,PO01020,V334 ,2024-04-28,,Cancelled
INV004292,INV2,PO00651 ,V459,2024-08-06,42375.35,CANCELLED
INV004293,INV1 ,PO00494,v185,2023-10-22,47300.73,posted
INV004294,INV2, PO07892,V078,2023-02-12,11616.0,POSTED
INV004295,INV2, PO00187,V264,2023-06-06,27321.21,Cancelled
INV004296,INV1,po02531,v091,2023-09-28,63864.7,posted
INV004297,INV2,PO02701, V115,2023-05-20,87326.13,
INV004298, INV2,PO02136,v238,2024-08-23,62045.16,posted
INV004299, INV1, PO05339,V141,2023-08-22,6403.68,POSTED
INV004300, INV1,PO04709,V489,2024-08-25,65682.47,CANCELLED
INV004301,INV2,PO02129,V145,2024-04-28,14790.61,
INV004302, INV2,po01502, V060,2023-08-09,90122.31,Cancelled
INV004303, INV2,PO03794,V424,2023-01-13,77818.77,POSTED
INV004304,inv1, PO04144, V410,2023-07-17,9723.51,CANCELLED
INV004305,INV1,PO03662 ,V099,2024-01-31,48099.13,CANCELLED
INV004306,INV2,PO01070,V345,2023-10-25,77085.97,POSTED
INV004307,INV2 ,PO04988,V244,2024-11-16,7223.13,CANCELLED
INV004308,INV1, PO00876,V142,2024-07-01,52415.07,CANCELLED
INV004309,INV2 ,PO01771 ,V227,2023-03-29,81429.05,
INV004310,INV1,PO01766,V204,2024-04-18,78983.84,
INV004311,INV1, PO02556,V044,2023-07-22,,Cancelled
INV004312,INV1,PO07468,V404,2023-02-14,28075.28,POSTED
INV004313,INV2, PO00487,V454,2024-08-13,77531.41,
INV004314,inv2,PO01725,V140,2023-10-09,57543.22,POSTED
INV004315,INV1 ,PO04879,V111 ,2023-07-24,16481.52,Cancelled
INV004316, INV2,PO03398,V359,2024-01-25,35206.38,POSTED
INV004317,inv2,PO03485,V357,2023-06-27,14265.42,posted
INV004318,INV2,PO00135, V271,2024-08-23,85438.78,
INV004319,INV1 ,PO07966,V409,2023-04-15,14529.75,posted
INV004320,INV2,PO03898,v329,2023-08-30,15033.72,posted
INV004321,INV1,PO03200,V127,2024-08-16,38615.92,Cancelled
INV004322,inv1,PO05455,V440,2023-04-30,67982.94,Cancelled
INV004323,, PO02675,V068,2023-06-21,84514.4,Cancelled
INV004324,,po02810,V464,2024-05-29,65297.23,
INV004325,INV2 ,PO07481,v093,2024-07-23,23114.96,POSTED
INV004326,INV1,PO04118,V310,2023-09-02,4824.46,Cancelled
INV004327, INV1,PO01084,V119,2024-10-08,38257.3,POSTED
INV004328,INV2 ,PO02587,V372,2023-02-11,3386.47,Cancelled
INV004329,INV1,PO06371,V179,2024-11-20,17464.87,
INV004330,INV1,PO06746, V040,2024-07-30,54447.31,POSTED
INV004331,inv2,PO07686 ,v226,2024-11-21,56037.77,Cancelled
INV004332, INV2,PO00490,V135,2024-12-04,34572.56,CANCELLED
INV004333,INV1,PO07388,V049,2024-10-15,12162.06,posted
INV004334,INV1,PO07047,v104,2024-04-13,71886.86,posted
INV004335,inv1,PO04765 ,V077,2024-07-16,11351.31,
INV004336,INV2,PO04833,V187,2023-12-04,7825.37,posted
INV004337,INV2,PO05841 ,v353,2024-03-06,85470.97,CANCELLED
INV004338, INV2, PO04035,V438,2023-04-15,32773.89,CANCELLED
INV004339,INV1,PO01984, V012,2024-06-29,26793.1,Cancelled
INV004340, INV2, PO05410,V404,2024-02-20,71424.96,CANCELLED
INV004341,inv1,po06981,V189 ,2024-10-11,38673.91,
INV004342,inv1,po05345,v057,2024-09-24,9061.49,Cancelled
INV004343, INV1,po01640,V131,2024-03-24,17004.46,CANCELLED
INV004344,inv1,PO06064,V143 ,2023-11-30,84443.42,posted
INV004345,INV2 ,PO06765,V164,2023-11-24,54262.93,
INV004346,INV1,PO01367 ,V157,2024-10-18,58760.42,Cancelled
INV004347,INV1 ,PO05243 ,v170,2024-11-18,22389.86,posted
INV004348,inv1,po02300,V306 ,2023-07-10,28175.79,POSTED
INV004349,INV2,PO07364,V353,2024-10-20,44959.23,POSTED
INV004350,INV1,PO06706,V044,2023-03-13,78191.21,POSTED
INV004351, INV1,po05913,v084,2024-12-31,46901.12,posted
INV004352,INV1, PO04237, V366,2024-10-28,55165.46,CANCELLED
INV004353,INV2,PO02198,V028,2024-11-06,76884.21,POSTED
INV004354,INV1,PO06541,V400,2023-01-06,74831.05,Cancelled
INV004355, INV2,PO00519,v305,2023-05-12,55358.71,Cancelled
INV004356,INV1,PO05669,V448,2024-05-04,49278.01,posted
INV004357,INV1,PO04687 ,V399,2024-09-07,76590.57,
INV004358,INV2 ,PO06440,V010,2023-11-29,20917.72,CANCELLED
INV004359,INV2,PO02840 ,V232 ,2024-07-26,89442.1,POSTED
INV004360, INV1,po05954,V094,2023-08-04,65049.83,
INV004361,INV1 ,PO07683,V137,2023-12-18,37215.51,POSTED
INV004362,INV1,PO01619 ,v205,2023-11-25,36242.08,POSTED
INV004363,INV1, PO01480,V049 ,2023-02-13,30663.16,CANCELLED
INV004364,INV2,PO02576,V147,2023-01-01,19662.55,posted
INV004365,INV1 ,PO02131 ,V404,2023-12-29,44963.42,POSTED
INV004366, INV1,PO05908,v110,2023-01-18,75849.23,posted
INV004367,inv2,PO01685, V035,2023-04-17,,Cancelled
INV004368,INV2,PO07598, V342,2023-02-24,11366.94,Cancelled
INV004369,INV2,PO03338,V207 ,2024-11-03,14538.22,
INV004370,INV2,PO02455,V375 ,2024-11-05,26819.48,Cancelled
INV004371,INV2 ,PO06883 ,V179,2024-01-01,58941.41,Cancelled
INV004372,INV2,PO01705 , V375,2023-01-06,17224.8,POSTED
INV004373,INV1, PO01379,V213 ,2023-03-01,40050.78,Cancelled
INV004374,inv1,PO06363,V111 ,2024-10-21,62458.37,POSTED
INV004375,INV1, PO06826,V145 ,2024-06-08,33059.95,Cancelled
INV004376,inv2,po07908, V447,2024-03-17,90724.57,CANCELLED
INV004377,INV2,PO01428,V111,2024-03-31,4888.72,Cancelled
INV004378,INV1,PO01483,V396,2023-06-15,77759.79,
INV004379,INV2,PO01368,V488 ,2023-01-31,10855.31,CANCELLED
INV004380,INV1 ,PO00525 , V433,2023-07-11,76370.83,
INV004381,INV2,po01059,V160,2024-06-26,66810.28,
INV004382,INV1,po04050,v471,2024-07-18,59804.79,posted
INV004383,INV2,PO05408,V115,2023-12-06,52346.95,CANCELLED
INV004384,INV2,PO07557 ,V132,2024-05-18,36754.85,POSTED
INV004385,INV1,PO07346,V327,2024-11-11,42802.49,posted
INV004386,INV1,PO04904 ,V274,2023-12-24,19804.94,CANCELLED
INV004387,INV2,PO05498 ,V242 ,2024-12-31,1785.54,Cancelled
INV004388,INV1,PO00228, V004,2023-10-16,,posted
INV004389,INV1,po01775,v156,2023-09-02,55747.51,POSTED
INV004390,INV1 ,po03892,V416,2024-02-29,48232.76,Cancelled
INV004391,inv2,PO03600 ,V399,2024-04-27,40754.29,POSTED
INV004392,INV2,PO01973,V304,2024-05-20,85039.11,
INV004393,INV2 ,PO02120 ,V153 ,2024-05-24,91624.96,Cancelled
INV004394,INV2,PO06761,V486,2023-11-29,68275.63,posted
INV004395,INV2, PO01392, V329,2024-08-26,40208.13,Cancelled
INV004396,inv2, PO05533, V234,2024-11-12,24050.12,posted
INV004397,INV2,PO01843,V399,2024-05-18,32458.21,CANCELLED
INV004398, INV2,PO02205,V410 ,2023-01-10,27436.13,posted
INV004399,INV1 ,po07682,V032,2024-07-21,8290.17,CANCELLED
INV004400,INV2 , PO03185,V133,2024-08-08,38425.3,Cancelled
INV004401,INV2,PO07530,v459,2024-10-11,4736.13,CANCELLED
INV004402,INV2,PO04923, V200,2024-01-06,8256.46,POSTED
INV004403,,PO05953,v380,2023-05-30,87581.96,
INV004404,INV2,PO03898,V307,2024-07-24,32162.65,Cancelled
INV004405,INV1,PO01530,V053,2024-07-11,66147.56,POSTED
INV004406,INV1,po05777, V204,2024-01-09,82012.26,posted
INV004407,INV2,PO03593 ,V414,2024-08-27,34010.25,Cancelled
INV004408,INV1,PO02334,V404,2023-10-28,4692.8,CANCELLED
INV004409, INV1,po06006, V490,2024-07-15,75139.2,POSTED
INV004410,INV1,PO04156,V296 ,2024-08-28,93028.34,POSTED
INV004411, INV2,PO02907,v236,2024-02-28,11873.4,
INV004412,INV1,PO03325,V192,2024-05-12,89740.35,
INV004413,inv2,PO03430,V022,2023-03-06,37639.86,POSTED
INV004414,INV2 ,PO06580 ,V319,2024-06-26,54989.53,POSTED
INV004415,INV2,PO06451,V058,2024-12-01,58753.75,Cancelled
INV004416,INV1,PO06975,v357,2023-12-25,66128.37,posted
INV004417,INV1, PO04480,V490,2023-10-13,85051.14,CANCELLED
INV004418,inv2,PO06577, V024,2023-12-07,20478.03,posted
INV004419,INV1 ,PO02645,v256,2023-06-15,55315.11,Cancelled
INV004420,INV1,PO01713,v293,2023-05-31,32653.1,posted
INV004421,INV1 , PO01179,v402,2024-06-27,50477.21,Cancelled
INV004422,INV2,PO02857, V122,2024-09-08,61816.07,POSTED
INV004423, INV1,PO06255, V478,2024-12-25,43284.57,POSTED
INV004424,INV2,po05484,,2024-05-27,26021.72,
INV004425, INV2,PO03893,V144,2024-01-12,36722.36,POSTED
INV004426,INV2,PO07219,v100,2024-06-18,84046.94,POSTED
INV004427,inv2,PO07685,v142,2024-02-09,5028.48,CANCELLED
INV004428,INV2,po00074,V167,2023-05-22,17083.41,Cancelled
INV004429, INV2,po07752,v034,2023-11-10,10125.63,POSTED
INV004430,INV2 ,PO04541,V349,2024-03-10,49477.63,Cancelled
INV004431,INV1,po07477,V370,2023-11-05,59552.91,posted
INV004432,INV2,PO07122,V007 ,2024-03-21,80868.18,posted
INV004433, INV2,PO06197, V005,2023-10-04,88670.55,
INV004434,INV1,PO07722,V145,2023-02-13,92544.94,Cancelled
INV004435,INV2,PO07952,V031,2024-08-22,38049.6,Cancelled
INV004436,INV2 , PO01585,V389,2024-12-27,29884.38,CANCELLED
INV004437,INV1,PO06508,V351,2024-01-25,31679.97,POSTED
INV004438,INV2,PO02421,V311,2023-03-01,53849.61,posted
INV004439,INV2,PO01325 ,V174,2024-02-04,24491.08,CANCELLED
INV004440,INV1,PO00770,V364,2024-11-01,22417.2,
INV004441, INV1,PO01783 ,V437 ,2024-02-21,43666.45,POSTED
INV004442,INV2 , PO04076,V129,2024-11-16,84498.33,
INV004443,INV1,PO06485,V263,2024-11-21,68855.95,posted
INV004444,INV2,po00623,V067,2023-07-23,32606.81,POSTED
INV004445,inv2,PO04639,V388 ,2023-09-25,83762.94,CANCELLED
INV004446,INV1,PO01226,V251,2024-12-09,16015.68,
INV004447,INV1,po04215,V447,2024-09-30,4714.91,
INV004448,INV2 , PO00238, V315,2024-08-05,32206.93,CANCELLED
INV004449,INV2,PO05531,V464,2024-07-16,90519.51,
INV004450,inv1,PO04010,V422,2023-08-16,59851.03,
INV004451,inv1,PO06347,V244,2023-10-08,54419.22,
INV004452,INV1, PO05846,v273,2024-11-24,74322.34,POSTED
INV004453,INV2, PO02883,V443 ,2023-11-17,83998.92,
INV004454,INV2, PO00319,V220,2024-04-09,26649.18,POSTED
INV004455,INV2,PO06997,v253,2023-04-28,43067.39,CANCELLED
INV004456,INV1 ,PO03860, V111,2023-12-28,83243.73,CANCELLED
INV004457,INV1,PO05613,v175,2024-09-18,90626.12,
INV004458,inv2,PO05119,V125,2024-01-13,64093.52,posted
INV004459,INV1,po03039,V419,2023-11-05,57854.8,POSTED
INV004460,inv2,PO02317,V273,2023-07-29,,posted
INV004461,INV1,po00438,v499,2024-05-08,28774.99,posted
INV004462,INV1,PO02035,v496,2024-04-12,63342.82,POSTED
INV004463, INV1,PO00328,V207,2024-06-12,33630.65,POSTED
INV004464,INV2,PO01987,V449,2024-08-07,9153.34,CANCELLED
INV004465,INV1,PO03632,V037,2023-02-01,34494.09,
INV004466,INV1,PO02361,V064 ,2023-09-18,46098.83,POSTED
INV004467,INV1,po02811,V198,2023-12-30,74224.7,CANCELLED
INV004468,INV2 ,PO04225,V246,2024-07-01,92141.74,POSTED
INV004469,INV1, PO04930, V455,2024-02-14,63535.48,Cancelled
INV004470,inv1,PO01376,V089,2023-11-22,94707.04,POSTED
INV004471,INV2, PO00224,V008,2024-08-16,51830.28,posted
INV004472,inv2,PO00902,V499,2023-07-01,,
INV004473,INV1,PO06337,V109,2023-12-08,58774.64,POSTED
INV004474,INV2,po06615,V218,2023-10-10,57185.98,
INV004475,inv2,po02973,V338 ,2024-10-30,67211.42,Cancelled
INV004476,inv1, PO01777,v031,2024-09-06,47450.4,posted
INV004477,INV1,PO02353,V455,2023-01-31,53405.07,Cancelled
INV004478,INV1,PO03611,V475,2024-05-05,55689.86,Cancelled
INV004479,INV1,PO01648,v276,2023-06-02,36228.4,posted
INV004480,INV2 , PO00676,V005,2023-07-13,86721.18,POSTED
INV004481, INV1,PO02605,V171 ,2024-06-01,53209.72,
INV004482, INV1,PO04050 ,V494,2024-11-05,20961.52,
INV004483,INV2,PO02935 , V462,2024-09-01,57200.51,Cancelled
INV004484, INV2,PO03395, V423,2024-06-04,17789.81,
INV004485,INV1,PO03399,V303,2023-02-13,,Cancelled
INV004486,INV2,po06384,V103 ,2023-07-15,47489.67,POSTED
INV004487,INV1,PO06781,V392 ,2024-11-04,83075.99,CANCELLED
INV004488,INV2 ,PO07631,V023,2024-11-14,6216.6,posted
INV004489,INV2 ,po05811,V146,2023-11-27,81435.33,POSTED
INV004490,INV2,PO01174,V238 ,2023-03-02,65796.31,posted
INV004491,INV2,PO05737,V426,2024-09-06,72323.16,
INV004492,inv2,PO03519 ,V183 ,2024-10-08,987.9,CANCELLED
INV004493,inv1, PO04259,V469,2024-12-02,63614.12,posted
INV004494,inv2,po03965, V178,2023-03-06,48794.53,
INV004495, INV1, PO00260,V477,2024-11-03,28934.12,POSTED
INV004496, INV2, PO06152,v334,2024-10-04,9170.85,POSTED
INV004497,INV1,PO06808,V432 ,2024-09-21,35544.41,
INV004498,INV1,PO03638,V025,2024-06-13,57443.53,
INV004499,INV1,po00465,V440,2024-10-07,40472.46,Cancelled
INV004500,INV2,PO03932, V418,2023-06-06,22499.69,
INV004501,INV2,PO01834,V452,2024-04-20,53925.76,posted
INV004502, INV1,PO05956,V229,2023-10-03,88316.46,posted
INV004503,inv1,PO01860,V301 ,2023-04-05,18036.79,posted
INV004504,INV1,PO03430,V494,2023-07-17,,CANCELLED
INV004505,INV2 ,PO03430,v154,2023-02-20,91492.48,Cancelled
INV004506,INV1, PO05963,V419,2024-12-23,,CANCELLED
INV004507,INV2, PO03652,V176,2024-04-11,90932.09,CANCELLED
INV004508,inv2,PO07146,V070,2023-10-17,62397.96,
INV004509,INV1,PO03958,V052,2023-06-28,29518.71,posted
INV004510,INV1,PO04167,V058,2024-11-17,63533.44,
INV004511,INV2,PO06336,V490,2023-03-28,33492.68,CANCELLED
INV004512,INV2,PO02347,V420 ,2023-10-07,31569.21,POSTED
INV004513,INV1,po07843,V334,2024-05-31,66738.27,Cancelled
INV004514,INV1,PO05162,V020,2023-04-09,56301.51,CANCELLED
INV004515, INV1,PO06976,V079 ,2024-11-22,81864.03,Cancelled
INV004516, INV1,PO00186,v443,2023-04-15,20743.95,Cancelled
INV004517,inv1, PO05789, V260,2023-09-23,61573.78,CANCELLED
INV004518,INV2,PO06757,V311 ,2024-09-20,51183.0,POSTED
INV004519,INV1, PO06196,V040,2023-07-18,68693.65,Cancelled
INV004520,inv1,PO04441,V338,2024-08-20,38822.62,POSTED
INV004521,INV1,PO00680,v053,2024-07-26,10190.86,
INV004522,INV2,PO06429,v255,2023-04-25,35410.14,CANCELLED
INV004523,INV2,PO04209,V287,2024-04-01,72581.02,CANCELLED
INV004524,INV1 ,PO01673,V110,2023-01-15,33525.94,
INV004525,inv1,PO04571, V378,2024-12-05,,CANCELLED
INV004526,INV1,PO03528,v182,2023-03-08,27063.05,Cancelled
INV004527,INV2 ,po04195,v277,2024-11-17,82050.74,posted
INV004528,INV1,PO01400,V366,2023-01-23,66496.53,posted
INV004529,INV2,PO00270,V364 ,2024-06-17,27483.56,CANCELLED
INV004530,inv1,PO00483 ,v227,2024-02-25,90672.12,posted
INV004531,inv1,po05024,v389,2024-12-31,1803.07,POSTED
INV004532, INV2,PO01857,V294,2024-05-02,38907.64,
INV004533,INV2,PO06817,V250,2024-05-08,,POSTED
INV004534, INV2, PO07050,V076,2024-02-25,92357.71,posted
INV004535,INV1,po03906,v300,2024-10-23,7600.88,Cancelled
INV004536,INV1,PO05815,V089,2023-04-18,,
INV004537,INV1, PO07368,V262,2024-11-10,92202.08,posted
INV004538,INV1 ,PO00244,V017 ,2024-03-11,40926.84,posted
INV004539,inv2,PO00134,V288,2024-03-13,15014.46,POSTED
INV004540,INV1 ,po03130,,2024-11-05,55051.37,
INV004541,INV2,po01797, V267,2024-03-04,17357.5,
INV004542, INV1, PO05077,v410,2023-04-14,30617.9,posted
INV004543, INV2,PO00056,V228 ,2024-09-22,801.59,
INV004544,INV1,PO05388, V315,2024-09-04,47929.27,POSTED
INV004545,INV1,PO00687,V076,2024-09-14,50446.21,Cancelled
INV004546,INV2,PO03860,V118,2024-02-04,14900.76,posted
INV004547,INV1 ,PO04481,v118,2023-07-18,56609.19,POSTED
INV004548,INV2,po03926,V111 ,2023-03-20,30128.76,POSTED
INV004549,inv2,PO06273,v261,2023-05-25,30092.06,
INV004550, INV1,PO05058,V074,2024-12-20,27630.23,POSTED
INV004551,INV1,PO04150 ,V351,2023-03-27,40815.52,POSTED
INV004552, INV1,PO04593,V145,2023-02-28,30678.95,posted
INV004553,INV1,PO07321, V373,2023-01-10,74295.32,posted
INV004554,INV1,PO07399,V360,2023-09-01,48970.13,POSTED
INV004555,INV1,PO06037,v243,2023-09-04,91119.88,posted
INV004556,INV2,po07300,v247,2024-08-25,46554.1,posted
INV004557,INV2,po00911,V008,2024-03-18,74378.78,
INV004558,INV2 ,po01210,,2023-10-25,73634.44,posted
INV004559,INV1,PO06937,V405,2024-05-21,52493.05,POSTED
INV004560,INV1,PO06817,V255,2024-07-18,,
INV004561,INV1, PO00742,V117,2023-06-05,93038.61,
INV004562, INV2,PO01779 ,V232,2024-03-14,18754.84,CANCELLED
INV004563, INV2,PO00392 ,V059,2024-11-26,12910.99,CANCELLED
INV004564,INV2,PO04539,v057,2024-09-07,24429.35,Cancelled
INV004565,INV1, PO07099,V473,2024-01-26,90178.99,CANCELLED
INV004566,INV2 ,PO00933,v301,2023-09-09,15182.03,POSTED
INV004567,INV1,PO06495,V366,2024-06-20,85478.01,POSTED
INV004568, INV2,PO02101,V067,2023-01-02,4919.18,posted
INV004569,INV2,PO04960,V342,2024-03-14,26323.56,Cancelled
INV004570,INV2,PO05810,V467,2024-09-19,15799.47,
INV004571,INV2,PO00958, V010,2024-09-29,24906.09,CANCELLED
INV004572,INV2 ,PO02902,V065,2024-02-27,21686.98,
INV004573,inv2,PO05018,V455,2024-02-20,49987.43,POSTED
INV004574,INV2,PO05098,V032,2024-04-05,17275.32,Cancelled
INV004575,,PO06861,V483,2024-01-08,19024.06,
INV004576,INV1 ,PO01007,V184 ,2023-05-02,23764.18,
INV004577,INV1,po06471,V017,2023-02-22,3570.34,posted
INV004578,inv1, PO02015,V462,2024-08-06,21797.72,POSTED
INV004579,INV1,PO07626, V313,2024-02-28,11281.84,posted
INV004580,INV2 ,PO05774 ,V348,2024-12-03,64649.58,CANCELLED
INV004581, INV2, PO06757,V455,2023-05-09,31561.52,POSTED
INV004582,INV1,PO05758 ,V196 ,2023-04-22,65947.69,CANCELLED
INV004583,INV2,PO02087,V457 ,2024-01-09,,POSTED
INV004584,INV1,PO01044 ,V190 ,2024-06-04,12633.92,
INV004585,INV1,PO04115,V301 ,2023-11-18,31326.72,POSTED
INV004586,INV2,PO02203, V358,2024-04-25,58302.56,Cancelled
INV004587,INV1,PO01456,V184 ,2023-01-03,93936.58,POSTED
INV004588,INV1,PO03585,V120,2023-07-05,9826.48,Cancelled
INV004589, INV1,PO07915,V163,2023-05-10,84916.99,POSTED
INV004590,INV1,PO00400 ,V404,2023-11-19,1973.68,
INV004591,INV2 ,PO02504, V218,2024-04-09,25486.11,CANCELLED
INV004592,INV1,PO05387,v133,2024-01-09,55117.94,POSTED
INV004593,inv1,po04989,V293 ,2024-07-12,45999.34,Cancelled
INV004594,INV2,PO00614 ,v221,2023-01-16,46905.32,CANCELLED
INV004595,INV1,PO02217,V360,2024-06-14,78767.99,Cancelled
INV004596,inv1,PO01119 ,V378,2023-01-13,24115.79,CANCELLED
INV004597,inv2,PO01808,V338,2023-06-04,51404.15,Cancelled
INV004598,INV2, PO07321,V271,2024-08-31,35029.26,
INV004599,INV2,PO00827,,2023-02-18,38546.98,Cancelled
INV004600,inv2,PO07219,V037 ,2023-08-30,6303.59,posted
INV004601,INV2,PO06901 , V310,2024-06-27,34872.03,Cancelled
INV004602,INV1,po03403, V230,2023-10-24,16498.71,CANCELLED
INV004603, INV1,PO06271,V177,2024-03-24,66579.33,
INV004604,INV2,PO02599,V153,2024-05-04,75791.12,CANCELLED
INV004605,INV1,PO02970,V461 ,2024-03-09,51762.65,
INV004606,INV2,po03370, V192,2023-09-23,39021.04,Cancelled
INV004607,INV2,po05784,V490,2024-04-14,70050.78,posted
INV004608, INV2,PO04608,V354 ,2023-07-06,93403.95,Cancelled
INV004609, INV1,PO01463,V491 ,2024-04-25,82268.6,POSTED
INV004610,inv1,PO00803,V231 ,2024-05-26,62571.34,CANCELLED
INV004611,inv2,PO02545,v305,2024-02-13,75156.01,Cancelled
INV004612, INV2,PO06290 ,,2023-08-16,,CANCELLED
INV004613,INV1,PO06800,V361 ,2024-04-13,72060.45,Cancelled
INV004614,INV2,po00317,V387 ,2024-01-31,46599.31,posted
INV004615,INV1,PO07735,V284,2024-07-07,93050.28,
INV004616,INV1, PO05149,V407,2024-07-17,56382.44,
INV004617,INV2,PO03684,V359,2024-09-10,92215.52,POSTED
INV004618,INV2, PO02371,v257,2024-01-06,79204.66,CANCELLED
INV004619,inv2,PO06965,V066,2024-03-17,23633.89,POSTED
INV004620,INV1,PO00660, V437,2023-10-09,75700.66,
INV004621,INV2 ,PO00483 ,V001,2023-03-25,78920.91,
INV004622,INV2 ,po02358,V141,2024-11-17,75533.36,Cancelled
INV004623,INV2, PO05828,V469 ,2024-07-17,30950.47,CANCELLED
INV004624,INV1, PO00067,V377,2024-12-24,38255.23,POSTED
INV004625,INV2,PO02369,v122,2024-05-19,27650.18,
INV004626, INV1,PO04115,V396,2023-02-03,28797.7,posted
INV004627,INV1,PO05345 ,V230 ,2024-11-07,57176.67,POSTED
INV004628,INV2, PO00603,V287,2024-12-03,23698.53,Cancelled
INV004629,INV2,PO04736,V197,2023-03-10,17214.32,POSTED
INV004630,INV1,PO02101 ,V025,2023-08-20,94090.47,CANCELLED
INV004631,INV2,PO01090,V387,2024-03-22,44469.4,posted
INV004632,INV2,PO07146 ,V085,2024-01-19,84325.33,
INV004633,INV2,PO02154,V217,2024-09-24,59086.72,POSTED
INV004634,inv1,PO01130 ,V285 ,2024-01-01,32964.67,posted
INV004635,INV1 ,PO07118, V342,2024-02-27,67696.38,posted
INV004636,INV2,PO07749 ,v395,2024-11-01,64139.26,Cancelled
INV004637,INV2,PO04087,v485,2023-08-09,11284.37,POSTED
INV004638,INV1,PO05552 ,V086 ,2023-12-11,30330.18,posted
INV004639, INV2,PO04807,V347,2023-12-05,,Cancelled
INV004640,INV1 ,PO00865 ,V216 ,2023-08-21,52192.72,
INV004641,INV2,po05978,v200,2023-04-27,,Cancelled
INV004642,inv1,po00625,V473,2023-10-22,35615.0,
INV004643,INV2,PO04647,V255,2023-01-09,74731.35,posted
INV004644,INV1 ,PO04675,,2024-07-12,51614.84,POSTED
INV004645,INV2,PO04193,v481,2023-05-22,84022.48,Cancelled
INV004646,inv2,PO04023,V319,2023-11-29,52235.12,
INV004647,INV2,PO02190,v121,2024-01-06,64176.31,Cancelled
INV004648,inv1,po06727,V138,2023-11-18,16564.05,
INV004649, INV1,PO06290,V061,2023-12-20,35129.17,POSTED
INV004650,INV2,PO03263,V470,2024-09-22,78920.41,CANCELLED
INV004651,INV2, PO03186,V363,2023-10-21,69024.53,
INV004652,INV1,PO03414,v152,2024-02-28,52240.96,POSTED
INV004653,inv2,PO07070,V069,2023-08-27,52756.19,
INV004654,INV2,PO03055,v440,2023-06-07,72018.66,posted
INV004655,INV1,PO06315,V481,2024-01-22,13039.62,CANCELLED
INV004656,INV2,po04383,V156,2024-08-06,22464.4,Cancelled
INV004657,INV1 , PO01878,V122,2024-10-09,14014.73,POSTED
INV004658,INV2,PO05077,V028 ,2023-05-07,3072.15,CANCELLED
INV004659,INV2,PO00341,V014,2024-12-28,41888.13,CANCELLED
INV004660,INV2,PO01209,v400,2023-02-04,70108.13,POSTED
INV004661,INV1,PO04428,v007,2023-08-14,53323.31,
INV004662,INV2,PO06986 ,V149,2024-05-15,45497.43,
INV004663,INV2,PO01925, V149,2023-10-15,36877.39,Cancelled
INV004664,INV2,PO03397 ,V420,2024-06-30,76991.82,CANCELLED
INV004665,INV1 ,PO07446,v167,2024-01-31,81741.1,Cancelled
INV004666, INV1,PO00074, V029,2024-03-24,7466.13,
INV004667, INV2,PO01035,V440 ,2023-02-22,47563.91,POSTED
INV004668,INV1,po03566, V243,2023-01-09,54901.65,posted
INV004669,inv2, PO03968,V318,2023-09-18,,posted
INV004670,INV2,PO05054,v443,2024-04-27,76000.77,posted
INV004671,INV1, PO06781,V237,2023-02-28,21289.86,Cancelled
INV004672, INV1,PO01317,V116 ,2023-08-11,47519.89,
INV004673,INV1,PO03561,v132,2024-07-28,70471.23,CANCELLED
INV004674,INV1,PO02789,V106 ,2023-10-13,29533.23,CANCELLED
INV004675,INV2,po01666,V057,2023-07-28,60056.19,
INV004676, INV1,po00787,V265 ,2023-12-18,21562.86,CANCELLED
INV004677,INV1,PO02853 ,V303,2024-06-29,34701.13,posted
INV004678,INV1,PO01466,V314 ,2023-04-16,23990.42,posted
INV004679,INV1,PO05860,v231,2023-06-18,41982.34,posted
INV004680,INV1,po00709, V127,2023-11-26,91719.69,CANCELLED
INV004681,INV2,PO04298,V491,2024-01-18,32445.87,POSTED
INV004682,INV2,po04310,V228,2024-06-06,14578.97,CANCELLED
INV004683,INV1,PO02351,V105,2024-12-18,73371.54,posted
INV004684,INV1 ,PO07517, V092,2023-04-05,21380.7,posted
INV004685,INV1,PO01660 ,V497,2023-03-27,6235.64,CANCELLED
INV004686,INV2,PO00421,V374,2023-01-14,66262.97,CANCELLED
INV004687, INV1,PO07613 ,V490 ,2023-03-08,82313.37,
INV004688,INV1,PO07475, V028,2023-06-19,12203.09,
INV004689,INV2,PO04914,V476,2024-03-05,55875.58,Cancelled
INV004690,INV2,PO04019,V477,2023-03-05,73980.01,Cancelled
INV004691,INV2,PO01419,V004,2023-10-01,58238.98,
INV004692,INV2,PO00167,V043 ,2023-11-28,36268.72,CANCELLED
INV004693,INV1,po00292,V196,2024-10-15,11760.68,POSTED
INV004694,INV1 ,PO01259,V040,2023-03-27,53424.64,
INV004695,INV1,PO00750,V133 ,2024-04-07,58418.91,POSTED
INV004696,INV1,PO06413,V371,2024-08-03,89690.72,posted
INV004697,INV2,po01570,V162,2023-02-28,42091.52,posted
INV004698, INV2,PO07588 ,V485,2023-03-26,24680.22,CANCELLED
INV004699, INV2,PO07596,V188,2024-01-12,45399.0,
INV004700,INV2 ,PO03570,V166,2023-04-04,41159.08,
INV004701,INV2, PO00480,V499 ,2024-04-03,60819.91,
INV004702,INV2,PO05444,V320,2023-12-01,84994.17,
INV004703, INV1,PO03174 ,v498,2024-06-30,22972.64,posted
INV004704, INV2,PO07179, V150,2024-04-03,94008.51,Cancelled
INV004705,INV1,po04606,V168,2023-08-14,62610.08,POSTED
INV004706,INV2 ,PO06401,V047,2023-09-15,12390.29,CANCELLED
INV004707, INV2,PO04661,v466,2024-09-08,86584.13,Cancelled
INV004708,INV2 , PO04600,V217,2024-02-13,74499.69,posted
INV004709,INV1 ,PO05824,v473,2023-10-03,2130.42,posted
INV004710,INV1,PO06308,V015,2024-01-24,50745.53,
INV004711,INV2,PO03165,V284,2024-11-02,17954.02,
INV004712, INV1,PO06172, V270,2023-06-20,35675.4,Cancelled
INV004713,INV2,PO07982 ,V198,2024-05-03,1378.55,POSTED
INV004714,INV1,po05230,V473,2023-06-18,63900.17,POSTED
INV004715, INV1, PO01618,V478,2023-12-31,4027.75,POSTED
INV004716,INV2 ,PO01997,V410,2024-05-24,60374.36,POSTED
INV004717, INV2, PO00449, V338,2023-09-11,50356.21,Cancelled
INV004718,INV1,PO04354,V495,2024-04-05,83062.43,CANCELLED
INV004719,inv1,PO03678, V109,2024-11-13,1969.99,POSTED
INV004720,,PO07277,V395,2023-09-21,39118.33,POSTED
INV004721,INV1 ,PO06098,v293,2024-07-19,75365.16,
INV004722,INV1,PO00612 ,V037 ,2023-08-15,65318.72,POSTED
INV004723,INV1,PO05225, V408,2023-03-12,27956.58,posted
INV004724,INV1 , PO04066,V415,2023-08-21,54841.45,POSTED
INV004725,INV2,PO03750 ,V463,2023-02-22,53795.14,CANCELLED
INV004726, INV2,PO06625 ,V436 ,2024-07-29,21278.68,CANCELLED
INV004727,INV1, PO07561,V424,2023-02-10,15476.94,CANCELLED
INV004728,INV2, PO06189,V465,2023-06-11,10522.12,Cancelled
INV004729,INV2,po07367,V467,2024-05-29,45126.94,POSTED
INV004730,INV1,PO07529, V081,2024-10-21,,Cancelled
INV004731,inv1,PO06402 ,V335 ,2024-10-25,15648.22,POSTED
INV004732,inv1, PO01979,V022,2024-07-03,32178.43,Cancelled
INV004733,INV2,PO00393,V216,2023-04-19,78684.05,posted
INV004734,INV1,PO01205,V262,2024-06-12,41238.18,CANCELLED
INV004735,inv2,PO06788, V461,2023-03-21,61490.92,POSTED
INV004736,INV1 ,PO03743,V005 ,2024-08-03,17814.32,
INV004737,INV2,po03434, V432,2024-07-12,24422.32,Cancelled
INV004738,INV1, PO00697,v455,2024-01-01,26748.27,CANCELLED
INV004739,inv1,PO02265,V378,2023-07-11,28935.06,posted
INV004740,INV1,po02049,V045,2023-07-04,85557.51,posted
INV004741,INV1,PO02492,v270,2024-10-27,46063.08,POSTED
INV004742, INV2,PO05041, V457,2024-10-10,20401.02,POSTED
INV004743,INV2 , PO06367,V274,2024-07-11,31810.5,
INV004744, INV1,PO05577 ,v046,2024-09-11,54154.59,Cancelled
INV004745,inv2,PO02881,V412,2023-12-06,25537.68,posted
INV004746, INV2,PO05490,v010,2024-05-07,71669.75,CANCELLED
INV004747,,PO03200 ,V321,2023-06-16,91566.12,
INV004748,inv1,PO00970,v181,2023-03-06,52778.89,Cancelled
INV004749,INV1,po03784,V452 ,2023-08-07,9283.9,POSTED
INV004750,INV2,PO02906 ,V099,2024-01-16,72212.52,posted
INV004751,INV1, PO06453,V173,2023-03-19,77587.06,
INV004752,INV2, PO05008,V343,2024-09-17,12110.36,POSTED
INV004753,INV1, PO05849,v427,2024-02-12,4567.54,
INV004754,INV1 ,PO06864,,2024-03-24,55730.41,Cancelled
INV004755,INV2,PO07819,v441,2023-09-05,14374.08,CANCELLED
INV004756,INV2 , PO06615,V358,2024-01-15,73740.11,posted
INV004757,INV2,PO03224 , V153,2024-01-11,55161.27,CANCELLED
INV004758,INV2 , PO04029,V136,2023-03-12,66967.79,posted
INV004759,INV2,PO01319,V126,2024-02-12,61343.72,Cancelled
INV004760,INV1,PO05665,V088,2023-03-11,27455.94,Cancelled
INV004761,,PO07799,V301,2024-06-16,4952.28,Cancelled
INV004762,INV2,PO00268, V083,2023-05-11,90467.75,posted
INV004763,inv2,PO06654,V242,2024-01-22,11459.19,
INV004764,INV2, PO07018,V087,2023-01-13,18785.07,POSTED
INV004765,inv2,PO03357,v144,2023-04-25,68908.3,
INV004766,INV1,PO05546,v485,2024-04-17,65449.12,CANCELLED
INV004767,INV2,PO01570,v452,2024-02-08,56003.02,posted
INV004768,INV2 , PO02916,V097,2023-05-22,45604.25,
INV004769,INV2,PO00427,v425,2023-05-11,43284.4,posted
INV004770,INV1 ,PO06693,V379,2023-05-13,60860.74,CANCELLED
INV004771,INV2,PO00118, V407,2024-12-16,65385.88,POSTED
INV004772, INV2,PO05767,V299,2023-06-08,92071.03,CANCELLED
INV004773,INV2 ,PO03472,V215 ,2024-02-29,18988.09,
INV004774,INV1,PO07730,V131,2024-03-12,4359.21,
INV004775,INV1 ,PO03606,V465,2024-06-22,7641.41,
INV004776,INV1,PO05438, V391,2023-06-15,63539.9,posted
INV004777,INV1,PO04102,V434,2024-02-15,15371.09,POSTED
INV004778,INV2,PO02344,V413 ,2023-02-12,79502.8,
INV004779,INV2,PO01127,V375,2024-09-19,86946.18,Cancelled
INV004780,INV1,PO01350,V030 ,2024-02-09,7316.01,Cancelled
INV004781,INV2 ,PO06350 ,V129,2024-08-05,87623.47,Cancelled
INV004782,inv1,PO02803 ,V316,2024-02-14,40913.16,Cancelled
INV004783,inv2,PO01777 ,V052,2024-02-29,6472.05,POSTED
INV004784,INV2,PO04074,V421 ,2023-09-05,65420.57,Cancelled
INV004785,INV1,PO03380, V009,2023-10-30,37136.83,CANCELLED
INV004786,INV1,PO05818,v120,2023-04-19,13666.31,posted
INV004787,inv2,PO05100 ,V452,2023-04-15,3193.52,posted
INV004788, INV2,PO04405,V033 ,2023-07-07,66846.76,
INV004789,INV2,PO07300 , V051,2024-06-27,28076.84,posted
INV004790,INV1 ,PO00847,V477,2023-01-15,41628.09,
INV004791, INV1,PO03871,v163,2023-08-10,51764.93,CANCELLED
INV004792, INV1,PO00438,V079,2023-09-24,45169.37,Cancelled
INV004793, INV1, PO00926,V072,2023-04-14,42944.22,CANCELLED
INV004794,INV2,PO03194,v309,2024-11-25,6302.36,POSTED
INV004795,INV2, PO03673,v012,2024-10-31,12687.37,Cancelled
INV004796, INV2,PO06378,v310,2024-06-04,84264.11,CANCELLED
INV004797,inv2,PO05252,V287 ,2024-11-28,91396.11,POSTED
INV004798,INV2,PO02833,V471,2023-02-16,21188.07,POSTED
INV004799, INV2, PO07140,v431,2024-12-07,43252.14,posted
INV004800,INV1 , PO01557,V064 ,2024-10-19,21239.13,POSTED
INV004801,INV2,PO02084,V440,2023-07-09,85612.51,
INV004802,INV1,PO06275,V027 ,2024-07-04,,Cancelled
INV004803,INV2,PO02610,V153,2023-10-20,14653.37,Cancelled
INV004804,INV2,po01701,v436,2024-07-23,20335.24,posted
INV004805,INV1, PO07127,v234,2023-01-21,63382.16,POSTED
INV004806,inv1,PO07648 ,V053,2024-07-17,61068.13,Cancelled
INV004807,INV1,PO01611 ,V010,2024-04-25,51046.09,
INV004808,INV2,PO01734 ,V372,2024-12-03,36687.52,Cancelled
INV004809,INV2,PO07727,V354 ,2023-09-17,63136.89,CANCELLED
INV004810,INV2,PO00721 ,V055,2023-09-30,18191.2,posted
INV004811,INV2,PO04928,V358 ,2024-05-26,93515.21,
INV004812,INV1,PO00925,V001,2023-06-17,3066.0,Cancelled
INV004813,INV1, PO04771,v203,2023-04-01,50433.42,CANCELLED
INV004814,INV2,PO07113,V285,2024-10-24,80996.39,posted
INV004815,INV1,PO04796,v216,2023-09-25,1336.22,
INV004816,INV1, PO05025, V455,2024-03-04,92597.56,POSTED
INV004817,INV1,PO06312 ,V380,2024-05-20,32070.49,
INV004818,INV1,PO04326,V382,2024-11-25,93684.86,CANCELLED
INV004819,INV2,,V459,2023-08-29,43948.56,
INV004820,INV2,PO07729,V273 ,2023-08-23,,CANCELLED
INV004821,INV2, PO02954,V473,2023-12-10,87559.63,Cancelled
INV004822,inv2,PO06444,V218,2024-02-23,72305.78,Cancelled
INV004823,INV1,PO06451,V116 ,2023-09-01,47013.35,POSTED
INV004824,INV1,PO05397,V242 ,2023-03-03,30642.04,CANCELLED
INV004825,INV2,po00328,V179,2024-07-17,56818.06,Cancelled
INV004826,INV1,PO06181,V423,2023-05-18,54543.22,Cancelled
INV004827,inv1,PO03289,V072,2023-07-14,61688.82,
INV004828, INV2,po03828,V028,2024-09-11,89915.4,POSTED
INV004829,INV1,PO03584,V252,2023-02-28,72972.58,Cancelled
INV004830,INV1,PO01881,V232,2023-04-23,11240.9,CANCELLED
INV004831,inv2,PO07306 ,V477 ,2023-01-12,29138.27,POSTED
INV004832,INV1,PO03170,V492 ,2023-03-31,29652.26,Cancelled
INV004833,INV2,PO04013,V027 ,2024-07-15,14001.17,
INV004834,INV1 , PO00888,V234 ,2023-07-09,94217.96,POSTED
INV004835,inv2,PO02668,V402,2023-08-07,,
INV004836,inv2,PO03304,V476,2023-02-01,38677.37,Cancelled
INV004837,INV1,PO06957 ,V179,2024-09-26,28045.85,posted
INV004838, INV1,po05371,v369,2024-01-30,75883.7,posted
INV004839, INV2,PO00019,V332,2023-05-25,8763.9,
INV004840,INV1,,V006,2024-03-14,28104.36,CANCELLED
INV004841,INV2,PO04957,V003,2023-03-01,52291.29,POSTED
INV004842, INV2,PO06571 ,V471 ,2023-11-27,62393.69,Cancelled
INV004843, INV2,PO00910 ,V032,2024-01-30,73154.82,Cancelled
INV004844,inv1,PO01142,V392 ,2023-03-01,10341.77,CANCELLED
INV004845, INV1,po00466,V316,2023-06-18,54472.66,posted
INV004846,INV1,PO07128,V013,2023-11-17,39096.71,CANCELLED
INV004847,inv1,PO03986,V468,2023-07-26,25680.69,CANCELLED
INV004848,INV2,PO05510,v470,2024-03-25,87197.55,
INV004849,INV2 ,po07264,V347,2023-01-22,53299.09,POSTED
INV004850,INV1,po04208,v225,2024-01-22,3885.77,Cancelled
INV004851,INV2,PO05718,V336,2023-11-02,73096.36,
INV004852,INV2,,v012,2023-11-28,53367.89,Cancelled
INV004853,INV1,PO07186,V453,2024-01-29,66705.92,CANCELLED
INV004854, INV2,PO04567,V027 ,2023-03-07,,POSTED
INV004855,inv2,PO04639,V193 ,2023-01-26,,posted
INV004856,INV1 ,PO05644, V402,2024-02-22,56796.2,posted
INV004857,inv2,PO01820 ,V151 ,2024-12-03,36272.21,Cancelled
INV004858,inv1,PO06049,V468,2024-04-09,17216.16,CANCELLED
INV004859,inv1, PO02436,V285,2023-03-06,92970.64,CANCELLED
INV004860, INV1, PO03815,V278,2023-08-08,38973.77,
INV004861,INV2 ,po00170,V406,2024-03-02,76301.42,Cancelled
INV004862,INV1 ,PO00381,V390,2023-04-16,43959.61,POSTED
INV004863,INV2, PO00345,V133,2024-04-07,58085.76,POSTED
INV004864,INV2,PO04278,V113,2023-03-18,48482.17,
INV004865,INV2 ,PO03503,V321,2023-07-29,61912.35,Cancelled
INV004866,INV1,PO03657,V175,2024-09-22,52975.5,CANCELLED
INV004867,INV2,PO01625 ,V122,2023-07-02,,CANCELLED
INV004868,INV1,PO02637,V032 ,2024-07-12,90918.66,
INV004869,INV2,PO05684, V385,2023-05-25,23010.11,posted
INV004870, INV1, PO01200, V237,2024-10-21,85982.91,
INV004871,INV2,PO02660,V076,2024-04-14,91397.15,
INV004872,inv2, PO01282,V069,2023-11-09,67749.61,Cancelled
INV004873,INV2,po05275,V301,2024-09-18,81318.55,
INV004874,INV1,PO00588,V293,2024-09-06,28066.52,
INV004875,INV1 , PO06026,v274,2023-11-05,30144.22,CANCELLED
INV004876, INV1,PO03230,V434,2024-06-26,15093.52,POSTED
INV004877,INV1,po01156,V365,2024-10-23,87399.33,posted
INV004878,INV2, PO02087,V389,2024-05-23,995.4,CANCELLED
INV004879,INV1 ,PO06372,V500 ,2024-07-29,4918.27,POSTED
INV004880,INV1,PO02271,V179 ,2024-04-23,83280.52,CANCELLED
INV004881, INV2, PO05032,v090,2023-02-28,65844.27,Cancelled
INV004882,INV2,PO03076,V011 ,2024-09-01,67700.59,Cancelled
INV004883, INV2, PO00791,V280,2024-11-21,63012.84,Cancelled
INV004884,INV2,PO05129,V316 ,2024-10-17,30724.94,POSTED
INV004885,INV2,PO01999,v424,2024-08-25,27756.93,POSTED
INV004886,INV1 ,PO07472,V316,2023-07-22,89476.62,Cancelled
INV004887,INV1,PO00298,V227,2023-03-30,21321.92,
INV004888,INV1,PO02848, V276,2023-06-01,25731.48,
INV004889,inv2,PO00219,V306 ,2024-04-17,10700.04,CANCELLED
INV004890,INV1,PO02028,V147 ,2023-06-05,34251.86,POSTED
INV004891,INV2,PO02366,V351 ,2024-05-27,29026.48,posted
INV004892,INV2 ,PO00254,V154 ,2024-07-09,90797.64,
INV004893,INV1, PO03614,V040,2023-03-04,41272.41,
INV004894,INV1,PO06198,V140,2024-11-10,6254.04,
INV004895,INV1 ,PO04953,V215,2023-06-24,15736.12,Cancelled
INV004896, INV1,PO06250,V297,2024-11-22,,
INV004897,inv1,po06886,V365 ,2024-06-09,46200.62,Cancelled
INV004898,inv2,PO04454,V121,2023-02-05,72134.38,POSTED
INV004899,INV1, PO02523,V366,2024-10-09,6311.07,
INV004900,INV2,PO01953 , V013,2023-09-03,50642.61,POSTED
INV004901,INV2,PO05452,V488,2024-09-29,5486.23,posted
INV004902,INV1, PO00743,V331 ,2024-07-05,40854.88,POSTED
INV004903,INV1 , PO00584,V342,2024-11-27,6453.54,posted
INV004904, INV2,PO05306,V446,2023-10-03,59971.94,POSTED
INV004905,inv2,PO06059,V007,2023-04-29,60670.92,CANCELLED
INV004906,INV2,PO03812,V447,2024-08-23,44823.3,POSTED
INV004907,inv1,PO05963, V098,2023-10-05,75661.81,POSTED
INV004908,INV1,PO00326 ,V324,2024-12-04,89842.5,CANCELLED
INV004909,INV2,PO04695,v013,2024-02-10,9327.43,
INV004910,INV1,PO02016,v277,2024-04-19,32430.75,Cancelled
INV004911,INV2 , PO05913,v118,2023-12-22,46013.37,
INV004912,INV1,PO04679,V052 ,2023-02-21,,POSTED
INV004913,INV1, PO02979,v053,2024-11-01,94268.82,POSTED
INV004914,INV1, PO01541,V039,2023-09-05,63766.34,posted
INV004915,INV1,PO03388,v327,2023-06-22,35902.33,Cancelled
INV004916, INV2,PO04851,V316,2024-07-11,62152.26,posted
INV004917,INV2,PO01902,v297,2024-11-19,25016.12,Cancelled
INV004918,INV1, PO05243,V289,2024-03-13,90501.83,POSTED
INV004919, INV1, PO03597,V420,2024-06-28,19368.99,posted
INV004920,INV2,PO01765,V025,2023-08-22,79885.52,posted
INV004921, INV2,PO01983 ,V154,2024-11-23,60771.06,CANCELLED
INV004922,inv2,PO04304,V273,2023-06-11,4970.41,POSTED
INV004923,INV2,PO04369,V432,2024-12-03,69409.26,
INV004924,INV2,PO05621,V399 ,2023-10-26,52543.94,Cancelled
INV004925,inv2,PO00168,V241,2023-12-28,62098.14,
INV004926,INV1,PO02639 ,V345,2023-12-12,21754.38,
INV004927, INV1,PO06023,V212 ,2023-08-08,33140.49,
INV004928,INV2,PO00915,v120,2024-08-26,25230.31,CANCELLED
INV004929,INV2, PO01869,V192,2023-10-19,37347.51,POSTED
INV004930,INV2,PO06117,V197,2024-10-23,12107.15,
INV004931,INV1 , PO00795, V282,2024-03-28,39469.97,
INV004932,inv2,PO01502,V438,2023-01-04,18357.23,CANCELLED
INV004933,INV2,PO04154,V219,2023-03-22,69060.36,
INV004934,INV2 ,PO02435,V429,2023-06-08,78371.75,posted
INV004935,INV1,po01479,V233,2023-04-06,13447.5,Cancelled
INV004936, INV1,PO03239,V153,2024-04-14,7885.18,POSTED
INV004937, INV2,PO00427,v100,2024-06-27,68602.78,
INV004938, INV1,PO02228,V472,2023-06-13,31008.11,
INV004939,INV1 ,PO01115 ,V262,2023-06-19,75339.76,Cancelled
INV004940,INV1,PO01464,v297,2024-10-05,,POSTED
INV004941,INV2,PO03128,V060 ,2023-10-13,19111.79,
INV004942,INV1,PO02085,V308 ,2024-06-11,48004.76,posted
INV004943,INV1,PO01331 ,V303,2024-12-07,39528.06,POSTED
INV004944,INV1, PO00574,V041,2023-03-22,80367.31,posted
INV004945,INV2,PO07392,V429,2024-01-21,52968.17,CANCELLED
INV004946,INV2,PO06204,V301 ,2023-10-24,22863.31,
INV004947,INV1,PO07653,v033,2023-10-02,47152.45,Cancelled
INV004948,INV1, PO01304,V089,2024-08-18,3836.55,POSTED
INV004949,INV2,PO07578 ,V256,2024-10-31,28797.07,
INV004950,INV1,PO04629,V224,2023-03-27,82761.34,POSTED
INV004951,INV1,PO04699,V413,2023-06-06,2978.4,Cancelled
INV004952,INV1 ,PO00664,v246,2023-09-14,15830.23,Cancelled
INV004953,INV1,PO05117,V342,2023-07-24,70970.48,CANCELLED
INV004954, INV1,PO07769,V031,2023-12-08,84210.2,Cancelled
INV004955,INV2,PO07343,V085,2023-10-27,11080.93,
INV004956,INV1 ,PO05633,V368,2023-11-26,30212.17,
INV004957,INV1 ,PO05614,V056,2024-12-13,23842.0,CANCELLED
INV004958,INV1, PO01449,v148,2023-05-12,,posted
INV004959,INV1,po06270,v166,2024-02-02,19484.95,posted
INV004960, INV2,PO03545,V112,2024-07-01,43991.69,POSTED
INV004961,inv2,PO01561,V416,2024-10-28,72252.4,Cancelled
INV004962,INV2,PO01625,v488,2023-08-08,49031.21,CANCELLED
INV004963,INV2,PO06123,V188,2024-08-13,,posted
INV004964, INV2, PO01747,V012,2023-12-28,3993.04,CANCELLED
INV004965,INV1,PO01621,v312,2023-06-29,89267.57,
INV004966,INV2, PO02555,V376,2024-06-02,14000.2,CANCELLED
INV004967, INV2,PO05731,V243,2023-11-10,72523.81,Cancelled
INV004968,INV1,po07572,V249,2024-02-06,9407.4,
INV004969,INV1,PO07215,v368,2023-08-24,13307.28,POSTED
INV004970, INV2,PO04814,V158,2024-09-12,91218.53,
INV004971,INV2, PO07321,V428,2024-01-15,10311.12,POSTED
INV004972, INV1,PO04969,v185,2023-12-05,37613.9,posted
INV004973,INV1,PO07891,V466,2023-09-04,29610.46,
INV004974,INV1 ,PO00369 ,V355 ,2023-01-18,63264.1,posted
INV004975,INV1,PO01605,V414,2024-03-10,55787.78,POSTED
INV004976,inv1,PO00796,V431,2024-11-04,4121.38,POSTED
INV004977,INV1,po02083,V473,2024-01-28,85948.92,POSTED
INV004978, INV2,PO04824,V268,2023-11-21,22700.06,Cancelled
INV004979, INV1,PO05674,V125,2024-11-15,7903.0,Cancelled
INV004980,INV1,PO05955,v307,2024-12-11,58239.75,posted
INV004981, INV1,PO05015,V386,2024-09-08,21440.05,
INV004982, INV2,PO02169,V390,2024-01-01,28821.09,CANCELLED
INV004983,INV1,PO02290,V391,2023-06-03,41879.8,CANCELLED
INV004984,INV2 ,PO01923,V346,2024-03-28,2702.42,Cancelled
INV004985,inv1,PO05144 ,V448 ,2024-02-19,87119.78,POSTED
INV004986,INV2,PO05334,V443 ,2024-01-26,91028.12,Cancelled
INV004987,INV2 ,po02220,V274,2024-01-09,76643.63,posted
INV004988,INV1, PO04527,,2023-10-27,45023.96,POSTED
INV004989,inv2,PO01857,V196,2023-01-31,65748.72,
INV004990,INV2,po01578,V304,2024-01-08,1020.29,POSTED
INV004991, INV2, PO02794,V270,2024-04-12,,posted
INV004992,INV2,PO05280,V410 ,2024-03-28,48180.81,POSTED
INV004993,inv1,PO01935,V091,2024-07-16,8493.22,
INV004994, INV1,PO05377,V432,2023-03-07,86957.01,CANCELLED
INV004995,INV1 , PO06650,V173,2024-05-17,80601.89,
INV004996,INV1,,V012,2023-01-03,50427.81,
INV004997,INV2,PO07781,V169 ,2024-01-24,42543.42,posted
INV004998,inv1,PO02643, V424,2024-02-10,34665.91,posted
INV004999,INV2,PO05053,V138,2024-08-20,44607.69,POSTED
INV005000,INV1,PO02550 ,V093 ,2023-03-12,37780.68,posted
INV005001,INV2, PO05499,v391,2023-07-24,70351.54,posted
INV005002,INV1, PO03872,v091,2023-02-06,12175.65,CANCELLED
INV005003,INV1,PO03940,V497,2023-08-09,48506.11,POSTED
INV005004, INV1,po06975,V072,2023-05-23,14461.76,POSTED
INV005005,inv2, PO02658,v496,2023-08-11,85192.67,CANCELLED
INV005006,INV2 ,PO02602,V232,2024-04-15,31651.08,
INV005007,inv2,po05229, V193,2023-08-25,51393.27,POSTED
INV005008,INV2 ,PO01968,V450,2024-12-15,64771.42,
INV005009,INV1,PO03377,V128 ,2023-11-07,10955.96,CANCELLED
INV005010,INV1,PO02522,V233 ,2023-12-03,87396.28,POSTED
INV005011,INV1, PO06256,V457,2023-01-04,57287.4,Cancelled
INV005012,INV1,PO07765,V086,2023-10-12,39017.31,Cancelled
INV005013,INV1,PO02200,V428,2024-09-12,18394.84,posted
INV005014, INV2, PO01494,V472,2024-02-08,24046.23,POSTED
INV005015,INV1,PO07085,V372,2024-05-06,36296.2,Cancelled
INV005016,INV2, PO05079, V436,2024-09-09,37083.09,Cancelled
INV005017, INV2,PO05564,V358,2024-11-08,23597.76,CANCELLED
INV005018,INV1,PO05364 ,v373,2024-07-12,28936.07,posted
INV005019,INV2,PO02711,V085,2023-07-08,49087.66,CANCELLED
INV005020,INV2 ,PO02215,V107 ,2023-08-27,25159.89,Cancelled
INV005021,inv2,PO07299,V199 ,2023-03-31,14561.16,Cancelled
INV005022,INV2,PO02679,V115 ,2024-09-13,58274.69,POSTED
INV005023,inv2,PO00435 ,V197,2024-09-02,69180.41,Cancelled
INV005024,INV1,PO00972 ,V014,2024-11-28,45307.0,CANCELLED
INV005025,INV2, PO05416,v070,2024-01-17,86292.76,CANCELLED
INV005026,INV1 ,PO06949,V079,2023-10-06,74163.76,posted
INV005027,INV2,PO00612,V073,2023-10-19,23574.21,posted
INV005028,INV1 , PO06043,v195,2023-01-02,69564.33,CANCELLED
INV005029,inv2,PO03564,v427,2024-06-26,51145.39,posted
INV005030, INV1,po00394,v175,2024-12-11,35646.61,
INV005031,INV2 ,PO01607,v071,2024-03-16,90458.76,posted
INV005032, INV1,PO06973,V434,2023-11-13,32793.56,
INV005033,INV2, PO01531,V476,2023-09-06,82319.27,POSTED
INV005034,inv2,PO04716,V316,2023-02-11,29641.63,POSTED
INV005035,inv2, PO01382,v045,2023-12-13,2205.56,CANCELLED
INV005036, INV2,PO04404, V087,2024-10-04,25248.51,
INV005037,INV1,po01724,V044,2024-12-03,38297.92,POSTED
INV005038,inv1, PO05574,V223 ,2024-06-21,55724.16,Cancelled
INV005039,inv2,PO00309,v299,2024-04-26,88316.08,Cancelled
INV005040,inv2,PO00065 , V248,2023-08-12,6797.56,Cancelled
INV005041,INV1,PO02384 ,V116,2024-06-28,91891.48,CANCELLED
INV005042,INV2,PO01254,V334,2024-07-13,48277.48,
INV005043,INV1,PO06337,V070 ,2024-08-28,1004.48,CANCELLED
INV005044,INV2 , PO05482,V258,2024-09-12,66848.41,POSTED
INV005045,INV1 ,PO05334,V016,2024-02-03,14796.43,CANCELLED
INV005046,INV1,PO01391,v273,2024-01-16,71317.97,CANCELLED
INV005047,INV2,PO07803,v135,2023-09-06,51498.34,CANCELLED
INV005048,INV2, PO00155,V217,2023-01-29,55720.1,CANCELLED
INV005049,INV1,PO05025 , V211,2024-10-30,79517.44,posted
INV005050,INV1 ,PO06421, V317,2023-08-09,56268.68,POSTED
INV005051,INV1,PO04244,V491 ,2023-08-16,49884.23,CANCELLED
INV005052,INV1 ,PO06601,V073 ,2024-11-02,91900.09,posted
INV005053,INV2,PO03976 ,V450,2024-07-03,58897.85,POSTED
INV005054,INV2,PO02830, V057,2023-08-23,36520.5,posted
INV005055,INV2,PO01514,V142,2024-07-24,84389.72,Cancelled
INV005056,INV2 ,PO06467,V450 ,2024-06-12,24160.9,posted
INV005057,INV1,po04926,v487,2024-04-23,15548.26,
INV005058, INV1,PO03189,,2024-02-03,27750.62,Cancelled
INV005059,INV2 ,PO01467,v056,2023-01-29,88098.91,
INV005060,INV1,PO02661,V068,2024-09-17,49082.39,POSTED
INV005061,inv1,PO05392,V267,2023-07-07,27801.23,POSTED
INV005062,inv1, PO01976,v434,2024-09-17,81299.91,POSTED
INV005063,INV2 ,PO06961,V003,2024-01-08,77457.45,
INV005064,INV2,PO07172,V126 ,2023-10-26,1791.77,
INV005065,INV2,PO05186,v215,2024-07-09,42359.56,
INV005066,INV2,PO07511,V067 ,2023-06-26,46231.26,Cancelled
INV005067, INV2,,v213,2024-12-12,48506.79,
INV005068,INV1 ,PO04844, V206,2024-12-21,69343.84,CANCELLED
INV005069,inv2,PO06125 , V170,2024-12-18,8563.16,CANCELLED
INV005070,INV2,PO04010,V181,2024-02-03,,CANCELLED
INV005071,inv1,PO06784,V001,2024-08-10,54599.24,POSTED
INV005072,inv2,PO06319,V282 ,2023-10-12,90462.68,POSTED
INV005073,inv2,PO01810,V303,2024-04-26,48401.55,POSTED
INV005074,INV1,po04656,V282,2023-07-23,21899.75,CANCELLED
INV005075,inv1,PO04003,V057,2023-02-24,68859.65,Cancelled
INV005076,INV1,PO06365 ,V446,2023-09-06,59114.06,
INV005077,inv2,po00320, V201,2024-03-31,85285.71,Cancelled
INV005078,INV1, PO03691, V092,2024-09-04,75392.88,
INV005079,INV2,PO07255,V051,2023-08-13,48713.77,
INV005080,INV2 ,po02163,V351,2024-11-16,90483.74,
INV005081,INV1,PO03849,V466,2024-06-01,77945.28,CANCELLED
INV005082,INV1,PO06420,V392 ,2024-12-08,2053.14,
INV005083,INV2 , PO02819,V408,2024-10-15,10456.53,Cancelled
INV005084,INV1,PO01107,v142,2024-01-09,51215.8,Cancelled
INV005085, INV2, PO03608,V474,2023-01-31,40959.61,posted
INV005086,INV1,PO01375, V114,2023-11-07,60418.21,CANCELLED
INV005087,INV1 ,po01210,V323,2024-11-17,3775.62,POSTED
INV005088,INV2,PO02075 ,V121 ,2023-02-01,55875.99,posted
INV005089,INV2,PO00377,v489,2024-05-31,18011.17,Cancelled
INV005090,INV2,PO04982 ,V183,2024-10-21,52305.93,POSTED
INV005091,INV2,PO02302,V438,2023-09-01,77732.81,Cancelled
INV005092,INV2,PO04483,V192 ,2024-06-29,82392.52,POSTED
INV005093,inv1,PO00132 ,V468,2024-09-06,68532.53,POSTED
INV005094,INV1,PO07377,v194,2023-09-12,65437.51,CANCELLED
INV005095,INV1,PO07991,V039,2023-11-19,42719.71,POSTED
INV005096,INV2 ,PO02853 , V123,2023-07-27,13556.21,posted
INV005097,INV1,PO07242,V276,2023-10-10,19037.2,POSTED
INV005098, INV2,po04176, V002,2024-10-01,6235.67,CANCELLED
INV005099,INV1 ,PO04103,V087,2023-06-05,,
INV005100,INV1,PO06934,V330,2023-05-22,82871.9,
INV005101,INV1 ,PO07085,v457,2023-08-31,85076.8,Cancelled
INV005102, INV1,PO01878,V233,2024-01-29,30912.89,posted
INV005103,INV2,po04514,V326 ,2023-04-28,,posted
INV005104,INV2, PO03770,V401 ,2024-12-21,64403.24,POSTED
INV005105,, PO04060,V072,2023-04-30,71024.55,posted
INV005106,INV1, PO04461,V251,2023-11-27,65279.36,
INV005107,INV1,PO00864,V439 ,2024-06-13,21922.12,posted
INV005108,inv2,PO04463,v472,2023-03-26,90221.16,posted
INV005109,INV1 ,PO03631,V350,2024-02-11,87122.81,POSTED
INV005110,INV1,PO07114 ,V296,2023-11-04,77283.91,
INV005111, INV2,PO05956,v296,2024-08-21,10119.16,Cancelled
INV005112,INV1,PO04628 ,V072,2024-07-27,54989.81,CANCELLED
INV005113,INV1,PO07008,V161,2024-02-11,84890.36,posted
INV005114,inv1,PO03045,v056,2024-08-26,64396.35,POSTED
INV005115,INV2 , PO05806,V459,2024-10-26,21529.97,POSTED
INV005116,INV1, PO04065,V462 ,2023-05-01,92201.55,
INV005117,inv2,PO06413,V084,2023-05-21,64955.32,Cancelled
INV005118,inv2,PO03626 ,V444,2023-10-20,37121.86,posted
INV005119,INV1 ,PO01309 ,V450,2024-08-28,19972.74,
INV005120, INV1,PO07725 ,V268,2024-04-29,57857.63,POSTED
INV005121, INV2,PO06996,V472 ,2024-05-26,59616.11,POSTED
INV005122,INV1,PO07731,v078,2024-03-13,31453.06,CANCELLED
INV005123,INV1,PO00495,V017,2023-07-28,40938.63,POSTED
INV005124, INV2,PO03990, V396,2024-10-11,24186.43,POSTED
INV005125,INV2,PO02096 ,V097,2024-07-07,28216.69,CANCELLED
INV005126,INV2,PO01727,V314,2024-03-18,35148.89,posted
INV005127,INV2, PO06683,v352,2023-04-03,75774.42,CANCELLED
INV005128,INV1,PO06404,V136,2023-01-03,81287.38,POSTED
INV005129,INV2,PO01239, V033,2023-01-16,3109.27,
INV005130, INV1,PO06566,v285,2024-11-04,22221.77,
INV005131, INV1,PO07854, V114,2024-04-11,58203.93,
INV005132,INV1,po04726,V327,2024-01-12,61983.95,CANCELLED
INV005133,INV1,PO00487 ,V417,2023-08-11,55968.12,POSTED
INV005134, INV1,PO06664,V421 ,2023-06-07,90939.54,CANCELLED
INV005135,INV2,PO03829,V432 ,2023-12-29,71785.37,Cancelled
INV005136,INV1 , PO07980,V311,2024-04-01,61042.11,Cancelled
INV005137,inv2, PO04675,v326,2023-01-04,81817.3,
INV005138,INV1,po05545,V333,2024-11-04,69175.16,CANCELLED
INV005139,inv2, PO04184,V317,2023-01-11,,CANCELLED
INV005140,INV1,PO06978 ,V024,2023-04-23,78677.63,POSTED
INV005141,INV1,PO05665,V096,2024-08-27,57070.97,
INV005142,inv1,PO06664,V226,2023-10-19,53001.27,
INV005143, INV2,PO02398,V258,2023-09-24,92349.2,posted
INV005144,INV1,PO05702, V403,2024-04-11,70186.25,
INV005145,INV1 ,PO05837 ,V024,2024-10-07,56070.72,posted
INV005146,INV1,PO06938 , V061,2023-07-12,28974.51,POSTED
INV005147,INV1,PO02108,V251,2023-02-03,82304.79,
INV005148,inv1,PO00864, V336,2024-02-13,4810.96,CANCELLED
INV005149,INV2 ,PO03215,V463,2023-05-04,68812.56,
INV005150,inv1,PO04750, V055,2024-03-27,10610.52,POSTED
INV005151,INV1,PO03906,V400 ,2023-10-14,90561.84,CANCELLED
INV005152,INV2 ,PO07283,V352,2023-07-31,74312.03,posted
INV005153,INV2,PO05702,v103,2023-12-30,90832.49,CANCELLED
INV005154,INV2, PO00359,V395 ,2024-06-07,42560.23,POSTED
INV005155, INV2, PO00020,V276,2024-06-05,90076.76,POSTED
INV005156,INV2 ,PO05112,V188 ,2024-08-13,46643.94,CANCELLED
INV005157,INV1 ,PO02820,V139,2024-06-20,21871.71,CANCELLED
INV005158,INV1, PO05764,V103,2023-04-17,32315.71,POSTED
INV005159,INV2 ,po06803,V148 ,2024-07-01,89270.56,Cancelled
INV005160,INV1,PO01628,V251,2024-04-25,67671.17,posted
INV005161,INV1,PO00938, V136,2024-05-10,39589.48,
INV005162, INV1,PO07207,V174,2024-09-06,15534.43,Cancelled
INV005163,INV2,PO04554,V166,2023-09-11,13255.34,Cancelled
INV005164,inv1,PO03626,V150,2023-08-25,38034.6,posted
INV005165,INV1,PO07551,V192,2024-10-02,6893.78,
INV005166,INV2, PO00244,v062,2024-12-10,,Cancelled
INV005167,INV1,po01160,V092 ,2024-02-18,32418.83,CANCELLED
INV005168,INV1 ,PO02221,V198,2023-08-11,36415.31,
INV005169,INV2,PO03941 ,V449,2024-04-09,72794.04,Cancelled
INV005170,INV2,PO07739, V352,2024-10-12,6900.33,CANCELLED
INV005171,INV1 ,PO04913,V162,2023-07-03,32155.14,Cancelled
INV005172,INV1, PO00330,V285,2024-08-20,20380.66,POSTED
INV005173,INV2 ,PO07873,V292,2024-10-10,40894.81,Cancelled
INV005174,INV2,PO02201, V281,2024-04-08,56054.01,POSTED
INV005175,INV1,po01288,V065,2023-07-02,,POSTED
INV005176,INV2 ,PO00508, V072,2024-06-20,3780.79,
INV005177,INV2,po03123,V110 ,2024-03-04,60394.82,Cancelled
INV005178, INV2,po04578,V137,2023-04-15,69884.79,Cancelled
INV005179,inv2,PO00827,V010,2023-09-18,11952.69,CANCELLED
INV005180,INV1,PO07196,V097,2023-05-04,76906.97,posted
INV005181, INV1,PO06077,V391,2024-11-24,65959.43,POSTED
INV005182,INV2,PO04766,V325 ,2024-06-24,70223.34,posted
INV005183,INV1,PO00152 ,V328,2024-11-02,51246.89,Cancelled
INV005184, INV1,po00133,V282,2024-01-31,22123.89,Cancelled
INV005185,INV2 ,po05055,V380 ,2024-06-16,78612.85,CANCELLED
INV005186,INV1,PO04392,V050,2024-05-10,75875.9,
INV005187,INV2,PO05797,V498,2023-12-06,54479.16,Cancelled
INV005188,INV2,PO07357,v205,2023-06-08,5584.3,POSTED
INV005189,INV1, PO05443,V480,2024-04-18,,CANCELLED
INV005190, INV2,po05917,V398,2024-07-10,51550.5,posted
INV005191,INV1 ,PO03584,V124,2024-05-16,65590.47,CANCELLED
INV005192,INV2,PO03094,V203,2023-03-14,15351.68,POSTED
INV005193,INV1,PO00366,V386,2024-05-13,67684.18,Cancelled
INV005194,INV1 ,PO00907, V317,2024-10-26,61719.45,POSTED
INV005195, INV1,PO04983,V235,2023-04-03,29178.76,CANCELLED
INV005196,inv1,PO03740,V144,2023-02-05,7942.68,posted
INV005197,INV2, PO07355,V375,2023-10-17,22609.59,posted
INV005198,INV1,PO06608,V368,2024-09-20,89935.13,
INV005199,INV2,PO01290,V016 ,2024-02-27,74894.33,POSTED
INV005200,inv1, PO06546,v366,2023-08-07,87680.95,CANCELLED
INV005201,INV1 , PO04742,V107,2024-07-15,43795.86,Cancelled
INV005202,INV2, PO01057,V034 ,2023-04-23,90145.57,CANCELLED
INV005203,INV2,PO04511,V346,2024-11-14,91853.91,posted
INV005204,INV1,PO00669,V139,2024-04-06,,CANCELLED
INV005205,inv2,PO07954 ,V381,2024-10-19,46123.93,POSTED
INV005206,INV1, PO02517,V283,2023-04-08,,posted
INV005207,INV2,PO04768,V246,2023-04-30,36800.84,
INV005208,INV2,PO01653,v218,2024-07-09,93536.72,
INV005209,INV1,PO04928,V235,2023-06-18,10634.87,
INV005210,INV1,PO06875,V282,2023-05-27,88891.06,Cancelled
INV005211,INV1 ,PO00989,V478,2023-07-09,52959.54,Cancelled
INV005212,INV2,PO07284,V089,2023-07-01,29943.39,
INV005213,INV1,PO06470, V090,2024-05-27,43351.24,posted
INV005214,INV2 ,PO06984,V394,2023-08-16,25502.47,Cancelled
INV005215,INV2, PO06364,V370 ,2024-02-19,49437.86,Cancelled
INV005216,INV2,PO00551,v307,2023-01-09,25346.37,CANCELLED
INV005217,inv1,PO04061,V085 ,2023-05-22,29254.65,Cancelled
INV005218,inv1,PO06497,V164,2023-12-12,75346.27,CANCELLED
INV005219,INV1,PO05962,V232,2024-05-25,52390.46,
INV005220,INV1,po05862,V010,2024-02-27,78556.52,
INV005221,INV2,po06662,v038,2024-12-18,74408.27,
INV005222,INV2,PO01747,v038,2024-06-22,52556.72,
INV005223,inv1, PO05451,V488 ,2023-09-18,42289.97,
INV005224,INV1,PO01957,V261 ,2023-03-24,19345.41,Cancelled
INV005225,,PO01086, V344,2023-06-18,21226.95,POSTED
INV005226,INV1 ,PO01619,V147,2023-01-08,36785.63,CANCELLED
INV005227,INV1,PO06990,V008,2024-06-04,87897.3,CANCELLED
INV005228, INV2,PO03949,V035,2023-02-07,1934.02,posted
INV005229, INV2, PO02197,V370 ,2023-07-31,2826.6,POSTED
INV005230,INV2 ,PO00349 ,V235,2024-05-13,64439.34,Cancelled
INV005231,INV2, PO06561,V252,2023-12-19,64252.19,CANCELLED
INV005232, INV2,PO07140,V321,2024-04-12,56990.43,POSTED
INV005233,INV2,PO02336,V137,2023-10-28,12050.89,POSTED
INV005234,INV2,po07378, V118,2024-09-28,40242.25,Cancelled
INV005235,INV2,PO07835,V484,2024-11-04,22064.62,posted
INV005236,INV2,PO07939,V358,2024-09-27,16162.16,POSTED
INV005237,INV1,po03939,v288,2023-06-27,84506.71,Cancelled
INV005238,INV2,po06766,v381,2023-12-02,34908.11,Cancelled
INV005239,INV2,PO02750,V151,2023-02-25,82436.24,POSTED
INV005240, INV1,po06613,v250,2023-05-29,92055.14,Cancelled
INV005241, INV1,PO06210,V042,2023-01-14,60300.64,POSTED
INV005242,INV1,PO02258,V120,2023-08-16,27881.88,Cancelled
INV005243, INV2,PO01588,V211,2023-02-17,38113.89,Cancelled
INV005244,INV1 , PO00138,V048,2023-10-02,77923.07,posted
INV005245,INV2,PO04581,V136,2024-05-28,68097.35,
INV005246,INV1 ,po02906,V005,2023-03-02,13294.23,CANCELLED
INV005247,INV1,PO06791,V424 ,2024-08-03,80300.78,Cancelled
INV005248,INV1, PO02810,V432 ,2023-05-26,64989.84,POSTED
INV005249, INV2,po04734,v085,2024-06-29,25603.1,CANCELLED
INV005250,INV1 ,PO02747, V143,2024-02-28,35087.85,
INV005251,INV1,PO03495, V374,2023-07-15,80671.25,posted
INV005252,INV2,PO00520, V397,2024-02-11,85467.87,
INV005253,INV2,po02114,v121,2024-03-23,70003.98,posted
INV005254,INV2,PO06414,v412,2024-07-01,5985.86,
INV005255,INV1,PO02440,V257 ,2024-07-12,19942.0,POSTED
INV005256,INV2,PO07532 ,V018,2024-10-12,44441.91,POSTED
INV005257,INV1,PO07738,V004,2024-07-03,33311.72,CANCELLED
INV005258,INV1,PO04783,V008,2024-07-13,44118.7,
INV005259,INV2, PO00093,v293,2024-12-23,41756.6,CANCELLED
INV005260, INV1,PO03151,V447,2023-04-25,87854.54,CANCELLED
INV005261,inv1,PO00423,V174,2024-09-22,24083.55,
INV005262,INV2,PO00296,V139 ,2023-07-13,22565.9,
INV005263,INV2,PO01340,V429,2024-01-28,23389.19,posted
INV005264,INV2,PO02963,V222,2023-03-10,60469.98,
INV005265,INV1, PO02750,V263,2024-11-07,72383.51,CANCELLED
INV005266,INV1,PO06999,V144,2023-11-24,5093.42,CANCELLED
INV005267,inv1,PO02128,V012,2023-02-23,41086.18,POSTED
INV005268,INV1,po03290,V216 ,2024-12-05,69358.32,posted
INV005269,INV1, PO06983,V340,2023-08-30,52327.55,Cancelled
INV005270,INV1,PO01188,V007,2023-07-21,54456.28,Cancelled
INV005271,inv1,PO03660,V476,2024-01-26,40749.93,POSTED
INV005272,INV2 , PO00067, V291,2024-02-03,89769.2,CANCELLED
INV005273,INV1,PO05503,V407,2024-01-25,22789.6,POSTED
INV005274,INV2,PO05103,v126,2024-01-08,52755.12,CANCELLED
INV005275,INV2, PO02294,V028,2024-02-20,32475.4,CANCELLED
INV005276,INV1, PO02955,V343,2023-10-03,5464.03,posted
INV005277,INV1,PO04958,V319,2023-05-31,18150.05,posted
INV005278,inv2,PO03001 ,V023,2023-01-28,72402.12,posted
INV005279, INV1,PO03582,V167 ,2024-05-13,87419.69,
INV005280,INV1,PO04237 ,V316,2023-05-31,17469.99,POSTED
INV005281,INV2, PO06269,V195,2024-05-31,60600.39,CANCELLED
INV005282,INV2,PO02298,v434,2023-01-31,49472.12,CANCELLED
INV005283,INV2,PO06381 , V015,2023-10-23,91831.53,CANCELLED
INV005284,inv1,PO07533,v016,2023-03-15,12097.52,posted
INV005285,INV2,PO04316,V101,2023-12-11,50216.94,POSTED
INV005286,INV2,PO02150, V118,2024-04-21,94552.88,posted
INV005287,INV2 ,PO01944,V413,2023-10-07,54038.49,POSTED
INV005288,INV1,PO04285,V341,2024-07-14,76351.52,Cancelled
INV005289,INV1,po04323,V132 ,2023-10-06,91553.08,posted
INV005290, INV2,PO06742,v198,2024-12-09,9548.78,POSTED
INV005291,INV2,PO02509 , V085,2024-02-28,46580.76,
INV005292, INV2, PO06547,V350,2023-04-24,88903.94,
INV005293, INV1,PO00433,V043,2023-01-30,48345.14,CANCELLED
INV005294,INV1,PO03575,,2023-10-26,90469.87,posted
INV005295,INV2,PO06222,V269 ,2023-03-05,91283.28,CANCELLED
INV005296,INV1, PO07247,v132,2024-06-24,19496.87,Cancelled
INV005297,INV1,PO05902,V239,2024-01-24,8656.29,
INV005298,INV2,po00770,V387 ,2023-11-02,41917.01,POSTED
INV005299,INV1,po00236,V009,2023-04-26,61627.35,posted
INV005300,INV2,PO02614,V294,2023-10-14,5877.28,POSTED
INV005301,INV1,PO01114, V166,2023-01-19,6535.49,CANCELLED
INV005302, INV2,PO07697,V001,2024-02-04,82564.14,POSTED
INV005303,INV2,PO00345,V366,2023-04-23,92610.37,Cancelled
INV005304, INV2,PO01858, V468,2024-05-29,69415.97,CANCELLED
INV005305, INV2,PO02837 ,v099,2023-02-18,12512.34,POSTED
INV005306,INV2,PO01718, V468,2024-07-02,64366.46,POSTED
INV005307, INV1,po04949,V196,2023-07-20,81380.11,
INV005308,INV2,PO02185,V380,2023-07-19,16272.23,POSTED
INV005309, INV1,PO05904,v410,2023-09-08,33985.19,POSTED
INV005310,INV1,po00305,V376,2024-01-15,1012.18,POSTED
INV005311,INV1 ,PO03810 ,V362,2023-03-03,26069.22,CANCELLED
INV005312,INV2,PO03859,V401,2023-11-11,31867.69,Cancelled
INV005313,INV1, PO02034,V057,2024-04-23,5798.26,POSTED
INV005314,INV1, PO07485,V023 ,2024-08-16,38705.92,posted
INV005315,INV2,PO04411,V419 ,2023-04-11,,POSTED
INV005316,INV2, PO07341,V452,2024-12-10,56857.54,posted
INV005317,INV2,PO04891,V225,2023-03-26,69421.06,Cancelled
INV005318,INV1,PO01971,V267,2023-07-08,56284.14,CANCELLED
INV005319,INV1 ,PO01503 ,v444,2024-09-23,16303.74,
INV005320,INV1 ,PO07296,V362,2024-10-14,44690.66,CANCELLED
INV005321,INV1,PO00387,V180 ,2024-10-18,82703.38,Cancelled
INV005322,INV1, PO00161,V121,2023-11-12,70063.29,posted
INV005323,inv2,PO04399,V444,2024-08-05,62322.76,
INV005324,INV2 ,PO01229 , V349,2023-07-03,80774.65,posted
INV005325,inv1,PO06944, V092,2024-08-29,17160.56,POSTED
INV005326,INV1,PO03199,V362,2023-10-11,73012.52,POSTED
INV005327,INV1,,V392,2024-11-22,49135.81,Cancelled
INV005328,INV1,PO01970,V014,2023-08-09,78798.13,
INV005329,INV1, PO06312,V065,2024-02-19,33073.59,POSTED
INV005330,INV1 ,po03974,V317,2023-05-22,80300.23,Cancelled
INV005331, INV1,PO07543,V399,2023-07-05,10222.23,Cancelled
INV005332,INV1,po03997,V448,2024-02-09,38289.69,CANCELLED
INV005333,INV2,PO02582 ,V066,2024-09-02,61532.6,CANCELLED
INV005334,INV1,PO03239,V144,2024-01-17,63506.21,posted
INV005335, INV1,PO01771,V411,2024-07-21,25046.03,
INV005336,inv2,PO05026,V191,2024-06-03,61877.52,
INV005337,INV1,PO00540, V431,2023-10-14,1268.72,POSTED
INV005338,INV1,po03860,V178,2024-10-16,12180.52,POSTED
INV005339,INV1,po01092,V284 ,2023-11-30,81709.32,CANCELLED
INV005340, INV2,PO06719,V289 ,2024-05-06,36689.43,CANCELLED
INV005341, INV2,PO00743,V285,2024-04-18,17863.79,CANCELLED
INV005342,INV2,PO04697,V194,2023-06-22,73343.17,posted
INV005343,INV2,PO07442,V287,2023-10-22,36587.52,
INV005344,INV2,PO07304,v282,2023-01-24,72095.17,CANCELLED
INV005345,inv1,PO03296 , V338,2023-11-21,16361.94,POSTED
INV005346, INV2,PO01876,V385 ,2024-09-04,37696.11,posted
INV005347,INV1,po05556,V256,2024-06-16,25870.57,POSTED
INV005348,inv1,po03733,V252 ,2024-09-26,61585.74,posted
INV005349,INV2,PO05441,v320,2024-01-07,86753.74,CANCELLED
INV005350,INV1, PO05664,V463,2023-06-08,34057.89,posted
INV005351,inv2,,V052,2024-11-28,67145.93,
INV005352,INV1 ,PO00070,V479,2023-02-11,16309.24,posted
INV005353,INV1,PO05206,V441,2023-12-18,6753.48,posted
INV005354,INV2 , PO00229,V492,2024-09-20,65689.73,posted
INV005355,INV2,PO01890,V298 ,2024-06-13,28461.55,posted
INV005356,inv2,PO01803,V088 ,2024-01-11,51696.46,CANCELLED
INV005357,INV1, PO02983,V155 ,2023-04-21,45875.37,POSTED
INV005358,INV1,PO04386 , V180,2024-01-16,82848.48,POSTED
INV005359, INV1,PO00072,V215,2023-06-17,93823.69,Cancelled
INV005360,INV2,PO01837,V228,2023-04-05,93433.82,CANCELLED
INV005361,INV2,po04481, V202,2023-04-27,83072.4,
INV005362,inv2,PO02420, V262,2023-10-24,88283.17,
INV005363,INV1,po05946,V112,2024-06-21,29542.19,POSTED
INV005364,inv2,PO04574,V416,2024-07-21,10061.01,posted
INV005365,INV1 ,PO04574,V304 ,2023-05-18,83242.24,
INV005366, INV1,PO00944, V439,2024-02-18,5808.86,posted
INV005367,INV2,PO03446,V013,2024-06-03,35340.4,CANCELLED
INV005368, INV2,PO00692,V044,2024-08-24,24737.32,POSTED
INV005369,INV1, PO07492,V341 ,2023-09-23,1561.05,Cancelled
INV005370,INV1,po01184,V147 ,2024-06-19,51532.91,POSTED
INV005371,INV1, PO06716,V424 ,2024-10-23,12687.85,
INV005372,INV1,PO04304 ,V367,2023-09-01,25595.49,posted
INV005373, INV2,PO04194,V373,2023-05-05,35950.25,posted
INV005374,inv2,PO03726,v392,2024-06-12,43877.28,Cancelled
INV005375,INV2,PO02584,V185,2024-04-06,11503.06,CANCELLED
INV005376,INV1,PO06076,V250,2024-06-03,54139.04,
INV005377,INV2,PO03625 ,V079,2024-02-14,53860.38,posted
INV005378,inv1,PO04279,V451,2023-09-15,42991.55,Cancelled
INV005379,INV1,PO06498 , V320,2023-05-16,,Cancelled
INV005380,INV1,po05520,V412,2024-01-29,46677.95,
INV005381,INV1,PO04200,V114,2023-01-28,68520.69,CANCELLED
INV005382,inv1,PO05625, V499,2023-03-19,52212.77,
INV005383,INV2, PO04725,V412,2023-08-28,51379.34,Cancelled
INV005384,INV1 ,PO02998 ,v323,2024-01-05,90566.15,
INV005385,INV1,PO05077, V496,2024-06-26,8607.25,Cancelled
INV005386,INV2 ,PO03923,,2024-05-26,23897.96,CANCELLED
INV005387, INV2,PO07956,V235,2024-02-02,6052.23,CANCELLED
INV005388,INV1,po00882,V304 ,2024-09-04,91682.41,
INV005389,inv1,PO06437 ,V345,2023-12-20,89493.8,Cancelled
INV005390,inv1,PO02091,V225,2023-06-25,9511.11,CANCELLED
INV005391,INV1 ,po07209,v215,2024-05-18,70444.9,CANCELLED
INV005392, INV2, PO03722,V192 ,2023-08-16,41154.68,CANCELLED
INV005393,INV1,PO06339, V196,2023-10-06,,
INV005394,INV2 ,PO02527 ,v183,2024-05-11,84091.27,
INV005395,INV2 ,PO02413, V455,2023-06-11,,posted
INV005396,inv2,PO07602,V264,2023-10-13,39069.26,Cancelled
INV005397,INV2,PO07818 ,v151,2024-09-17,7629.42,posted
INV005398,INV1,PO01573 ,V469,2024-01-24,,
INV005399,INV1,PO07851,v178,2024-01-02,56031.69,CANCELLED
INV005400,INV2,PO01097,V067,2024-01-05,3403.01,Cancelled
INV005401,INV1 ,PO01153, V052,2023-11-12,49799.22,POSTED
INV005402,INV2,PO02952,V091,2024-09-03,78935.65,
INV005403, INV2, PO06734,V185,2024-10-06,15118.7,posted
INV005404,INV1,PO07064,V192,2023-09-06,83640.57,Cancelled
INV005405,inv2,PO07686,V009,2023-02-01,89144.45,posted
INV005406,INV2, PO07299,V303 ,2024-11-10,5352.3,Cancelled
INV005407,inv1, PO00936,V246,2024-02-12,83860.34,Cancelled
INV005408,inv2,PO02957,V082,2023-11-09,1101.68,posted
INV005409,,po01089, V452,2023-12-05,80513.02,Cancelled
INV005410,INV1,PO07100,V463 ,2024-11-04,75677.32,CANCELLED
INV005411,INV2,po03238,,2023-02-28,92188.92,POSTED
INV005412,INV2,PO06698,v018,2023-09-27,90454.61,Cancelled
INV005413,INV1,PO00829,V158 ,2023-11-12,87983.16,CANCELLED
INV005414, INV2,po01206, V445,2023-01-01,16859.25,
INV005415,INV2, PO00465,V428 ,2023-07-21,23874.64,CANCELLED
INV005416, INV2,po02588, V154,2024-12-22,82400.77,CANCELLED
INV005417,INV1 ,PO01003,v116,2024-12-19,93028.75,POSTED
INV005418,inv1, PO02635,V378,2024-08-15,13588.0,
INV005419,inv1, PO05478, V232,2023-10-29,91113.07,POSTED
INV005420,INV1,PO05880,V489,2024-04-14,37295.69,posted
INV005421,INV1,PO05126,V010,2023-12-24,4251.77,posted
INV005422,INV2 ,PO03597,v138,2024-07-29,47749.41,CANCELLED
INV005423, INV1,PO07539,V206,2024-10-17,85855.7,posted
INV005424,INV2,PO01417 ,V182,2024-05-22,32005.07,CANCELLED
INV005425,INV1,PO07133, V482,2024-09-04,83735.15,
INV005426,INV1,po06687,V167,2023-03-06,44730.77,posted
INV005427,INV2,PO05235,v290,2023-07-10,62210.11,CANCELLED
INV005428, INV2,PO04028,V057,2024-03-07,63540.18,posted
INV005429,INV1,PO04632 ,V238,2024-09-16,87985.79,POSTED
INV005430,INV1,PO07240,V133,2023-05-27,79286.89,Cancelled
INV005431,INV2,PO02531,V257,2023-02-24,14444.36,POSTED
INV005432,INV1 ,PO02580, V214,2023-07-29,10691.78,
INV005433, INV1,po04495,V198,2024-07-15,84689.64,Cancelled
INV005434,INV2 ,PO07505,V401,2024-11-27,88875.5,
INV005435, INV1,PO00938,V387,2023-04-08,47491.63,CANCELLED
INV005436,INV1,PO01995,V124,2023-09-12,51750.9,posted
INV005437,inv1,PO00884,V451,2023-09-13,60358.88,POSTED
INV005438,INV1 ,PO04995, V480,2024-12-16,9944.15,posted
INV005439,INV2,PO05489,V323,2024-04-25,,posted
INV005440,INV1,PO06698,V067,2023-05-16,82375.08,Cancelled
INV005441,INV2,PO00724,V303,2023-01-07,,CANCELLED
INV005442,inv2,po07462,V052,2024-11-22,35347.44,POSTED
INV005443,INV1,po02956,V153,2023-08-09,91442.41,posted
INV005444,INV2, PO07408, V223,2024-04-16,81194.46,CANCELLED
INV005445, INV2,PO03043,V324,2023-07-18,46713.78,posted
INV005446,INV1,PO00070,V325,2023-02-06,36532.64,posted
INV005447,INV1,PO02690 ,v229,2024-01-08,79674.32,
INV005448,INV1,PO03716,V165,2023-05-18,17022.21,Cancelled
INV005449,INV2 ,PO01674 ,V454,2023-01-10,85973.56,posted
INV005450,INV1, PO05268,V438 ,2024-09-18,59380.05,CANCELLED
INV005451,inv1,PO03435,V260,2024-03-10,82973.53,Cancelled
INV005452, INV2,PO07300, V479,2024-04-08,54785.9,CANCELLED
INV005453,INV2 ,PO04024, V208,2023-10-15,24257.91,posted
INV005454,INV1, PO00335,V256,2024-08-09,38115.45,posted
INV005455,INV1,, V021,2023-04-12,70288.16,POSTED
INV005456,INV2 , PO04034, V442,2024-08-25,85529.33,posted
INV005457,INV2,PO07349,V249,2024-08-21,49981.71,posted
INV005458,INV1,PO05522,V030 ,2023-03-17,29817.13,POSTED
INV005459, INV1,PO03032, V465,2023-05-20,66146.34,
INV005460,inv2,PO03086 ,v441,2023-08-03,65414.06,POSTED
INV005461,inv2, PO07893,,2024-10-23,10444.51,posted
INV005462,inv2,po01440,V437,2024-11-06,93733.42,CANCELLED
INV005463,INV1,PO07892,,2023-12-18,3391.13,posted
INV005464, INV1,po06577,V310,2023-07-07,52206.18,posted
INV005465,inv1,po01037, V042,2024-04-06,74118.67,CANCELLED
INV005466,inv1,PO04210,V385 ,2024-09-04,3626.15,
INV005467,INV1,PO03983,V404 ,2024-01-28,6170.79,POSTED
INV005468,INV2, PO01147,V409,2023-04-22,7616.09,CANCELLED
INV005469,INV2,,V101,2023-08-15,83744.12,
INV005470,INV2,PO04485,V253 ,2024-11-09,74403.04,POSTED
INV005471,INV2,PO00915,V187,2024-05-10,1513.71,
INV005472, INV1,PO01280 ,v238,2024-05-11,65759.87,
INV005473,INV2 ,PO05576,V199 ,2024-06-15,,CANCELLED
INV005474,INV2,PO02266,V307,2024-03-13,48955.43,posted
INV005475,inv2,PO07645,V316,2024-06-14,67616.85,
INV005476, INV2,PO05553,V085 ,2023-10-29,9270.4,posted
INV005477,INV1,PO05111,V002 ,2023-03-31,67645.7,Cancelled
INV005478,INV2 ,po04809,V216,2023-10-30,91902.99,posted
INV005479,INV1,po02356,V344,2024-07-02,89665.32,CANCELLED
INV005480,INV1,PO00338, V400,2023-08-26,79787.96,CANCELLED
INV005481,INV2,PO01815,v495,2023-01-10,20083.84,
INV005482,INV1,PO02689,V420,2023-06-27,81118.88,posted
INV005483, INV2,PO01947,V337,2023-09-05,57168.61,CANCELLED
INV005484,INV1,po03380,v467,2023-10-18,57689.71,
INV005485,INV2,PO02014,V095,2023-01-19,87403.72,posted
INV005486,INV1,PO07314,V324 ,2024-09-25,55344.13,
INV005487,inv2,PO04109,v019,2023-01-06,56481.04,POSTED
INV005488,INV1,PO02657,v409,2023-10-21,36693.26,Cancelled
INV005489,inv2, PO02752,V391 ,2024-11-23,26556.89,posted
INV005490,INV2,PO03272 ,V484 ,2023-12-09,90629.4,POSTED
INV005491,INV2 ,po07144,V462,2023-02-28,3542.06,Cancelled
INV005492,INV1,PO04793,V299,2023-08-17,58103.33,
INV005493,INV1,PO01802,V075,2023-05-08,70760.45,POSTED
INV005494,inv1,PO03620,V481,2023-01-06,9742.5,Cancelled
INV005495,INV2,PO06053, V088,2024-10-31,78112.33,CANCELLED
INV005496,INV1,PO07090,V435,2024-11-13,7385.58,Cancelled
INV005497,INV2,PO07364 ,v159,2024-08-19,61669.84,
INV005498,INV1,PO02019,V470,2023-02-07,10634.7,CANCELLED
INV005499,INV2,PO07941,V046,2023-07-08,24551.57,CANCELLED
INV005500, INV1,PO06158,V031,2024-09-04,43543.85,
INV005501,INV1,PO01552,V066,2024-12-09,86423.49,Cancelled
INV005502,INV1, PO06298,V310,2023-04-08,34827.25,Cancelled
INV005503,INV1, PO01519,v267,2024-11-07,21649.81,
INV005504,INV1,po05922,V320,2024-07-21,18678.2,posted
INV005505,INV2,PO01577,V497 ,2024-11-10,76441.3,posted
INV005506,INV1,PO04645,V120,2023-07-27,8154.33,posted
INV005507,INV1,po07960,V164,2024-07-07,,POSTED
INV005508,INV1,PO05393, V098,2023-02-06,86947.26,Cancelled
INV005509,inv2,PO05016,V393 ,2024-03-18,92079.85,CANCELLED
INV005510,INV2 ,PO02951,V107 ,2023-03-30,13161.07,posted
INV005511,INV2 , PO05456,V090 ,2024-09-14,74750.22,Cancelled
INV005512, INV2,PO02095 ,V489,2023-04-06,17550.1,
INV005513, INV1,PO07823, V132,2024-07-30,29543.44,CANCELLED
INV005514,INV2,PO03629,v381,2024-05-17,76881.82,
INV005515,INV2,PO05067,V362,2023-04-30,11507.33,posted
INV005516,INV2,po06234, V482,2023-06-22,32838.24,
INV005517, INV2, PO00016,V337 ,2024-11-12,35973.18,
INV005518,inv1,PO04201,V052,2023-12-11,9441.32,posted
INV005519,INV1, PO02255,v476,2024-01-23,4873.77,posted
INV005520,INV1, PO06374,V325,2024-01-17,21219.04,POSTED
INV005521,INV1,po02608,V212 ,2024-05-23,30409.36,CANCELLED
INV005522,INV1,PO05594, V492,2024-11-25,6538.99,Cancelled
INV005523,INV1,PO01656 ,V119,2024-11-15,26047.07,
INV005524,INV1,PO05024,V229 ,2024-06-17,35682.21,posted
INV005525,inv1,PO03955,V496,2024-06-23,33759.57,CANCELLED
INV005526,INV1,PO01510,V041 ,2024-07-24,40612.37,CANCELLED
INV005527,INV2 ,po04607,V165,2024-11-09,49259.77,POSTED
INV005528,INV1,PO07282,V450 ,2023-09-01,88268.41,CANCELLED
INV005529,INV2,PO06318 , V081,2023-03-29,22757.76,posted
INV005530,INV2,po06092,V154,2024-01-11,19546.7,POSTED
INV005531,INV2 ,PO06840,V135,2024-02-17,7057.98,
INV005532,INV1 , PO07295,V151 ,2024-09-13,23053.53,CANCELLED
INV005533,INV2, PO02990,V108,2023-03-13,,Cancelled
INV005534,INV1,PO05730, V288,2023-06-18,78060.31,Cancelled
INV005535,INV1,PO07945,v342,2023-01-09,3642.1,CANCELLED
INV005536, INV1,PO01512,V306,2024-07-21,41663.89,CANCELLED
INV005537, INV1,PO04050,V251 ,2024-11-12,72854.27,Cancelled
INV005538,INV2,po07942,V301 ,2023-01-12,23577.42,
INV005539,INV2, PO07185,V303,2023-07-18,80145.07,POSTED
INV005540,INV1, PO07234,V402,2024-05-22,21260.47,POSTED
INV005541, INV2,PO01562 , V333,2023-06-07,7896.25,
INV005542,INV2,PO00138,v347,2024-07-07,70600.63,
INV005543,inv2,PO01708,V405,2023-10-05,12161.97,posted
INV005544, INV2,PO00664,V151,2024-01-04,18265.2,CANCELLED
INV005545,INV2,PO01837,V209,2024-11-18,66581.23,
INV005546, INV2, PO07590, V478,2024-10-07,69925.84,
INV005547,INV2 ,po04624,v405,2023-07-28,38746.89,CANCELLED
INV005548,INV1,PO01033 , V079,2023-02-16,26194.02,CANCELLED
INV005549,,po00942,V102,2023-07-14,54028.77,posted
INV005550,INV1,po06309,V479,2024-12-28,15053.24,
INV005551,INV1, PO04896,V222,2024-02-26,52583.78,CANCELLED
INV005552, INV2,PO03686,v401,2024-12-26,31829.86,CANCELLED
INV005553,INV1,PO06341,V413,2023-08-25,5631.44,CANCELLED
INV005554,INV1,PO06828,v048,2023-11-25,37835.21,CANCELLED
INV005555,INV1,po03719,V049,2023-02-22,29496.46,Cancelled
INV005556,INV2,po00913, V408,2024-06-21,35005.79,Cancelled
INV005557,INV2, PO05353,v353,2023-02-10,53893.99,posted
INV005558,INV2 ,PO06253,V426,2024-09-11,89950.49,POSTED
INV005559,inv2,PO06452,V290,2024-04-18,19607.82,POSTED
INV005560,INV2,po07290, V457,2023-03-06,68165.63,CANCELLED
INV005561,inv1,PO06857,V421,2023-11-19,28846.77,CANCELLED
INV005562, INV2,po05557,V467 ,2023-04-06,,posted
INV005563,INV2,PO06584,V013,2023-01-13,67194.49,CANCELLED
INV005564,INV2,PO01144 ,V076,2023-11-10,,Cancelled
INV005565,INV1,po05482,V402,2024-03-09,43251.22,POSTED
INV005566,INV1 ,PO07330,V195 ,2023-05-30,30837.13,posted
INV005567,INV1,PO06588,V067,2024-10-10,73112.7,POSTED
INV005568,inv2,PO03192 ,V171 ,2024-11-05,92520.83,Cancelled
INV005569,INV1 ,PO05685, V472,2023-01-08,24840.01,Cancelled
INV005570,INV2,PO01386,v011,2023-08-18,83490.6,CANCELLED
INV005571, INV2,PO07559, V426,2023-07-09,61576.39,posted
INV005572,INV2,PO00101, V235,2023-06-16,7960.39,Cancelled
INV005573,INV2,PO05361,V391,2024-02-16,39362.11,posted
INV005574, INV2, PO02773,V129,2024-07-12,43774.78,CANCELLED
INV005575,INV1 ,PO05117, V330,2024-03-07,41183.96,posted
INV005576,inv1,PO01190 ,V456,2024-01-16,3439.66,posted
INV005577,inv2, PO01375,V470,2023-01-03,,POSTED
INV005578,INV2,PO04056,V133,2024-01-23,65085.42,CANCELLED
INV005579,INV2,PO00926 ,V393,2024-03-15,20568.12,CANCELLED
INV005580, INV2,PO02000 ,v169,2024-09-29,50970.75,posted
INV005581,INV2, PO06528,V139 ,2024-06-30,26070.55,CANCELLED
INV005582,INV2,PO04304, V247,2023-06-27,41695.47,posted
INV005583, INV2,PO04865,V266 ,2023-07-02,5244.55,
INV005584,INV1 ,PO02490 ,v134,2024-04-12,17049.1,CANCELLED
INV005585,inv2,PO06019,V191 ,2024-07-07,71083.14,Cancelled
INV005586,INV2,po07182,v288,2024-09-15,,Cancelled
INV005587, INV2,PO06433,V293,2023-06-13,,Cancelled
INV005588, INV1, PO03552,V003,2023-02-12,69338.99,CANCELLED
INV005589,INV1,PO06341, V001,2024-06-27,51319.94,CANCELLED
INV005590,INV2 ,PO01011,V296 ,2024-07-28,85557.11,CANCELLED
INV005591,INV1,PO03910,V198 ,2024-08-18,65598.72,CANCELLED
INV005592,INV1 ,PO05615,V429,2024-02-07,65491.46,CANCELLED
INV005593,INV1,po01357,V067,2023-08-28,68454.25,POSTED
INV005594,INV1, PO05718,V433,2024-05-22,25421.33,posted
INV005595,INV2 ,PO05228,V188,2024-05-11,63031.64,POSTED
INV005596,inv1,PO06214,V097 ,2024-06-23,66832.03,POSTED
INV005597, INV2,PO05490, V407,2024-04-07,685.01,
INV005598,INV2, PO01167,V316,2024-07-11,94771.96,POSTED
INV005599,INV2,PO01583,V192,2024-01-17,47993.44,
INV005600,INV1,PO06094,V226,2024-12-18,14215.17,POSTED
INV005601,INV1,po01574,v302,2023-01-17,50090.53,posted
INV005602,INV2,PO00837,v146,2024-05-16,20572.36,
INV005603,INV2,PO03055,V152,2024-05-28,22463.89,POSTED
INV005604,INV1, PO03867,V427,2024-04-08,92396.62,POSTED
INV005605,INV2,PO07923,V346,2023-02-06,78840.17,posted
INV005606,INV1,PO06024, V482,2024-08-31,21826.66,CANCELLED
INV005607,inv1,PO06046,V276,2023-12-06,25931.13,posted
INV005608,INV2,po03222,V168,2023-08-18,8385.15,posted
INV005609,INV2, PO04642, V270,2023-10-24,3873.75,
INV005610,INV1 ,PO06111,V199,2023-01-29,43264.01,CANCELLED
INV005611,inv2,PO01333,v052,2024-08-15,52895.74,Cancelled
INV005612,inv2,PO00528,V255,2023-12-28,2770.88,POSTED
INV005613,INV1 ,PO00083,V492 ,2023-05-10,16145.13,
INV005614,INV1 ,PO02150,V407,2023-10-23,5194.39,
INV005615,INV1,PO06218,V132,2023-01-30,29358.81,Cancelled
INV005616,INV1,PO02311,V457,2024-06-11,40075.59,POSTED
INV005617,INV1,PO00760,V095,2024-04-02,52764.91,posted
INV005618,inv1,PO01972,v004,2023-04-07,28722.5,CANCELLED
INV005619,INV1,PO04513,V348,2024-12-13,31469.72,POSTED
INV005620,INV2,po06810,V270,2023-12-08,69957.81,CANCELLED
INV005621,INV1,PO06503,V172,2024-11-28,28650.64,POSTED
INV005622,inv1,PO05569,V361,2023-10-31,52367.54,posted
INV005623,INV2,po05542,V174 ,2024-08-14,59358.34,posted
INV005624,inv1,PO02351,v259,2024-09-10,23279.94,POSTED
INV005625,INV2 ,PO01719,V185,2024-05-10,68955.26,Cancelled
INV005626,INV2 ,PO03845,V255,2024-06-15,91769.59,CANCELLED
INV005627,inv2,PO04877,V381,2024-08-20,,POSTED
INV005628,inv2,PO07339,V090,2023-07-10,36186.93,POSTED
INV005629,INV1, PO05299,V455,2024-07-28,38158.42,CANCELLED
INV005630, INV1,PO06700,V232 ,2023-12-24,75496.46,POSTED
INV005631,inv2,PO01334,V416 ,2023-01-19,47445.84,
INV005632,INV1, PO05748,v229,2023-02-01,71798.45,posted
INV005633,inv2,PO05218,V120 ,2023-07-15,7346.61,Cancelled
INV005634,INV2 ,PO03237,V316,2024-06-02,11319.54,POSTED
INV005635, INV1,PO04034,V191 ,2024-07-08,9771.85,POSTED
INV005636,INV2,PO07959,V336,2024-09-17,35578.2,Cancelled
INV005637,inv1,PO01424,V023,2023-06-27,81775.59,CANCELLED
INV005638,inv1, PO03052, V128,2024-01-30,26558.11,POSTED
INV005639, INV2,PO05830, V368,2023-10-30,84168.72,CANCELLED
INV005640,INV1,po06272,V465,2024-11-21,41156.25,posted
INV005641, INV2,po02598,V377,2024-10-17,31988.57,Cancelled
INV005642,INV1,PO05396,V339,2023-02-08,84245.02,CANCELLED
INV005643,INV1,PO03219,V278 ,2024-07-07,71544.09,POSTED
INV005644,INV2,PO01229,V314 ,2023-06-01,44706.62,
INV005645,INV1,PO07663,V343,2024-01-09,81114.22,posted
INV005646,INV1, PO01963,V381,2023-12-04,42530.59,posted
INV005647, INV1, PO03589,v479,2024-12-16,84340.31,posted
INV005648,INV1,PO01834,V481,2024-07-16,87006.12,CANCELLED
INV005649,INV1 ,PO06139 , V025,2023-04-16,45650.89,posted
INV005650,INV2,PO03715,V479,2023-02-03,94375.69,CANCELLED
INV005651,INV2,PO02968,V354,2023-07-11,976.56,
INV005652,inv2,po02099,v123,2023-04-29,82063.62,Cancelled
INV005653, INV1,PO05432,V203,2023-11-15,73000.08,
INV005654, INV1,PO03361,V062 ,2023-10-27,83806.6,CANCELLED
INV005655,inv2,PO06811,V412 ,2023-01-08,44516.5,POSTED
INV005656,inv2,PO01029,V223 ,2023-04-29,57071.22,CANCELLED
INV005657,INV2, PO01116,V057 ,2024-10-23,17376.52,posted
INV005658,inv2, PO07312, V060,2024-02-22,43805.93,POSTED
INV005659,INV2, PO05437,V439 ,2024-02-02,48148.29,Cancelled
INV005660,inv1, PO01016,v049,2023-07-14,84303.01,Cancelled
INV005661,inv1,PO02606,V355 ,2024-06-10,15864.77,CANCELLED
INV005662,INV1,PO07703,V430,2024-06-09,58187.84,POSTED
INV005663,INV1,PO01430 ,V073,2024-06-17,31145.72,Cancelled
INV005664, INV2,PO01222, V189,2024-07-25,37331.59,CANCELLED
INV005665, INV1,PO05031 ,V145 ,2024-05-03,31254.52,
INV005666,inv1,PO02625,V449,2024-07-26,77627.34,Cancelled
INV005667,INV2,PO06301,V449 ,2024-10-03,5273.77,
INV005668,INV2,PO06632,V081 ,2023-05-08,54385.46,
INV005669,inv1,PO01521 , V304,2024-01-10,19745.56,POSTED
INV005670, INV1,po05606,V081,2023-04-17,27554.61,Cancelled
INV005671,INV2 ,PO06275,V157 ,2023-03-12,32035.39,
INV005672,INV1,PO07961,V415,2024-07-20,,
INV005673,INV1,PO02085,V259,2023-08-17,,POSTED
INV005674,INV1 ,PO02481,V378 ,2023-02-17,56740.55,posted
INV005675,inv1, PO01220, V132,2023-06-18,7791.39,posted
INV005676,INV1,PO07592,V056,2023-02-16,75941.05,Cancelled
INV005677, INV2, PO04460,V109 ,2024-09-13,24501.91,CANCELLED
INV005678,inv1,PO04796,v344,2024-03-31,3728.55,CANCELLED
INV005679,INV1,PO07465,V220,2024-09-25,29930.06,posted
INV005680, INV2,PO00837,V428,2024-10-17,39954.07,Cancelled
INV005681,INV2,PO04125,V344,2023-01-18,4216.5,POSTED
INV005682, INV1,PO00288,V316,2023-09-11,22700.81,Cancelled
INV005683,INV1,PO02666,V356,2023-07-15,69288.43,posted
INV005684,INV1 ,PO06405, V335,2023-09-28,23874.8,
INV005685,inv2,PO04762,V100 ,2024-10-21,21708.69,POSTED
INV005686,INV1 ,PO06028, V030,2023-10-15,68549.65,CANCELLED
INV005687,INV2,po07669,V064,2024-06-26,20782.76,
INV005688,INV2,po06835,V210,2023-10-21,88950.37,
INV005689,inv1,PO02262,v093,2023-04-10,,POSTED
INV005690,INV1,PO06607 ,V229,2024-09-26,9030.03,CANCELLED
INV005691,INV2,PO07756,V091,2024-01-13,30096.37,posted
INV005692,INV1,PO07273,V461,2024-03-06,,POSTED
INV005693, INV2,PO00546,V357,2024-08-22,64464.9,POSTED
INV005694,INV1,PO01418,V184,2023-11-26,1436.43,
INV005695,inv2,po02416,V471,2024-07-18,73630.79,posted
INV005696,inv2,po06888,V042,2024-07-24,66944.31,Cancelled
INV005697,inv1,po04616,V053,2024-10-10,8686.79,
INV005698,INV2 ,po03719,V244,2024-07-02,38261.3,POSTED
INV005699, INV1,PO00010,V107,2024-08-11,31951.55,Cancelled
INV005700,INV1 ,PO03980 ,V158 ,2023-08-12,33397.5,Cancelled
INV005701,INV1,po06267,V216 ,2024-02-06,66960.92,
INV005702,INV1 ,PO02319,V423,2024-03-14,24108.42,
INV005703,INV1,po01544,V161,2023-10-22,35129.85,POSTED
INV005704,INV1 ,PO02755,v244,2024-04-07,44595.7,Cancelled
INV005705,INV1,PO03983 ,v150,2024-12-19,7479.39,Cancelled
INV005706,INV1,PO02819,V357,2024-03-22,58948.87,posted
INV005707, INV1,PO04095,V454,2024-12-02,62558.73,
INV005708,INV2,PO03049,V492,2024-09-15,49805.43,POSTED
INV005709,INV2 ,PO04270,V432,2024-11-14,18431.55,posted
INV005710,INV2 ,PO05956,V215,2024-11-23,18057.17,posted
INV005711, INV2,PO02317,V317,2023-04-13,78263.18,CANCELLED
INV005712,INV2,PO04287,v249,2024-12-23,6220.91,CANCELLED
INV005713,INV1,PO00928,V093,2024-05-29,76301.5,POSTED
INV005714,inv2,PO06811 ,V217,2024-01-09,91737.82,
INV005715,INV1,po02459,V479,2023-11-03,23212.15,POSTED
INV005716,INV2, PO00702,V364,2023-01-12,48123.14,
INV005717,INV1,po06435,v099,2023-09-03,72233.73,posted
INV005718,inv1,PO05758,V234,2023-03-19,31095.59,CANCELLED
INV005719,INV2,PO00142, V335,2024-06-30,87667.16,
INV005720,INV2, PO04663,V003,2024-08-08,44756.12,
INV005721,INV2,po01942,V197,2024-12-30,,CANCELLED
INV005722,INV1,PO02983 ,V035,2024-01-12,2855.48,POSTED
INV005723,INV2,PO05298 ,V164,2023-10-13,54010.54,
INV005724,INV2,PO04157,V016 ,2023-09-14,89426.44,posted
INV005725,INV2,PO02882,V278,2023-08-25,53868.57,POSTED
INV005726,inv2,PO01887,V452,2023-03-09,66650.64,
INV005727,inv1,PO07121,V283,2023-06-28,50324.05,
INV005728,INV1 ,PO06166,V194 ,2024-09-15,76532.62,posted
INV005729,INV1,PO06759,V329,2024-12-22,42055.11,CANCELLED
INV005730, INV2,PO03725,V163 ,2023-02-05,63845.11,CANCELLED
INV005731,INV1 ,PO07820, V174,2024-04-05,74544.73,Cancelled
INV005732,INV2 , PO01619, V055,2024-02-27,20853.8,posted
INV005733,INV2,PO03126,V412,2023-04-21,39271.05,posted
INV005734,INV1,PO00926,V015,2024-01-21,93841.77,Cancelled
INV005735,INV1,PO07735,V323,2024-06-14,38597.09,posted
INV005736,INV1,PO00432, V230,2024-06-24,80493.77,posted
INV005737,INV2,PO05236 ,V204,2024-12-30,46709.42,posted
INV005738,INV2 , PO07900,V113,2023-08-01,49851.12,POSTED
INV005739,INV2, PO01118,v301,2023-06-01,92208.31,posted
INV005740,INV1,PO04835,V081,2024-11-10,50207.12,POSTED
INV005741,INV2,po06127, V160,2023-12-10,17113.88,
INV005742,inv1,PO01718,V166 ,2024-08-29,79417.93,
INV005743,INV2,po01464, V009,2024-05-24,28475.94,CANCELLED
INV005744,,PO06672,,2023-02-16,81014.35,Cancelled
INV005745,INV1 ,po01438,V326,2024-01-06,87648.04,CANCELLED
INV005746,INV2,PO00342,V167 ,2024-10-15,65315.05,posted
INV005747,INV2,PO05350,V179,2023-12-08,60981.55,
INV005748, INV1,PO00748,V491,2023-02-09,34101.58,
INV005749,INV1,PO00977,V011,2023-08-15,76330.38,posted
INV005750,INV2,po07714,V125,2024-09-05,18742.38,POSTED
INV005751, INV1,PO07895 ,V298,2023-02-24,29506.55,posted
INV005752,INV2,po04701,V392,2024-01-31,25592.81,CANCELLED
INV005753,inv2,PO04732,V359,2024-02-28,32311.72,POSTED
INV005754,INV2, PO02909,V170 ,2023-01-28,43535.95,Cancelled
INV005755,INV2,PO05247 ,V025,2023-07-07,11526.45,
INV005756,INV1 ,PO06745,V372,2023-04-06,13465.94,
INV005757,INV1,PO02886, V413,2024-08-06,2073.16,CANCELLED
INV005758,INV2,po01369, V276,2024-09-19,42424.33,
INV005759,INV1,PO07835, V447,2023-06-13,2192.56,CANCELLED
INV005760,INV1 ,po00498,V311,2024-05-01,29127.38,CANCELLED
INV005761,INV1,po03552,V160,2023-09-10,36138.66,POSTED
INV005762, INV1,PO01169,V142,2023-06-16,69001.51,POSTED
INV005763,INV1,PO01974,V235,2024-12-18,60583.75,posted
INV005764,INV2, PO05949,V483 ,2024-11-22,42160.23,
INV005765,INV2,PO02339,V188,2023-02-08,54005.51,POSTED
INV005766, INV2, PO03064,V138,2024-08-25,37967.35,Cancelled
INV005767,INV1, PO04060,V084,2023-09-19,48384.57,CANCELLED
INV005768,inv1,PO05913, V435,2024-12-31,16428.19,
INV005769,INV1,PO07937, V201,2024-10-06,26111.87,posted
INV005770,INV1,PO00316,V261 ,2024-04-19,42627.51,CANCELLED
INV005771,INV1,PO01027,v320,2024-02-05,85323.15,CANCELLED
INV005772,INV2,PO01331 ,V246 ,2023-02-15,28596.01,Cancelled
INV005773,INV2,po06073,v350,2024-06-07,31096.31,POSTED
INV005774,INV2, PO01063,V105,2024-10-26,2847.43,posted
INV005775,inv1,PO01183,V369,2024-12-26,4660.38,Cancelled
INV005776,INV2, PO05638,V184,2023-08-30,70878.15,posted
INV005777,INV1,PO02859,V109,2023-01-25,44338.17,POSTED
INV005778,INV2, PO03950,v237,2024-06-15,10132.1,POSTED
INV005779,INV1,PO06405,V229,2024-06-17,78711.64,POSTED
INV005780,INV2,PO02958,v461,2024-06-04,57916.99,CANCELLED
INV005781,INV1 ,PO05106,V304,2023-01-19,87242.47,CANCELLED
INV005782,INV2,PO00882,V436,2024-03-17,40600.85,Cancelled
INV005783,inv2,PO02955, V311,2023-11-15,66033.93,Cancelled
INV005784,INV2,PO07865, V193,2024-08-06,27139.19,
INV005785,INV2,PO03625, V241,2023-05-07,45837.01,POSTED
INV005786, INV1,po06653,V154,2024-02-23,49330.42,posted
INV005787,INV2,PO04457, V165,2024-04-07,43055.04,Cancelled
INV005788,INV1,PO02521, V029,2023-12-03,61966.54,posted
INV005789,INV1 ,po00018, V130,2023-07-03,79891.72,POSTED
INV005790, INV1,PO03132,V380,2024-01-06,6356.39,POSTED
INV005791, INV2,PO03507,V176 ,2023-04-10,78543.85,CANCELLED
INV005792,INV2,PO03208,V221,2023-07-13,5834.61,CANCELLED
INV005793,INV2 ,PO04960,V194 ,2023-06-04,88552.33,POSTED
INV005794,INV2,PO04938,V439,2023-04-25,80960.33,Cancelled
INV005795,inv1, PO06323,v353,2023-07-30,32446.4,
INV005796,inv1,po00520, V090,2024-10-18,45094.6,Cancelled
INV005797,INV2,po06871,v316,2024-11-13,35739.64,CANCELLED
INV005798,INV2,PO04773,V440 ,2024-07-19,9586.66,POSTED
INV005799,INV1,PO01794 ,V270,2024-03-29,71637.13,
INV005800,INV1,PO06907,V180,2023-09-10,884.1,
INV005801, INV2, PO07989,V363,2023-06-14,30176.61,CANCELLED
INV005802,inv1,PO04129,v171,2024-08-20,25443.56,POSTED
INV005803,INV1,po05469,V188,2024-06-08,66876.42,CANCELLED
INV005804,INV1,PO04233 ,V246 ,2024-03-23,35432.41,
INV005805,INV2 ,po01489, V429,2024-03-08,68774.41,posted
INV005806,INV1,PO01284 ,V082,2024-10-18,62508.96,POSTED
INV005807,INV1,po03677,V340,2024-07-11,71284.06,POSTED
INV005808,inv1,PO05639,V129,2023-10-30,32926.11,CANCELLED
INV005809,INV1,PO06268 ,V489 ,2024-03-24,1962.0,POSTED
INV005810, INV1,po07441,V459,2024-04-13,59066.86,POSTED
INV005811, INV1,PO07305,V292 ,2024-11-30,84967.62,Cancelled
INV005812,INV2,PO01595,v095,2024-04-30,4459.9,CANCELLED
INV005813,INV1, PO06125,V053 ,2024-07-06,11485.1,POSTED
INV005814,INV1 ,PO00349,V173,2024-02-08,35546.04,
INV005815,INV2,PO02823,V117,2024-08-22,7548.94,
INV005816,inv1,PO05423 ,V192,2023-12-19,55096.45,Cancelled
INV005817, INV2, PO00686, V217,2024-03-11,68491.0,POSTED
INV005818,INV2,PO04805, V272,2023-02-18,94294.95,POSTED
INV005819,inv1,PO02007,V429,2024-06-12,36574.68,
INV005820,INV2,PO07235,V495,2024-08-14,58725.41,CANCELLED
INV005821, INV2, PO07238,v178,2024-07-16,68563.43,CANCELLED
INV005822,INV1,po04668,V312,2024-07-20,27978.14,CANCELLED
INV005823, INV2,PO00931,V092 ,2023-07-18,28373.8,Cancelled
INV005824,inv2,PO04625 ,V433,2023-08-09,47427.68,Cancelled
INV005825,INV1, PO01209,V289,2023-08-21,84453.61,CANCELLED
INV005826, INV1,po05689,V379,2024-12-25,73486.67,posted
INV005827,INV2,PO01105 ,V346,2024-09-26,11523.22,
INV005828,INV2, PO03855,V231,2023-04-15,88812.19,CANCELLED
INV005829,INV1,PO04598,V407,2023-05-08,5000.35,POSTED
INV005830, INV1,po00446,v258,2024-10-09,15030.94,posted
INV005831,INV1,PO07522, V014,2023-12-01,78152.4,Cancelled
INV005832,INV2 ,PO04061, V081,2024-10-22,88536.69,CANCELLED
INV005833,INV2,PO02148 ,V439,2024-01-20,71183.53,Cancelled
INV005834,INV2 ,PO03831,V242,2024-02-06,86887.92,Cancelled
INV005835,INV2 , PO03289,V435,2024-08-23,84428.71,CANCELLED
INV005836, INV2, PO06715,V186,2023-07-22,38909.08,Cancelled
INV005837,INV1 ,PO03284 ,V177,2024-04-03,25039.74,POSTED
INV005838,INV1 ,,V324 ,2023-07-02,17624.88,
INV005839,INV1,PO07919,V356,2024-02-17,67564.6,
INV005840,INV2,PO03134,V116,2023-03-10,5355.45,posted
INV005841, INV1,PO07386,v373,2024-04-18,5075.2,CANCELLED
INV005842,inv1,PO05473,V420,2023-09-28,84105.07,Cancelled
INV005843,INV2,po01021,,2024-04-20,62438.02,Cancelled
INV005844, INV1, PO06489,V003,2023-06-02,92003.31,CANCELLED
INV005845,INV1,PO00101,V022,2024-09-26,61374.44,POSTED
INV005846, INV1,po02214,V035,2023-11-23,9837.67,
INV005847,INV2,PO06694,V140 ,2024-09-15,20036.79,CANCELLED
INV005848,INV2,PO05208,V163,2024-06-04,42446.32,Cancelled
INV005849,INV1 ,po02223,V425,2023-04-04,66103.91,CANCELLED
INV005850,INV2,PO05659,V257,2024-03-25,87966.59,posted
INV005851, INV1,PO03305, V312,2024-04-24,46873.12,posted
INV005852,INV2,PO05653,V286,2023-01-27,31149.05,CANCELLED
INV005853,INV2,PO03291,v499,2024-04-05,62028.26,
INV005854,inv1,PO00952,V437,2024-04-18,18518.67,POSTED
INV005855,INV2,,V022,2024-05-15,1571.58,POSTED
INV005856,INV2,po02106,V407,2024-08-29,5649.65,posted
INV005857, INV2,PO04539 , V406,2023-04-08,25978.71,posted
INV005858,INV2 ,PO05544 ,V021,2024-01-22,90287.8,Cancelled
INV005859, INV1,PO04341,V427,2023-08-21,69882.18,POSTED
INV005860,INV1 ,PO07753,V307,2023-09-21,35921.11,POSTED
INV005861, INV2, PO06432,V352,2024-09-07,26783.64,Cancelled
INV005862,INV1,PO05585,v265,2023-08-25,21548.32,posted
INV005863,inv1,PO06699 ,V026,2023-01-31,50400.24,POSTED
INV005864, INV2,PO02018,V293 ,2023-04-18,56592.16,Cancelled
INV005865,inv2,PO04060,V172,2024-04-06,47385.71,POSTED
INV005866,INV1,PO01891,V320,2023-08-21,55129.05,CANCELLED
INV005867,INV1 , PO02044, V296,2023-05-29,93305.91,Cancelled
INV005868,INV1 ,PO03505,V314,2023-05-09,35126.58,CANCELLED
INV005869, INV1,PO00427,V125,2024-02-29,65235.97,
INV005870,INV1,PO01098,v109,2024-03-30,39818.01,
INV005871,INV2, PO04657,v355,2024-12-19,32234.74,
INV005872,INV1,po03454,V218,2024-03-17,80769.72,posted
INV005873,INV2,PO02566, V411,2023-08-07,35882.81,
INV005874,INV2 ,PO03627,V297,2024-03-28,41606.01,posted
INV005875, INV2,po00625,V443,2024-03-15,13294.31,CANCELLED
INV005876,INV2 ,PO05179 ,V468,2024-02-01,62991.5,posted
INV005877,INV2,PO02676,V194,2024-01-01,57797.01,posted
INV005878,inv2,PO05885,V417,2023-11-10,35991.27,Cancelled
INV005879,INV2,PO05699,V301,2024-05-17,25656.77,Cancelled
INV005880,INV1,PO07421,V097 ,2024-10-08,77180.64,POSTED
INV005881,INV2, PO07376,V192,2024-04-02,62208.01,
INV005882,INV1,PO06717 ,V244,2023-02-27,45969.63,posted
INV005883,INV1 ,PO01046, V155,2023-05-19,81638.55,POSTED
INV005884,inv1,PO07276,V403,2023-10-15,28219.91,CANCELLED
INV005885,INV2 ,PO07882,V367,2024-08-17,44926.61,CANCELLED
INV005886,INV2,PO01550,V256 ,2024-07-09,,POSTED
INV005887,INV2 ,po06852,V298,2023-05-10,4748.97,
INV005888,INV2,PO04759 ,V350 ,2023-01-18,48297.39,posted
INV005889,inv1,PO03317,V463,2023-07-31,65609.87,Cancelled
INV005890,INV2 ,po06777,V231 ,2024-12-27,19172.88,CANCELLED
INV005891, INV2,PO00567,V183,2024-03-02,8310.63,CANCELLED
INV005892,INV2 ,PO06234, V264,2023-03-26,49645.9,CANCELLED
INV005893,INV2, PO06529,V289,2024-10-10,40421.23,
INV005894,INV1,PO05128 , V269,2024-11-23,31235.49,
INV005895,INV2,PO07015,v179,2023-11-07,66934.73,posted
INV005896,INV1,PO04610,V278 ,2023-12-30,88837.19,
INV005897,INV1,PO01051,V393,2023-01-29,10539.65,POSTED
INV005898,INV2,PO02210,V374,2024-11-29,33942.36,POSTED
INV005899,inv1,PO01961,V268,2024-12-26,49882.53,CANCELLED
INV005900,INV2 ,PO05255,V240,2024-05-22,36807.89,POSTED
INV005901,INV2,PO07510,V238,2023-07-28,36391.18,CANCELLED
INV005902,INV2,PO04504,V051,2024-02-15,56581.29,Cancelled
INV005903,INV1,PO00625 ,v432,2023-06-14,37608.26,Cancelled
INV005904,INV1,PO06894,V461,2024-09-27,1854.74,posted
INV005905, INV2, PO01383,v364,2024-03-17,2972.11,CANCELLED
INV005906,,PO05922 , V182,2023-04-30,84986.98,
INV005907,INV1, PO02918,V457 ,2024-03-17,40577.81,POSTED
INV005908,INV1,PO01798 ,V022,2023-12-01,83269.25,posted
INV005909,inv2,PO05823 ,V374,2024-12-25,7612.8,
INV005910,INV1,PO02543,V065 ,2024-02-15,28182.0,
INV005911,INV1,PO05689,V140,2024-02-28,94604.37,Cancelled
INV005912,INV1,PO02372 ,V251,2023-10-22,15532.03,posted
INV005913,INV2,PO05239,v286,2023-05-20,40590.45,
INV005914,INV1 ,PO02375,v264,2023-09-18,67555.75,posted
INV005915,INV1 ,PO04028,V288 ,2024-05-23,45953.92,
INV005916, INV2,PO01020,V386,2024-12-05,34290.61,POSTED
INV005917,INV1,PO03007,V333 ,2024-04-26,66163.61,POSTED
INV005918,INV2,PO05562,V465,2023-11-12,56570.86,
INV005919,INV2,PO02893,v396,2023-02-19,49667.45,CANCELLED
INV005920,INV2,PO00072,V256,2024-09-07,6189.32,Cancelled
INV005921,INV2,PO06371 ,v206,2024-01-24,9572.43,posted
INV005922, INV2,po03982,V154,2024-06-22,61252.25,CANCELLED
INV005923,INV2,PO05160 ,V413 ,2024-07-14,4892.18,Cancelled
INV005924, INV2,PO00862,v221,2024-01-29,94548.51,Cancelled
INV005925,INV2,PO01390,V105,2023-11-20,11572.15,POSTED
INV005926,INV2, PO05642,v325,2023-09-01,26894.35,posted
INV005927,INV2,PO04341,V023,2024-10-06,18617.93,POSTED
INV005928,INV1,PO06346,V298,2023-04-17,3838.74,POSTED
INV005929,INV2, PO07323,v336,2023-07-02,37397.56,POSTED
INV005930,INV2,PO01995 , V457,2024-07-27,73637.06,POSTED
INV005931,INV1,PO03895,v205,2023-10-26,30077.72,POSTED
INV005932,INV1,po01116,V156,2023-04-02,30137.7,Cancelled
INV005933, INV2,PO06108,V346,2024-12-17,79387.32,posted
INV005934,inv1,PO03817, V107,2023-02-20,18918.7,
INV005935,INV1, PO00509,v200,2024-06-08,67274.07,POSTED
INV005936,INV2 ,PO01046 ,V457,2023-09-22,89196.69,posted
INV005937,inv1,PO03427,V242,2024-11-02,25681.68,CANCELLED
INV005938,inv1,PO04915 , V167,2023-11-05,78710.38,
INV005939,inv2,PO04204 ,v315,2023-09-18,63533.6,CANCELLED
INV005940,INV2 ,PO01889,v307,2024-07-07,33332.59,CANCELLED
INV005941,INV1,PO07370,V026,2023-11-08,904.17,POSTED
INV005942,INV2,PO03396,V417 ,2023-05-02,43396.67,POSTED
INV005943, INV1,PO06815 ,V296 ,2024-08-22,65912.02,CANCELLED
INV005944,INV1,PO04121,V429,2023-04-12,73454.79,CANCELLED
INV005945,INV1,PO07464 ,v165,2023-12-26,29527.01,
INV005946,INV1,PO02075,V071,2023-01-18,34120.33,posted
INV005947,inv2,PO05746 , V443,2023-11-01,57946.6,
INV005948,INV1 ,PO06857,V469 ,2024-10-04,11398.7,
INV005949,inv1,PO00841,V450 ,2024-03-24,33219.8,Cancelled
INV005950,,PO05676, V005,2023-01-10,35257.49,
INV005951, INV2,po01862, V173,2024-07-10,43400.62,CANCELLED
INV005952,INV1,PO03071,v215,2024-11-03,64141.96,posted
INV005953,INV2,PO02562,v399,2023-10-18,88434.55,POSTED
INV005954, INV1,PO01075,V295 ,2023-05-28,,posted
INV005955,INV2 ,PO07377,V252 ,2023-10-16,10221.36,posted
INV005956,INV1,PO01474,V089,2024-11-30,67135.15,POSTED
INV005957,INV2, PO03184,V159,2024-10-26,77566.55,posted
INV005958, INV1,po00741,v168,2023-07-04,90735.21,CANCELLED
INV005959,INV1 ,PO04713,V131,2023-08-03,59915.39,Cancelled
INV005960,INV2 , PO05514,V050,2024-07-27,67858.65,posted
INV005961,INV2,PO01575 ,V138,2024-08-01,37358.02,Cancelled
INV005962,INV2,po03740,V425,2023-01-19,83421.38,
INV005963,inv1,PO05691,V475,2023-05-30,32385.05,
INV005964,INV2 ,PO01229, V217,2024-03-11,2171.59,Cancelled
INV005965, INV1, PO06302,v141,2023-10-20,90542.25,
INV005966,INV1,PO01889,v138,2024-10-12,78870.33,POSTED
INV005967,INV2,PO04857, V266,2023-03-04,17693.6,CANCELLED
INV005968, INV1,PO00955 ,V267,2023-02-17,63822.08,posted
INV005969,INV2, PO01611,v160,2024-12-10,85168.21,POSTED
INV005970,INV1,PO02264,V238,2024-06-23,19903.85,Cancelled
INV005971,inv1,PO00599,V100,2024-09-12,73862.88,Cancelled
INV005972,INV2,PO00592,V187,2023-09-30,23774.61,CANCELLED
INV005973,INV2,PO06583,V157,2024-02-23,33735.05,POSTED
INV005974,INV1, PO01261, V422,2024-02-26,53309.55,Cancelled
INV005975,INV2 ,PO06130 ,,2023-06-28,49160.69,posted
INV005976,inv2, PO00989,v137,2023-10-30,35898.7,CANCELLED
INV005977,INV2, PO05751,V292 ,2023-11-06,20764.26,posted
INV005978,INV1,PO02502,V199,2023-01-05,5804.02,posted
INV005979,INV2,po03412,V355,2024-01-29,45883.8,Cancelled
INV005980,inv1,PO04311,V006 ,2024-03-27,29437.64,posted
INV005981,INV1 ,po01986,V499,2023-01-08,12536.53,POSTED
INV005982,inv2,PO06720 ,V382,2023-05-31,30515.06,
INV005983,INV1 ,PO02867 , V043,2024-09-23,61116.22,CANCELLED
INV005984,inv2,PO00968 ,V166,2023-10-22,61387.48,POSTED
INV005985,INV1,PO05900 ,V050,2023-01-19,77546.18,Cancelled
INV005986,inv1,PO01842,V276,2024-10-16,94068.56,CANCELLED
INV005987,INV2,PO03530 ,V376,2024-11-12,84201.42,CANCELLED
INV005988, INV2,PO00521,V419 ,2023-03-03,85840.27,POSTED
INV005989,INV1,PO04254,V342,2024-10-15,14885.77,posted
INV005990,INV1,PO07327, V287,2024-11-13,63230.15,POSTED
INV005991,inv1,PO00654 , V390,2023-10-04,47335.86,posted
INV005992,INV1,PO05916,V169,2024-12-19,33272.26,POSTED
INV005993,inv2,po00294,V191,2024-04-10,26932.89,POSTED
INV005994,INV1,PO03902, V188,2024-07-01,37532.65,posted
INV005995,INV2,po06537, V160,2023-12-21,71213.3,POSTED
INV005996, INV2,PO02406,V318,2023-04-25,58200.25,
INV005997,INV1,PO04287, V493,2024-05-06,68748.24,POSTED
INV005998,INV2,PO03271 ,V361 ,2023-07-03,3787.78,
INV005999,INV2,PO01190 ,V262,2023-03-10,38843.21,Cancelled
INV006000,INV2,po05670,V276,2023-10-16,90030.33,CANCELLED
INV006001,inv1,po03855,V404,2024-11-26,84624.84,CANCELLED
INV006002,INV1,po07617,V337,2023-04-23,31666.94,CANCELLED
INV006003,inv2,PO07978,V188 ,2024-04-08,,POSTED
INV006004,INV2,po07301,V165 ,2023-11-24,71971.27,Cancelled
INV006005,INV2,PO06724,V085 ,2023-04-01,3980.09,Cancelled
INV006006,inv2,po05061,V029 ,2024-01-27,76934.47,POSTED
INV006007,INV1, PO03435,V345,2023-02-07,44662.58,POSTED
INV006008,INV2 ,PO07095,v091,2024-02-24,51021.0,CANCELLED
INV006009,INV1,PO05715,V443,2023-09-04,45375.92,Cancelled
INV006010,inv1,PO05021 ,V104 ,2023-04-09,64860.95,CANCELLED
INV006011,INV2,PO03190,V479,2023-12-31,18936.51,Cancelled
INV006012,inv2,po01907,v318,2023-05-09,60200.39,POSTED
INV006013,INV2,po03150,V208,2023-09-29,62533.97,
INV006014,INV2 ,PO07120,V012 ,2023-01-17,58836.4,posted
INV006015,INV1,PO07008,V414,2023-06-14,3564.67,posted
INV006016,INV2,po05217,V455,2024-12-27,41393.91,POSTED
INV006017,INV2,PO00321,v282,2024-06-17,63835.54,Cancelled
INV006018, INV1,PO02838,V483,2024-02-26,53139.8,posted
INV006019,INV1,PO00510,V046,2024-04-17,18651.91,Cancelled
INV006020,INV2,PO03315 , V227,2023-11-04,,Cancelled
INV006021,INV2,PO06185, V350,2024-01-19,22458.79,
INV006022,INV1,PO00422,V161 ,2023-08-03,77283.27,POSTED
INV006023,INV1,PO02352,V310,2024-04-06,65411.24,POSTED
INV006024, INV2,PO01818,V491 ,2023-12-25,49167.36,POSTED
INV006025,INV2, PO01174,V266,2023-11-22,85916.51,Cancelled
INV006026,INV2,PO01742,V471,2023-10-08,47310.74,POSTED
INV006027,inv2,PO07936,V332,2024-01-23,80591.31,POSTED
INV006028,INV1,po04050,v415,2023-01-16,42335.41,POSTED
INV006029,INV2,po01169,,2024-08-24,18294.26,CANCELLED
INV006030,inv2,PO03643,V473,2023-11-22,93356.09,
INV006031,INV2,PO06828,V242,2023-10-03,92145.63,Cancelled
INV006032,INV2, PO01152,V215,2024-03-22,54131.6,posted
INV006033,INV2,po06527,V372 ,2024-12-17,43360.05,CANCELLED
INV006034,INV1 ,PO07825,V296,2024-09-20,18197.61,
INV006035,INV2,PO04721,V117,2024-12-24,7851.81,
INV006036,INV2 ,po05635, V095,2023-12-15,10935.74,Cancelled
INV006037,inv2,PO01542, V147,2024-12-06,30922.3,CANCELLED
INV006038,INV2 ,PO04382,v408,2024-11-24,76863.56,CANCELLED
INV006039,INV1 ,po04708,v110,2024-04-08,59795.27,CANCELLED
INV006040,INV1,PO00634,V094,2023-01-27,4241.19,Cancelled
INV006041, INV1,PO03737,V078,2024-09-22,18283.53,posted
INV006042, INV2,PO04557 , V500,2023-01-29,65126.37,POSTED
INV006043,INV1,PO04766,V318 ,2024-09-22,53925.93,Cancelled
INV006044,inv2,PO04099, V483,2024-06-07,28996.91,posted
INV006045,inv2,PO04149 ,V156,2023-05-31,78674.62,Cancelled
INV006046,inv1,PO06193,V015,2023-12-06,31593.37,
INV006047,INV1,PO03674,V415,2023-09-16,80662.03,CANCELLED
INV006048,INV2, PO02870, V064,2024-05-18,20951.28,posted
INV006049,INV2,PO03003,V354,2023-08-31,90447.73,POSTED
INV006050,INV1,po04777, V134,2023-08-26,31580.48,CANCELLED
INV006051, INV2, PO03858,V339 ,2024-08-17,3805.15,Cancelled
INV006052,INV2,PO00979 ,V171,2024-04-24,66928.93,POSTED
INV006053,inv1,PO00550, V099,2024-04-02,69287.99,
INV006054,inv2,PO00507,V110,2024-01-12,26029.61,CANCELLED
INV006055,INV1,PO02433, V122,2023-02-06,91075.79,POSTED
INV006056,INV1,po04210,v301,2023-10-22,77659.1,CANCELLED
INV006057,INV1,PO00359,v380,2024-11-29,76300.92,CANCELLED
INV006058,INV2,PO05955 ,V036,2023-11-04,62809.51,Cancelled
INV006059, INV1,PO03217,V215,2024-12-13,23270.46,
INV006060,INV2,PO02198 ,V312,2024-10-31,70861.04,posted
INV006061,INV2 ,PO04462 ,V204,2023-10-17,28225.65,POSTED
INV006062,INV1, PO00616,V180 ,2024-06-09,72014.31,Cancelled
INV006063, INV2,PO07502,v331,2024-05-08,28333.45,Cancelled
INV006064,INV2,PO00792 ,v074,2024-07-01,70227.02,posted
INV006065, INV1,,V377,2023-08-27,53567.33,CANCELLED
INV006066,INV1,PO01997, V402,2023-10-04,44616.35,CANCELLED
INV006067,inv1,PO04016,V203 ,2024-05-24,5243.8,POSTED
INV006068,inv2,PO01880 ,V010 ,2024-07-01,66229.56,CANCELLED
INV006069,INV1,PO02217,V065 ,2024-10-04,61886.37,POSTED
INV006070, INV1,PO03065,V080 ,2024-12-02,82465.92,POSTED
INV006071,INV1,po00780,V328,2024-10-22,92555.31,POSTED
INV006072,INV1,PO04909,v353,2024-10-12,,
INV006073,INV1,PO00576,v459,2024-11-25,28203.61,POSTED
INV006074,INV1,PO01043,V377,2023-12-25,55352.3,Cancelled
INV006075,INV1,PO05791,V156,2023-06-22,42320.68,POSTED
INV006076,INV1,PO06702,v144,2024-06-10,67038.26,
INV006077,INV1,po06519,V089,2023-10-30,6944.91,Cancelled
INV006078,,PO05165 ,V306,2023-12-10,46789.75,POSTED
INV006079,INV2,po06177,V186,2023-11-13,64726.18,Cancelled
INV006080,inv2,PO00587,V224,2023-08-05,4568.18,posted
INV006081, INV2,PO05317,V100,2023-10-04,76902.75,POSTED
INV006082,INV2,PO04540,,2024-07-10,60977.68,CANCELLED
INV006083,INV2,PO06572,V287,2023-06-07,36424.7,CANCELLED
INV006084,INV2,po02491,V486,2024-01-10,20216.01,CANCELLED
INV006085,inv2,PO05333,V419 ,2023-11-17,48961.86,posted
INV006086,inv2,po07797,V062 ,2023-11-23,75911.59,POSTED
INV006087, INV2,PO00603,V044,2023-12-09,15209.01,POSTED
INV006088,INV2,PO00017,V145,2024-09-28,17217.14,CANCELLED
INV006089,inv1, PO00004,V080,2024-09-26,22374.82,Cancelled
INV006090,INV1,PO01549,V251,2024-03-17,,CANCELLED
INV006091,inv1,PO04366,V287,2023-02-22,86841.52,Cancelled
INV006092,INV1 ,PO01811 ,V070,2023-07-14,66477.62,CANCELLED
INV006093,INV2,PO01162, V060,2023-04-01,25804.13,Cancelled
INV006094,inv2,po03239,V330 ,2023-03-06,26987.6,POSTED
INV006095,inv1,PO06845 , V385,2023-05-03,46371.65,posted
INV006096,,PO06824,V236,2024-09-15,45710.4,Cancelled
INV006097,INV1,PO06350,V337 ,2024-04-25,61466.44,CANCELLED
INV006098,inv2,PO06571,V067,2023-12-12,85860.81,posted
INV006099,INV1,PO01756,V278,2023-06-12,67444.94,POSTED
INV006100,inv2,PO00933,V082,2024-12-29,89846.43,POSTED
INV006101, INV1, PO02452,,2023-05-12,5868.38,posted
INV006102,INV1,PO04101, V115,2023-04-24,12020.29,posted
INV006103,INV2,PO04610,V403,2023-11-09,32428.4,
INV006104,INV2,po00434,V483,2023-07-17,80807.59,CANCELLED
INV006105,INV2,po04607,V258,2023-12-08,61906.68,CANCELLED
INV006106, INV1, PO06088,v420,2023-12-03,34605.76,POSTED
INV006107, INV2, PO05341,V474 ,2023-02-21,64687.5,CANCELLED
INV006108, INV1,PO00899, V386,2024-08-16,55137.81,CANCELLED
INV006109,INV1,po02255,V306,2024-09-27,3126.98,posted
INV006110, INV1,PO03230,v015,2024-08-27,13930.25,
INV006111,inv2, PO06740,V448,2023-10-20,48525.57,Cancelled
INV006112,inv2,PO05505 , V070,2023-03-05,41645.21,CANCELLED
INV006113,INV2, PO02346,V163,2023-11-15,6577.44,
INV006114,INV2,PO00693,V435,2024-04-22,56715.22,POSTED
INV006115, INV2,,v348,2024-08-03,39495.71,Cancelled
INV006116,INV1 ,po05055,V172,2024-10-14,7775.13,posted
INV006117, INV2,PO04617,V422,2023-10-29,21077.85,posted
INV006118,inv2,PO04898,V003,2023-10-20,82582.13,posted
INV006119,INV2,PO04165,V488 ,2024-09-22,70480.24,
INV006120, INV2,PO05986 ,V380,2024-02-16,66881.44,CANCELLED
INV006121,inv1,PO07684,V286 ,2023-10-14,10242.05,POSTED
INV006122,INV2 ,PO07383,v478,2024-01-13,93668.12,posted
INV006123,INV2,PO00807, V108,2024-01-04,3299.37,
INV006124,INV2 ,PO01404 , V457,2024-10-20,65142.21,POSTED
INV006125, INV1,PO07710, V399,2023-02-07,46901.43,POSTED
INV006126,INV1,PO03047 ,V061,2024-10-21,52999.07,posted
INV006127, INV2, PO06588,V464,2024-09-30,86145.59,
INV006128, INV1,PO07459, V281,2023-08-02,66425.62,POSTED
INV006129,INV1 ,PO06133 ,V014 ,2023-08-27,37921.66,Cancelled
INV006130,INV1,PO00847,V308,2024-08-10,65130.96,posted
INV006131,INV2 ,PO06155 ,v024,2023-05-12,75574.54,
INV006132,INV1,PO05710,V419,2024-12-11,29046.62,Cancelled
INV006133,INV1 , PO01323,V332 ,2023-10-22,68318.97,CANCELLED
INV006134,INV2,PO00814,V237,2024-12-10,67605.03,posted
INV006135,INV2,PO06030,V465,2023-12-13,84567.78,posted
INV006136,INV2,PO02998 ,V426,2024-05-24,60332.5,
INV006137, INV2,PO07285,V075,2024-06-11,51266.84,Cancelled
INV006138,INV1,PO02655,V100,2023-11-22,83991.2,POSTED
INV006139,INV2,po03908,V244,2024-10-07,50542.56,POSTED
INV006140, INV1, PO01910,V284 ,2024-08-26,60330.44,Cancelled
INV006141,inv1, PO02870,V284,2023-02-04,7650.73,
INV006142,INV1 ,PO06836,V276,2023-08-15,50566.76,
INV006143,INV1,po04203,V072,2024-11-08,9790.58,posted
INV006144,INV1,PO00055,V258,2024-06-19,83952.8,POSTED
INV006145,INV2,PO07269,V131,2024-10-25,89331.7,posted
INV006146, INV2,PO02937,V178,2024-11-11,29668.15,POSTED
INV006147,INV2 ,PO05333,V121 ,2023-12-08,52181.87,POSTED
INV006148,INV1 ,PO02862,V338 ,2024-06-27,10145.02,POSTED
INV006149,INV1,po00918,v083,2023-01-14,40083.97,CANCELLED
INV006150,INV1 ,PO04895,V213 ,2023-03-23,68097.69,posted
INV006151, INV2,PO07272 , V245,2023-01-01,77929.43,CANCELLED
INV006152,inv1,PO05526,v019,2024-06-11,33547.41,posted
INV006153,INV1,PO03768,V376 ,2024-04-01,34162.25,Cancelled
INV006154,,PO06799,V270,2024-01-07,51356.14,
INV006155, INV2,PO02142 ,V135,2023-03-24,16688.93,Cancelled
INV006156,INV2, PO01967,V152,2024-09-29,45325.23,posted
INV006157,INV2,PO04641 ,v417,2024-10-28,69554.77,posted
INV006158, INV2, PO02997,V033 ,2024-08-04,24595.32,posted
INV006159,INV2,PO04942,V263,2024-07-13,36876.63,
INV006160, INV1,po00437, V091,2023-10-02,56020.28,posted
INV006161, INV1,po03758,V349,2024-11-14,7749.39,posted
INV006162,INV1 ,PO03974,V107,2023-06-21,84799.41,
INV006163,inv2,PO07138, V337,2024-03-04,69006.14,Cancelled
INV006164,INV2,po00898,V254,2024-09-02,,POSTED
INV006165,INV1,PO04183,V304,2023-10-26,10051.4,POSTED
INV006166, INV2,PO07305,v239,2023-02-02,21359.38,CANCELLED
INV006167,INV1,PO07795,V168,2024-08-07,7353.39,
INV006168,INV1 ,PO07998,v442,2023-07-11,7364.1,CANCELLED
INV006169,INV2,PO07189,V185,2024-07-08,30526.4,
INV006170,INV2,PO06190 ,V295 ,2024-10-03,18291.52,Cancelled
INV006171,INV1,po06048,V463,2023-12-20,10680.55,
INV006172,INV1,PO04301 ,V088,2023-10-22,91137.41,CANCELLED
INV006173,INV1,PO04693,v128,2024-12-28,74832.51,POSTED
INV006174, INV2,po06751,V457 ,2023-10-04,61786.41,POSTED
INV006175,INV2 ,,V492,2023-12-15,2810.78,POSTED
INV006176,INV1,PO07664 ,V063,2024-06-30,26759.32,posted
INV006177, INV2,PO06042,V467,2024-12-31,37092.39,posted
INV006178,INV1,PO00604, V165,2024-06-22,20835.5,posted
INV006179,INV1 ,po02425,V285,2024-06-04,50600.4,POSTED
INV006180, INV1,po06358, V413,2024-02-25,15710.4,CANCELLED
INV006181,INV2 ,PO07254, V110,2023-09-04,4050.46,POSTED
INV006182, INV2,PO07546 ,V036 ,2023-09-16,45459.96,Cancelled
INV006183,INV2,PO03194, V140,2023-12-30,30417.8,
INV006184,INV1, PO02693,V373 ,2023-07-08,23128.43,Cancelled
INV006185,INV2,PO04836,V147,2024-02-16,36869.19,posted
INV006186,INV1 ,PO00267 ,V277 ,2023-12-23,85933.44,posted
INV006187,INV1 ,PO03718,V122,2024-05-29,32234.64,
INV006188,INV2 ,po02411,V033,2023-03-18,40352.02,posted
INV006189,INV2,PO03326,V307,2024-12-18,65003.09,POSTED
INV006190,INV1,po01994,V387,2023-10-26,2714.27,
INV006191,INV2,PO05830 ,V093,2023-01-24,,CANCELLED
INV006192,INV1,PO07293, V154,2024-09-06,72009.04,CANCELLED
INV006193,INV1,PO03441,V243,2024-08-24,33649.11,CANCELLED
INV006194, INV1,PO01859,V312,2024-11-26,,
INV006195,INV1, PO01877,V326 ,2024-06-03,56360.1,
INV006196, INV1,PO07815,V450,2023-06-03,75676.78,POSTED
INV006197,inv2,PO07803,V425 ,2023-04-21,18677.92,posted
INV006198,INV1 ,PO07444,,2024-05-11,94272.61,
INV006199,INV2,PO02783,V402,2024-01-18,77965.96,CANCELLED
INV006200,INV2,PO02439,V074,2023-05-06,3040.91,Cancelled
INV006201,INV1 ,PO06933,v309,2023-12-20,6432.24,posted
INV006202,inv1,PO01571 ,v440,2024-11-02,27363.05,CANCELLED
INV006203,INV1,PO05000 ,V414,2024-03-03,69062.09,POSTED
INV006204, INV1,PO06172,V485 ,2023-08-11,55310.61,posted
INV006205,INV1, PO07654,V092 ,2023-11-23,,POSTED
INV006206,inv1,PO02116, V390,2023-03-06,32140.91,Cancelled
INV006207,INV1,PO02444,V084 ,2024-01-08,73648.2,CANCELLED
INV006208,INV1,PO04455,V386,2023-09-02,54599.97,
INV006209,inv2,PO05515,,2023-03-19,55943.27,
INV006210,INV2, PO02893,V279,2023-04-13,50778.13,Cancelled
INV006211,INV2,PO06703,V387,2023-12-13,38869.31,Cancelled
INV006212,INV2,PO03342,V456,2023-12-14,81305.58,CANCELLED
INV006213,INV2,PO02719,V055,2023-12-30,68217.7,Cancelled
INV006214,INV1,PO06532,V490,2023-05-22,88966.24,posted
INV006215,INV1,po01695,V226,2024-09-25,67777.07,
INV006216,INV2, PO06085,V166,2023-05-05,7711.06,CANCELLED
INV006217, INV2,PO00365 ,V002,2023-03-17,27152.03,POSTED
INV006218,INV1,PO00046,V160,2023-09-27,,posted
INV006219,INV2,PO04003,V262,2024-09-01,26627.17,CANCELLED
INV006220,INV2,PO06421,V373,2023-11-30,50239.75,CANCELLED
INV006221,INV1,PO05156,v218,2023-05-29,14439.72,POSTED
INV006222,INV1, PO07073,v491,2024-07-09,90951.51,
INV006223,INV2,PO00301, V241,2024-03-21,11498.35,CANCELLED
INV006224,INV2, PO04804,V091,2024-07-18,86102.64,POSTED
INV006225, INV2,PO01439,V101,2024-07-16,84032.69,POSTED
INV006226,INV2,PO05810 ,V172,2023-01-18,3770.35,Cancelled
INV006227,INV1,PO07514,V122,2023-10-22,86454.64,POSTED
INV006228,inv2,PO04039,V001 ,2023-11-15,23952.7,POSTED
INV006229,INV1, PO00621,V415 ,2024-08-15,33570.66,POSTED
INV006230,INV2,PO03767 ,V176,2023-08-15,30476.46,posted
INV006231,INV1, PO00439,V449 ,2023-12-16,56484.72,
INV006232,INV1 , PO01051,V161 ,2024-12-30,30378.22,CANCELLED
INV006233,INV1,PO05276,v029,2024-12-24,5616.08,
INV006234,inv2,PO02615 ,V222,2024-11-04,50221.15,Cancelled
INV006235,INV1,PO05583 ,V110 ,2024-03-24,41341.53,Cancelled
INV006236,inv2,PO07655, V274,2024-09-22,52924.22,
INV006237,INV2,PO02221,V467,2024-07-04,47622.8,POSTED
INV006238,INV1 ,po06302,v215,2024-03-06,56161.73,POSTED
INV006239,INV1 ,PO05884,V055 ,2023-06-03,,CANCELLED
INV006240,INV2,PO07576, V141,2024-10-29,86814.53,POSTED
INV006241, INV2,PO06325,v035,2024-01-04,18083.5,
INV006242,INV1,PO03896 ,v134,2024-06-21,53325.97,
INV006243,INV1,PO04545,V061 ,2023-07-04,,posted
INV006244, INV1,PO07086,V245,2024-07-18,48248.9,
INV006245,INV2,PO04552 , V291,2023-05-11,28121.81,CANCELLED
INV006246,INV1,PO07612 ,v096,2023-07-09,51365.58,POSTED
INV006247,INV1,PO06841,v344,2023-09-22,5649.68,CANCELLED
INV006248,INV1 ,PO01256 ,V026 ,2024-09-28,9018.22,posted
INV006249, INV1,PO02985,v314,2023-06-20,81022.9,Cancelled
INV006250,inv2,po02285,V309 ,2023-03-17,48429.62,
INV006251, INV1,PO06622 ,V227,2023-01-23,81728.17,
INV006252,INV2,PO02663,V338,2023-11-20,65209.55,posted
INV006253,INV2 ,PO04699,V383,2023-04-28,17705.77,posted
INV006254,INV1 ,PO06288 ,V460 ,2024-06-26,11333.89,
INV006255,INV1,PO01476,V070 ,2023-02-23,43822.11,
INV006256,INV2,PO02266,V019,2024-06-27,38664.85,Cancelled
INV006257,INV1,PO03231,V386,2024-09-26,45663.48,Cancelled
INV006258,inv2,PO03126,V117,2024-06-05,22264.09,
INV006259,inv1,PO07425 ,V226 ,2024-03-01,22011.91,Cancelled
INV006260, INV1,PO03996,V492,2024-06-02,93820.57,POSTED
INV006261,INV1,PO03851 , V332,2024-02-15,,
INV006262,INV1,PO05017,v018,2023-03-19,34959.94,CANCELLED
INV006263,,PO02185,V248,2023-09-11,34109.52,POSTED
INV006264, INV2, PO02245,V181,2023-06-03,70278.74,CANCELLED
INV006265,INV1,PO07129 ,V194,2023-10-31,38119.65,POSTED
INV006266,INV2,PO00004,V434 ,2023-01-18,32777.85,
INV006267,INV1,PO07849 ,V385,2024-09-30,68235.49,CANCELLED
INV006268,INV2,PO04831 ,v054,2023-08-10,28825.16,
INV006269,INV2 ,PO01397,V217,2024-09-17,9210.93,Cancelled
INV006270,INV2 ,po06249,V104,2024-11-01,8259.18,CANCELLED
INV006271,INV1,PO07550,V158,2024-02-17,40680.36,Cancelled
INV006272,INV2,PO00817 ,V215,2024-11-11,76936.53,POSTED
INV006273,INV2,PO00503, V468,2024-01-30,27602.17,POSTED
INV006274,INV1,PO00702 ,V117,2023-09-22,91070.47,POSTED
INV006275,INV1,po04395,V338,2024-05-16,53590.32,POSTED
INV006276,INV2, PO07526,V447,2023-07-12,27207.7,posted
INV006277,INV1, PO03454,V271,2023-12-06,1793.12,posted
INV006278,INV1,PO07931,V344,2023-08-05,79582.06,
INV006279,INV2,PO06159,V136,2024-12-23,26222.2,POSTED
INV006280,inv2,PO07460 ,V176,2023-06-25,58240.02,Cancelled
INV006281,INV2,PO03669,V150,2024-11-19,36137.89,CANCELLED
INV006282,INV1 ,PO01722,V060,2024-08-01,58209.03,CANCELLED
INV006283,INV1 ,PO01430,V148,2023-12-29,50904.99,
INV006284,INV2,PO04713,v425,2023-12-10,67601.11,POSTED
INV006285,INV2 ,PO05421, V474,2023-09-17,83366.96,POSTED
INV006286,INV2,po03116,V296,2023-12-03,75069.31,
INV006287, INV1,PO05614,v243,2024-01-10,,posted
INV006288,inv1,PO06576,V271,2024-01-15,16776.6,
INV006289,inv2,PO00264,V393,2023-05-31,42342.34,posted
INV006290,inv1,po03041, V263,2023-10-15,6804.83,POSTED
INV006291,INV1,PO05476,V242,2023-05-22,28954.97,Cancelled
INV006292,INV1,PO01755,V461,2023-08-19,26282.53,POSTED
INV006293, INV1,po02305,V270,2023-12-16,13013.39,
INV006294, INV1,PO01790,v156,2023-04-19,66712.16,POSTED
INV006295, INV1,PO06607 ,V039,2023-04-27,76068.21,Cancelled
INV006296,INV1,PO03308 ,V047 ,2023-02-25,25807.8,CANCELLED
INV006297,inv1,PO03289 ,V310,2023-02-16,14594.88,
INV006298,INV1, PO02813,v386,2023-02-18,73680.45,CANCELLED
INV006299,INV1,PO05771 ,V225,2024-03-21,76868.61,
INV006300, INV1, PO01231, V205,2023-12-17,94586.22,posted
INV006301,INV1,PO05346,V339 ,2024-05-10,28368.37,CANCELLED
INV006302,INV2,PO06925, V048,2023-05-24,84026.66,Cancelled
INV006303, INV2,po05432,v128,2023-06-07,83410.26,POSTED
INV006304,INV2,PO00267,V004,2023-06-29,58756.48,Cancelled
INV006305, INV1,PO06257,V338,2023-03-26,33093.85,POSTED
INV006306,inv1,PO04740,V375,2024-06-29,67770.98,Cancelled
INV006307, INV1,PO06182,V431,2024-02-19,82245.3,Cancelled
INV006308, INV2, PO02769,V104,2024-07-06,87598.68,
INV006309,INV1, PO07192,V016 ,2023-07-24,54774.61,
INV006310,INV1,PO04586 ,V440,2023-07-04,50505.2,
INV006311,INV2,PO06135,V104,2023-11-01,76193.08,POSTED
INV006312,INV1,PO04039,V287 ,2024-02-28,7958.79,POSTED
INV006313, INV1,PO04572,V126,2024-03-29,53204.18,posted
INV006314, INV2,po04514,V262,2024-03-06,65754.2,posted
INV006315,INV1,PO03377,V168,2023-12-12,79298.34,POSTED
INV006316,INV2,po02039,V227,2024-05-09,48844.82,
INV006317,INV1,PO03338,V496,2024-02-09,6267.53,
INV006318,INV2,PO01492,V027 ,2023-08-12,53665.75,CANCELLED
INV006319,INV2, PO05780,V279,2024-09-03,35428.1,POSTED
INV006320,INV1,PO07784,V054,2024-11-30,64980.63,
INV006321,INV2,PO07317,V486,2023-04-17,75531.65,
INV006322,INV2,PO06195 ,V171,2023-03-17,85078.09,POSTED
INV006323,INV2,PO02420,V003 ,2024-11-27,41035.67,posted
INV006324,inv1,PO05811, V246,2024-01-22,92038.66,POSTED
INV006325,INV1,po03973,v348,2024-11-16,10252.51,CANCELLED
INV006326,INV1,PO04896,V326,2024-12-16,7845.12,posted
INV006327, INV2,PO07801,V015 ,2024-05-24,92519.28,CANCELLED
INV006328,INV2,PO07559 ,V385,2023-12-15,15114.81,Cancelled
INV006329,INV2,PO01458 ,V276 ,2024-09-25,77172.16,POSTED
INV006330,INV2, PO04108,V058,2024-05-08,87344.27,posted
INV006331,INV1,PO00427 ,V108,2024-05-15,15794.98,
INV006332,INV2,po05013,V270,2024-01-03,22985.19,Cancelled
INV006333,INV2 ,PO07256 ,V464 ,2024-11-24,22434.0,posted
INV006334,inv1,PO02725,V256,2023-11-30,41594.95,
INV006335,INV2,PO06442 ,v236,2024-07-23,80644.26,CANCELLED
INV006336,INV1,PO04471, V376,2024-07-18,35707.19,
INV006337,INV2 ,PO06118,V432,2023-11-12,44517.75,POSTED
INV006338,INV2 ,PO06261,v325,2024-03-04,32888.28,Cancelled
INV006339, INV2,PO01382 ,V433,2024-02-16,65926.81,Cancelled
INV006340,INV2,PO01658,v081,2024-09-15,63823.19,POSTED
INV006341,inv2, PO03120,V177,2023-06-07,48985.96,CANCELLED
INV006342,INV2 ,PO00857,V449,2023-02-03,31808.75,
INV006343, INV1,PO02112,V085,2023-01-25,6142.63,Cancelled
INV006344,inv1,po00433,V317,2023-11-09,19198.21,CANCELLED
INV006345,INV1,po03231,V324,2024-08-04,45960.09,posted
INV006346,inv1,PO07446,v001,2024-12-13,37441.24,POSTED
INV006347,INV2,,V496,2024-07-20,89696.91,CANCELLED
INV006348,INV1 ,PO06290 , V234,2024-08-10,40380.71,
INV006349,INV2 ,PO05404,v064,2023-01-30,82946.63,POSTED
INV006350, INV2,PO01190,V179,2024-02-25,5899.0,Cancelled
INV006351,INV1,PO03974,V233,2023-09-15,11009.99,Cancelled
INV006352,INV1,PO07031,V152,2023-09-01,21962.8,
INV006353,INV1,PO06627,V304,2023-11-14,47099.48,POSTED
INV006354,INV2,PO03647,V037,2023-05-30,26961.47,posted
INV006355,INV2,PO01697,v403,2024-01-08,60582.71,POSTED
INV006356,INV2,PO04364,V229 ,2023-07-04,94943.45,posted
INV006357,INV1,PO03945,V071,2023-07-04,44400.31,posted
INV006358, INV2,PO04308,V366,2023-06-24,53703.25,POSTED
INV006359, INV1,PO07270, V062,2024-10-17,54303.04,posted
INV006360,INV1,PO03889 ,V098 ,2024-12-27,,posted
INV006361,INV2, PO05548,V459,2024-12-03,3444.12,Cancelled
INV006362,INV1,PO00088 , V088,2023-04-30,75900.58,posted
INV006363,INV1,po07624,V410,2023-09-05,18081.67,CANCELLED
INV006364, INV2,PO01409 ,V163,2024-12-09,65530.47,posted
INV006365,inv2,PO04839,V316,2024-04-29,82216.72,posted
INV006366,inv1,po00216,V144,2023-07-16,23973.39,POSTED
INV006367,inv1,PO06724,v148,2024-07-11,18304.78,POSTED
INV006368,INV1,po02958, V191,2023-01-30,32770.52,POSTED
INV006369, INV2,PO06753,V450 ,2024-08-08,46831.45,CANCELLED
INV006370,INV2,PO01343 ,V488,2024-12-09,61544.37,Cancelled
INV006371,INV2 ,PO02608,V129,2023-09-07,54970.73,CANCELLED
INV006372,INV1,PO06634,V029,2023-10-30,64252.99,POSTED
INV006373,INV1,PO02391,V319,2024-07-19,86782.29,
INV006374,INV1,PO05274,V025,2023-03-01,34081.05,CANCELLED
INV006375,INV1 ,PO07605,V140,2023-11-14,65733.88,posted
INV006376,INV1, PO05788,V125,2023-10-11,85948.27,CANCELLED
INV006377,inv2, PO02589,V121,2024-06-07,84792.15,posted
INV006378,INV2,PO02429,v227,2024-06-29,19616.41,Cancelled
INV006379,INV1,po03248,V290,2024-11-30,69239.01,CANCELLED
INV006380, INV2,PO04895,V074,2024-06-21,87296.02,posted
INV006381,INV1, PO05757,V487,2024-04-01,89919.26,posted
INV006382,inv1,PO06466,V169,2023-06-15,15754.94,POSTED
INV006383,INV1,PO00749,V247,2023-03-22,53647.57,POSTED
INV006384,inv1,PO05548,V238 ,2023-04-13,67022.08,
INV006385,INV2,PO05880 ,v083,2023-11-05,5309.57,POSTED
INV006386,inv2, PO00066, V260,2023-12-10,91959.52,POSTED
INV006387, INV2,PO07434 ,V204,2023-03-23,61862.95,POSTED
INV006388,INV2 ,PO01890,V017,2023-01-15,81191.9,CANCELLED
INV006389,INV2,PO05871, V277,2023-03-07,10172.67,
INV006390,INV2,po05413,V366,2024-01-03,2805.03,Cancelled
INV006391,INV1, PO01876,V015,2024-10-04,68433.15,CANCELLED
INV006392,INV2,PO07576 ,V045,2024-08-19,60174.26,posted
INV006393,INV2,PO04144,v358,2023-08-20,75334.99,Cancelled
INV006394,INV2,PO01510,V354,2024-06-23,60255.92,Cancelled
INV006395,INV2,PO02028, V115,2023-02-10,39634.0,POSTED
INV006396, INV1,PO02645,V158,2024-12-16,36494.15,POSTED
INV006397,inv1,PO07531,v162,2023-08-16,46148.32,posted
INV006398, INV1,po06573,V498,2023-11-07,23057.29,posted
INV006399,INV1,po05531,V091,2023-10-01,3632.97,CANCELLED
INV006400,INV2,po05106,V232,2023-09-06,48335.12,POSTED
INV006401,INV1,PO05658 ,V046,2023-04-07,69834.0,Cancelled
INV006402,INV2,PO06528,V075,2024-05-10,36095.43,posted
INV006403,INV2,PO03299,V096,2023-01-27,51080.85,Cancelled
INV006404,INV2, PO04682,V171 ,2024-10-21,1252.0,Cancelled
INV006405,INV2 ,PO03662,V260 ,2023-11-01,82127.22,POSTED
INV006406,INV2,PO02450, V458,2023-08-11,,POSTED
INV006407,INV2,PO00093, V370,2023-01-16,55465.33,POSTED
INV006408,INV1, PO02286,V415,2023-10-20,78892.4,CANCELLED
INV006409, INV1,PO00191,V040,2024-04-12,55978.27,Cancelled
INV006410, INV2, PO00292,V316,2023-10-13,65050.46,CANCELLED
INV006411,inv2,PO02736 ,V063,2024-06-01,41442.28,CANCELLED
INV006412, INV1,PO05855,V335,2024-06-28,46669.06,Cancelled
INV006413,INV2,PO05048,v210,2023-09-26,89035.17,CANCELLED
INV006414,INV2 ,PO00637, V082,2023-05-16,18613.27,posted
INV006415,inv1,po00261,V424,2023-04-30,69204.57,
INV006416,INV1, PO02420, V076,2023-08-05,75207.02,
INV006417,INV2,PO07741,V273,2024-04-13,2312.1,POSTED
INV006418,INV1,PO01113,V336,2023-05-31,43337.47,POSTED
INV006419,INV1 , PO02614,V034,2023-12-22,87298.44,CANCELLED
INV006420,INV2, PO03859,V108,2023-06-12,93268.32,posted
INV006421,INV2,PO02165, V500,2024-04-21,30871.37,POSTED
INV006422,INV1,PO05473,V093,2024-07-04,17701.43,Cancelled
INV006423,INV1,PO02242 , V083,2024-09-01,92555.09,POSTED
INV006424,INV1,PO00502 ,V037 ,2024-03-13,39109.33,Cancelled
INV006425,INV2 , PO00233,V217,2023-12-11,80881.08,posted
INV006426, INV1,PO04371,v020,2024-04-01,59872.18,POSTED
INV006427,INV1,po05834,v032,2023-11-07,73225.41,CANCELLED
INV006428,INV2,PO00924,V091,2023-07-21,12555.95,Cancelled
INV006429,INV1,PO02043 ,V297,2023-09-24,9116.38,CANCELLED
INV006430,INV2, PO00290,V245 ,2023-02-05,16525.11,
INV006431,INV2,po00430,V240,2023-10-14,926.39,
INV006432,INV2 ,PO02991,V251 ,2023-11-04,81983.2,POSTED
INV006433,INV2 ,PO01874,V228,2023-05-09,56280.72,posted
INV006434,INV2,PO07369,V190 ,2024-07-27,,
INV006435,INV1,PO00406,V248,2024-07-16,10669.07,posted
INV006436,INV2,PO05946,V161,2024-08-01,1598.05,
INV006437,INV2,PO01618,V378,2024-02-19,69278.47,
INV006438, INV2, PO00267, V228,2024-10-01,27143.63,
INV006439, INV2,po02491,v034,2023-06-01,35474.59,CANCELLED
INV006440,INV1,PO02580,,2024-01-06,68647.98,
INV006441,INV2 ,PO01481,V156,2024-04-29,70696.35,CANCELLED
INV006442,inv1, PO07404,V108,2024-02-24,69646.51,POSTED
INV006443,inv2,po07867,V041 ,2024-02-25,70888.38,POSTED
INV006444,INV1,PO07221,V076 ,2024-08-01,5138.05,Cancelled
INV006445,INV2,PO06089,V192,2024-02-07,61670.39,CANCELLED
INV006446,INV2,PO06245, V023,2024-12-25,,POSTED
INV006447,inv2,po02359, V174,2024-11-11,74540.63,
INV006448,inv2,PO05732,V241,2024-04-15,73579.49,
INV006449,INV1 ,PO01386,V276,2024-04-07,70879.92,Cancelled
INV006450,INV1, PO05737,V326,2024-04-21,36198.61,CANCELLED
INV006451,INV1,PO07640, V459,2023-09-03,8345.36,
INV006452,INV1,PO07424,v366,2023-05-28,79140.9,Cancelled
INV006453,inv2, PO02873,V367,2024-06-21,71120.4,Cancelled
INV006454,INV2,PO04048,V067,2023-03-09,75292.57,CANCELLED
INV006455, INV1,PO03039 , V128,2023-07-01,1566.24,CANCELLED
INV006456,INV1,po03926,v472,2024-09-20,63810.34,Cancelled
INV006457,INV2,PO00731,V160,2024-01-23,27449.3,
INV006458,inv2,po03332,V258,2024-03-19,85852.01,
INV006459, INV1,po03418,V093,2024-10-12,17900.72,posted
INV006460,INV2,po05733, V378,2024-05-13,,Cancelled
INV006461, INV1, PO03513,v469,2024-11-27,81720.77,POSTED
INV006462,INV2,PO03210,V104 ,2023-01-28,54563.53,posted
INV006463,INV1,po03362,V168,2024-01-22,76627.9,POSTED
INV006464,INV2,PO00199,V187,2023-02-23,13790.88,POSTED
INV006465,INV1,PO07809, V211,2023-01-30,7095.05,posted
INV006466,INV1,PO07698 ,V352,2023-06-16,7435.14,posted
INV006467,INV2, PO00285,V044,2023-02-18,63119.22,CANCELLED
INV006468,INV1,PO02891,V256,2023-06-03,37281.44,
INV006469,inv2,po02447,V126,2023-11-19,,Cancelled
INV006470, INV1,PO04178,V103,2023-11-07,45124.49,
INV006471,INV2,PO04852,V105 ,2023-06-11,90720.7,Cancelled
INV006472,,PO05268,V164 ,2024-05-12,10218.7,Cancelled
INV006473,INV1,PO00818,V416,2024-07-09,94931.72,Cancelled
INV006474,INV2,PO02413 ,V179 ,2024-06-05,,
INV006475,INV2,po04205,v021,2023-01-25,54979.35,CANCELLED
INV006476, INV2,po02174,V475,2023-06-23,66072.3,POSTED
INV006477,INV1,PO02239 ,v040,2023-08-31,,Cancelled
INV006478,INV1 ,PO05928, V194,2024-05-19,78001.82,Cancelled
INV006479,INV1, PO02270,v171,2024-06-28,86775.49,Cancelled
INV006480,INV1,PO00632,V466,2023-06-08,12938.94,POSTED
INV006481, INV1, PO03108,V009,2024-05-06,2721.93,CANCELLED
INV006482,INV1 ,PO03969, V132,2023-07-24,18299.21,POSTED
INV006483,inv2,PO01289,V201,2024-10-15,6950.39,Cancelled
INV006484,INV2,PO01140,v200,2024-09-26,69355.83,CANCELLED
INV006485,INV1,PO03770,V220,2024-10-02,68566.41,posted
INV006486,INV2,PO07776 ,V318,2024-09-18,70761.06,posted
INV006487,INV2, PO06898,V340,2023-08-24,48098.37,POSTED
INV006488,INV2,PO00619,V100,2024-06-26,79425.74,Cancelled
INV006489,INV2,po01479, V144,2023-02-08,94876.65,POSTED
INV006490,inv1,PO07434, V483,2023-05-21,16949.6,CANCELLED
INV006491, INV1,PO00036,V262,2024-03-02,,
INV006492, INV1,PO07550 , V471,2023-10-02,91467.7,CANCELLED
INV006493,INV1,PO06757, V203,2023-05-31,19721.67,
INV006494,INV1,PO01230,v257,2024-04-25,36083.29,Cancelled
INV006495,INV1,PO04782,V404,2024-01-15,88843.81,POSTED
INV006496, INV2, PO05879,V472,2024-11-24,63135.56,CANCELLED
INV006497,INV2,PO04525,V485,2023-03-17,48298.67,
INV006498,inv1,PO02256,v376,2023-08-07,36327.66,Cancelled
INV006499,inv2,po05297,V257,2023-10-22,52867.34,Cancelled
INV006500,inv1,PO06994,V121,2023-08-18,91205.38,POSTED
INV006501,INV2 ,PO00731,V221,2023-01-21,8173.22,
INV006502, INV1,PO04940,V019,2024-09-26,4931.21,Cancelled
INV006503, INV2,PO04262, V375,2024-10-26,10240.53,posted
INV006504,INV1,po00379,V346,2024-07-12,31002.45,posted
INV006505,INV2,po05112, V191,2024-06-11,48225.39,posted
INV006506,inv2,PO01461,V231,2023-04-09,18300.04,
INV006507,INV1 , PO00043,v333,2023-10-10,81795.35,
INV006508,INV2,PO07932,V450 ,2024-10-02,23353.92,POSTED
INV006509,INV1,po00331,V356,2023-07-08,12659.55,
INV006510,INV2,PO04316,V231,2024-11-16,35893.06,Cancelled
INV006511, INV1,PO00705,V176,2024-07-06,71030.78,POSTED
INV006512, INV1,PO04141,V161,2023-10-18,40354.86,posted
INV006513,INV1,PO07718,V496,2024-06-09,8938.36,posted
INV006514,INV2,po05374,v479,2024-06-23,3083.17,POSTED
INV006515,INV1,po04642,v395,2023-08-24,83762.85,Cancelled
INV006516,INV2 ,PO05479,V375,2024-05-15,56461.66,
INV006517,inv2,PO04275,V171,2023-09-23,25126.52,posted
INV006518, INV1,PO01374,V368,2023-09-25,27118.0,posted
INV006519,INV1,PO03593, V387,2024-02-20,,
INV006520,INV1,PO00994,,2023-10-02,67587.42,posted
INV006521,INV2 ,PO01912,v460,2024-01-04,77315.5,
INV006522,INV1,po05015,V085 ,2023-08-04,88287.4,posted
INV006523, INV2, PO06419,V033,2024-10-31,19551.58,Cancelled
INV006524,INV2 , PO02373, V308,2023-07-22,71431.65,Cancelled
INV006525,INV2,PO02058 ,v262,2024-12-12,22787.03,posted
INV006526, INV2,PO05958 ,V269,2024-10-26,37935.72,posted
INV006527,INV1,PO00045,v166,2023-06-15,49041.76,posted
INV006528,INV1,PO01098,v286,2023-09-29,57841.24,POSTED
INV006529,INV1,PO01196,V468,2024-07-12,69297.27,POSTED
INV006530,inv1,po01045,V028,2024-06-03,55412.17,posted
INV006531,inv2,PO03487,v436,2023-11-26,76421.12,posted
INV006532,inv1,PO02872,V497,2023-02-27,6394.95,CANCELLED
INV006533,INV1,PO02731,V054,2023-01-16,13519.62,CANCELLED
INV006534,INV1,po07714, V024,2023-08-19,73504.58,POSTED
INV006535,INV2, PO00925,V059,2024-12-31,71763.03,
INV006536,inv2,PO03042 ,V137,2023-04-16,48865.81,CANCELLED
INV006537,INV2, PO07690, V175,2023-04-23,52062.99,Cancelled
INV006538,INV2,po06777,V292,2023-07-26,37101.35,posted
INV006539,INV1,po00642,V460,2023-01-29,72594.79,
INV006540,INV1,PO03978,V207,2023-06-07,5854.54,posted
INV006541,INV2,PO01228,V003 ,2024-04-07,75745.1,Cancelled
INV006542,INV1,PO05762,V333,2024-09-22,7796.66,Cancelled
INV006543,INV1 ,PO01554,V010,2023-03-13,69174.39,Cancelled
INV006544,INV1,PO06950, V181,2023-06-23,39164.49,posted
INV006545,INV2,PO03412,V252,2023-10-07,18655.19,
INV006546,INV1,po00983,V433,2024-10-11,94235.12,Cancelled
INV006547,inv1,PO01906 ,V012 ,2024-01-01,45731.83,Cancelled
INV006548,INV1,PO02848 ,V436 ,2024-08-10,18603.68,posted
INV006549,INV1, PO02901,V053,2024-07-09,12211.44,CANCELLED
INV006550,INV2,PO05156,v372,2023-11-07,9478.05,CANCELLED
INV006551, INV2,PO00889, V476,2023-03-18,22848.58,POSTED
INV006552,INV2,PO06327,V447,2023-05-05,64172.41,CANCELLED
INV006553,inv1, PO04812,V221,2024-11-22,9252.69,Cancelled
INV006554,inv2,PO06121 ,V374,2023-12-07,93179.19,CANCELLED
INV006555,INV1 , PO01281,v335,2023-10-26,43263.75,CANCELLED
INV006556,INV2,PO02567,V205,2023-10-01,55660.92,POSTED
INV006557,INV1 ,PO07068,V292,2023-09-25,68913.87,posted
INV006558,INV1,PO04331,V149 ,2023-09-18,49475.08,POSTED
INV006559,INV2 ,PO00574,V213 ,2023-04-17,10015.0,
INV006560,INV2,PO02312, V260,2023-02-05,1145.37,Cancelled
INV006561,INV2,PO05507,V089,2023-10-05,20099.85,CANCELLED
INV006562,INV1, PO00695,V417,2023-12-05,70469.23,posted
INV006563,INV1,PO04495 ,V024,2023-09-22,84474.77,
INV006564,INV1 ,po01448,V270,2023-08-31,77405.61,POSTED
INV006565,INV2,PO06458 ,v166,2023-10-17,46952.85,posted
INV006566,INV1,PO04354, V302,2024-07-02,19940.78,CANCELLED
INV006567,INV2,PO06122 ,V029,2024-10-19,1507.76,POSTED
INV006568,inv1,PO05828 ,v231,2023-09-05,54893.09,CANCELLED
INV006569,INV2, PO03346,V167,2023-12-07,49607.13,posted
INV006570,INV2 ,po01145,V165,2024-11-23,13710.88,CANCELLED
INV006571, INV2,po06139,v310,2024-02-01,61733.92,POSTED
INV006572,INV1,po00401,V166,2023-01-23,34365.02,Cancelled
INV006573, INV1,PO01805,V038,2024-03-31,73971.59,posted
INV006574,inv2,PO00987 , V119,2023-04-14,57477.13,
INV006575,INV2,po04832,V331 ,2023-11-05,33248.11,
INV006576, INV1, PO01726,v253,2024-10-05,,POSTED
INV006577,INV2,PO02396,V390,2023-05-30,87910.68,posted
INV006578,INV2 ,,v432,2023-01-25,20887.59,Cancelled
INV006579,INV1,PO02764,V450,2024-07-10,39427.7,
INV006580,INV1 ,PO05477,V370 ,2023-05-10,20242.79,
INV006581,INV2 , PO07970, V272,2024-08-31,6591.41,CANCELLED
INV006582,INV2,po06711,V456,2024-11-19,59718.7,Cancelled
INV006583,INV2,PO05750 ,V276 ,2023-05-06,37518.24,posted
INV006584,INV1,PO01388,V181 ,2024-08-16,66113.67,posted
INV006585,INV1,PO01388 ,V049,2023-01-15,91171.26,posted
INV006586,inv1,PO05166,V408,2024-03-09,17842.54,POSTED
INV006587, INV2,PO07223,V306,2023-09-25,25630.68,posted
INV006588,INV1,PO04522,V396 ,2024-02-14,93179.4,Cancelled
INV006589, INV1,PO04858,V318,2024-05-10,56221.81,Cancelled
INV006590, INV2,PO04427,V161 ,2024-01-14,85069.62,
INV006591,inv2,PO05239,V243 ,2023-09-09,31965.83,Cancelled
INV006592,INV1 ,PO06251,V021,2024-06-07,5160.76,posted
INV006593,INV2,PO07843,V042 ,2024-12-17,24971.46,POSTED
INV006594, INV1,PO02844,V309,2024-10-12,88126.03,CANCELLED
INV006595,inv2,PO06990,V205,2023-01-28,89864.91,Cancelled
INV006596,INV2,PO05685,V334 ,2024-09-01,28989.15,POSTED
INV006597,inv2,PO00714, V413,2023-12-04,88849.68,Cancelled
INV006598, INV1,PO00271, V462,2024-01-22,32242.67,Cancelled
INV006599,INV1,PO02216 ,V019,2024-11-18,3943.55,POSTED
INV006600,INV2,PO04036,V481,2023-01-20,21868.33,
INV006601,INV2,po07509,V099,2023-08-08,1153.41,
INV006602,INV1,PO03434,V393,2024-08-19,26416.15,CANCELLED
INV006603,INV2,PO06123,V258,2024-05-15,82003.01,Cancelled
INV006604, INV1,PO05320,V385,2024-07-04,18620.5,
INV006605,,po02382,v273,2023-08-09,89096.35,CANCELLED
INV006606,INV1,PO05772,V368,2023-09-04,16092.39,Cancelled
INV006607,INV2 ,po06472,V369,2023-12-15,33705.46,POSTED
INV006608,INV2, PO04919,V367,2024-10-04,30226.01,CANCELLED
INV006609, INV1,po06146,v097,2023-07-22,55733.95,
INV006610,INV2,PO01080,V469 ,2023-08-12,9892.75,POSTED
INV006611,INV2,PO07891,V066,2024-12-30,70691.28,Cancelled
INV006612,INV2, PO05920,V457,2024-02-11,50591.21,
INV006613,INV1,PO03760,V315 ,2023-05-07,88839.21,posted
INV006614,INV2,PO01383, V092,2023-01-30,59026.35,posted
INV006615, INV1,PO00519,V282,2023-11-13,32461.58,
INV006616,INV2 ,PO00618 ,V324,2023-10-30,13353.5,posted
INV006617,INV1,PO04291,V162,2023-08-23,16175.97,
INV006618,inv2,PO05124,v069,2024-05-18,78910.0,posted
INV006619, INV1,PO07354,V021,2023-05-10,27558.46,
INV006620,INV1, PO01474,V467 ,2023-11-27,83495.81,posted
INV006621,INV2,PO07396,V116,2023-01-09,92068.01,Cancelled
INV006622,INV2, PO04346,V178,2023-02-15,,Cancelled
INV006623,INV1, PO07023,v469,2024-11-14,82026.92,Cancelled
INV006624,inv2,PO05209,V426,2023-02-16,47324.2,Cancelled
INV006625,INV1, PO02894,V185 ,2023-07-04,46541.5,CANCELLED
INV006626,INV2,PO03859,V346,2024-10-29,92511.54,CANCELLED
INV006627,INV2,PO05024,V001,2024-03-24,54015.76,CANCELLED
INV006628,inv1,po06685,V150,2024-10-30,36870.35,
INV006629,INV1,PO02986,V324 ,2023-10-10,55744.27,Cancelled
INV006630, INV1,PO04465, V089,2024-04-11,23848.12,posted
INV006631, INV2,PO02105 ,V472,2023-06-27,85937.84,POSTED
INV006632,INV1,PO04967,v377,2024-11-01,54286.28,
INV006633,inv2,PO04250 ,V274,2023-06-14,83589.88,POSTED
INV006634,INV2,PO06228,V154,2023-09-30,45064.05,CANCELLED
INV006635,INV2,PO03757,V279 ,2024-06-27,67917.2,
INV006636,inv2,PO05505, V015,2024-04-07,36064.73,Cancelled
INV006637,INV1, PO05322,V413,2023-06-06,56272.33,POSTED
INV006638,INV2 ,po06473,v472,2024-03-28,2848.89,POSTED
INV006639,INV2,PO03763,V420 ,2023-02-15,13598.31,CANCELLED
INV006640,INV2, PO05323,v278,2024-12-05,40603.34,Cancelled
INV006641,INV2 ,PO00560 ,V382 ,2024-09-03,49246.79,CANCELLED
INV006642,inv2,PO07891,V473,2023-10-26,78928.46,Cancelled
INV006643,INV1,PO03685 ,V118 ,2024-06-07,93856.3,
INV006644,INV1,PO00003,V230,2024-04-06,71102.95,
INV006645,INV2,PO02356,V457,2024-04-23,685.36,
INV006646,INV2,PO06944 ,V374,2023-03-18,87570.47,posted
INV006647, INV2,PO00719, V251,2024-09-25,46358.36,
INV006648,INV2,PO07307,V089,2024-03-25,38325.68,
INV006649,INV2, PO07431, V206,2023-08-23,76787.19,POSTED
INV006650,INV1,PO00076,V403,2024-09-20,58930.56,posted
INV006651,INV2 ,PO07878,V173,2023-09-06,48146.7,Cancelled
INV006652,INV1,PO06926,v239,2023-06-08,61382.98,Cancelled
INV006653,INV2,PO00954,v245,2024-03-12,93824.76,CANCELLED
INV006654,inv2,PO06203, V392,2024-01-16,14956.15,POSTED
INV006655,INV1,PO00479,V331,2023-12-22,56707.95,Cancelled
INV006656,INV2,PO00475,V093,2024-12-25,28150.02,CANCELLED
INV006657,inv1,PO01347,V358,2024-03-01,56637.08,CANCELLED
INV006658,INV2, PO00021, V063,2023-10-16,28518.86,
INV006659,INV1,PO06648,V024,2023-10-01,64344.44,
INV006660,INV1,po07287,V325 ,2024-02-08,3599.4,CANCELLED
INV006661,INV2,po01191,V085,2023-09-10,899.61,POSTED
INV006662, INV1,PO02670,V076,2024-03-23,85292.5,posted
INV006663,INV2,PO04227,V309,2024-09-18,67316.49,Cancelled
INV006664,INV2 ,PO02225,V406,2024-01-17,2530.06,POSTED
INV006665,INV1,PO00491 ,v490,2024-12-05,55350.85,Cancelled
INV006666,inv1, PO01662, V083,2023-09-19,19461.71,CANCELLED
INV006667,INV2, PO00158, V262,2023-03-31,57012.62,POSTED
INV006668, INV2,po01328,V108 ,2024-12-20,20656.27,CANCELLED
INV006669,INV2, PO07124,v111,2023-06-09,40717.23,Cancelled
INV006670, INV1,PO03975, V098,2024-05-22,20678.59,Cancelled
INV006671, INV2, PO04080,V206,2024-01-21,61274.81,
INV006672,INV2,PO07828,V435 ,2023-07-31,47667.34,
INV006673, INV2,PO03132 ,V231,2023-10-15,5086.52,POSTED
INV006674,INV2, PO01059,v122,2024-06-02,72300.14,POSTED
INV006675,INV2,PO07555,V281,2023-11-29,94362.35,Cancelled
INV006676,INV2,PO07069,V406,2023-04-18,64344.3,CANCELLED
INV006677,INV1,PO04989,V195,2023-05-05,62914.44,Cancelled
INV006678,INV2,PO07010,V334,2024-10-31,93871.91,
INV006679,INV2,PO01507,V189,2024-03-14,58890.17,Cancelled
INV006680,INV2,PO03144,V436,2023-10-26,,
INV006681,inv1, PO04081,v320,2023-09-16,92136.14,
INV006682,INV1 ,po04300,V468,2024-06-21,80661.46,Cancelled
INV006683,INV1,PO04840,v100,2023-04-16,6725.29,
INV006684,INV2, PO01674,v267,2023-01-27,15613.34,POSTED
INV006685,INV2 ,PO06269,V411 ,2024-04-09,81542.05,POSTED
INV006686,INV1,PO01574, V288,2024-12-30,94429.88,
INV006687,inv2,PO07251 ,V141,2023-06-16,81772.85,Cancelled
INV006688,INV2,PO06580, V235,2024-07-26,66263.61,CANCELLED
INV006689,inv1,PO01653, V196,2023-11-03,54696.94,Cancelled
INV006690,INV2,PO02894,V266,2023-08-10,85159.65,posted
INV006691,inv1,PO02300,V258,2023-06-24,76338.68,Cancelled
INV006692,inv2,po00590,V005,2023-11-20,68366.5,
INV006693, INV2,PO00211 ,V193,2024-12-22,49858.1,POSTED
INV006694,inv1,PO04858,V207,2023-11-06,9126.6,posted
INV006695,INV1,PO03220 ,V241 ,2023-02-12,7617.04,POSTED
INV006696, INV2,PO03188 , V338,2023-03-26,25169.74,
INV006697,INV2 ,PO05810,V076,2023-06-26,72192.76,Cancelled
INV006698,INV1,po02206,V357 ,2023-10-26,88073.7,
INV006699,INV1 , PO02851,v006,2023-05-11,52701.04,
INV006700,INV2,PO06203, V171,2023-11-05,23292.06,
INV006701, INV1,PO05164, V186,2024-03-22,41002.21,
INV006702,INV1,PO04673,V214,2023-11-12,11112.79,POSTED
INV006703,INV2,po05111, V271,2023-05-23,8919.4,CANCELLED
INV006704,INV2,PO01245,V389 ,2023-10-01,56149.83,CANCELLED
INV006705,inv1, PO05025,v420,2023-01-24,38056.5,CANCELLED
INV006706, INV2,PO06481,V226,2023-06-27,35210.79,posted
INV006707,INV2,PO06186,V174,2024-10-08,,Cancelled
INV006708,inv1,PO00193,,2023-12-18,503.87,Cancelled
INV006709, INV1,PO06893, V345,2024-10-11,62863.5,posted
INV006710,INV1,po07311,v112,2023-06-08,15629.61,Cancelled
INV006711,INV2, PO07524,V084 ,2024-05-16,15364.82,CANCELLED
INV006712, INV1, PO06263, V303,2024-11-26,20417.26,POSTED
INV006713,INV2,PO04231 ,v287,2024-10-27,57107.54,Cancelled
INV006714,INV1,PO04044,V234,2024-05-06,74799.2,POSTED
INV006715, INV2, PO03210,V258,2024-10-01,78132.13,Cancelled
INV006716,INV2,PO02705,V195,2024-06-01,81391.89,posted
INV006717,INV2,PO01826,V268,2024-12-01,27124.73,Cancelled
INV006718,INV2,PO05854,V488,2024-03-31,43177.37,Cancelled
INV006719,INV1 ,po05482, V289,2024-01-31,90448.82,posted
INV006720,INV2, PO02292,V210,2024-05-02,54930.93,POSTED
INV006721,inv2, PO05660,V291,2024-09-14,94438.77,
INV006722,INV1,PO04502,V301,2024-02-22,54592.21,POSTED
INV006723, INV1,PO03314,V367,2024-04-14,57512.18,CANCELLED
INV006724,INV1 ,PO03653,V414,2023-10-04,61388.5,CANCELLED
INV006725,INV2,PO03365,V386,2024-05-13,44593.96,Cancelled
INV006726,INV1,po03716,v442,2024-11-25,75005.2,Cancelled
INV006727,INV1 ,PO01241,V498,2024-03-10,50463.12,Cancelled
INV006728,INV1,PO03059 , V069,2024-09-29,16948.36,Cancelled
INV006729,INV1,PO03767,V363,2023-01-12,61729.52,POSTED
INV006730,INV1,PO01208,V424,2024-03-18,51221.03,
INV006731,INV2, PO02623, V007,2023-03-15,81119.05,CANCELLED
INV006732,INV2 , PO02109,V301,2023-06-12,40845.89,Cancelled
INV006733, INV2,PO04346,V003 ,2024-04-13,36840.08,POSTED
INV006734,INV2,PO04791,V139,2024-09-29,15109.34,POSTED
INV006735, INV1,PO01257,V211,2024-11-10,90048.6,POSTED
INV006736,INV1,PO02009, V410,2024-10-21,62570.65,posted
INV006737,INV2, PO06153,V041 ,2023-02-11,63001.81,posted
INV006738,INV1,PO03292 ,V244 ,2024-12-14,33290.47,Cancelled
INV006739,INV1,po02425,V137,2024-10-13,56752.33,CANCELLED
INV006740,INV1,PO04344, V376,2024-12-02,3494.12,CANCELLED
INV006741,inv1,PO04028, V067,2023-11-03,41716.09,POSTED
INV006742,inv2, PO01313,V489 ,2024-11-02,73006.94,posted
INV006743,,PO07712 ,V105,2023-10-23,74263.47,CANCELLED
INV006744,INV1, PO04332,V455,2024-12-08,36756.73,CANCELLED
INV006745,INV1,po07739,V280,2023-02-02,76867.5,posted
INV006746,INV2,PO03846 ,v177,2024-08-26,5159.86,POSTED
INV006747,INV2, PO05827, V214,2023-09-17,46536.73,posted
INV006748,INV1,po01860,V344,2023-11-24,50077.92,POSTED
INV006749,INV2 ,PO01217 ,V025,2024-07-15,35880.17,
INV006750, INV1, PO01101,V469 ,2024-03-07,64493.98,
INV006751,inv1,PO02181,V480,2023-08-28,62682.06,POSTED
INV006752,INV1,PO07074,V471,2023-01-03,19850.83,POSTED
INV006753,INV2,PO04802,V381,2024-10-16,93061.22,posted
INV006754,INV1, PO02245,V382,2024-10-12,28709.12,POSTED
INV006755,INV2,PO02416 ,V258,2024-06-08,55220.09,
INV006756,INV1,PO03312,V255,2024-03-28,93598.31,posted
INV006757,INV1 ,PO07514 ,v007,2023-06-10,82410.85,POSTED
INV006758,INV1 ,PO01809,v456,2023-07-08,17901.23,posted
INV006759,INV2 ,PO06259,V191,2023-08-25,42921.86,CANCELLED
INV006760,INV1,,v315,2023-09-03,74977.48,POSTED
INV006761,INV1,PO04327,V498,2024-10-02,84582.88,Cancelled
INV006762,INV2,PO01539,V345,2024-07-07,52665.44,CANCELLED
INV006763,INV2,PO06618,V228,2024-05-20,7215.44,posted
INV006764,INV2,PO06641 ,V286,2023-05-30,30285.18,POSTED
INV006765,INV2 ,PO02157,,2024-04-19,71840.51,posted
INV006766,INV2 ,PO03560 ,v464,2024-12-03,44767.68,posted
INV006767,inv1, PO07955,v060,2024-11-27,62348.57,POSTED
INV006768,INV1,PO00325,V249,2024-01-31,45358.69,Cancelled
INV006769,INV2,PO06647 ,v163,2024-07-25,68575.31,POSTED
INV006770,INV1 ,po00284,V229 ,2024-09-13,12798.98,
INV006771,inv2,PO00129 ,V080,2024-11-14,7167.57,POSTED
INV006772,INV1 ,po07164,v215,2023-08-22,26631.81,POSTED
INV006773, INV1,PO01725,v345,2024-11-17,42093.41,CANCELLED
INV006774,INV2 ,PO04678,V479,2023-11-19,33129.52,CANCELLED
INV006775,INV1,PO01081 ,v286,2023-09-21,8195.87,CANCELLED
INV006776,INV2 ,PO00990 ,V334,2024-04-23,32436.81,POSTED
INV006777,INV2,PO04151,V355,2024-01-09,47866.2,POSTED
INV006778,INV2 ,PO04282,V108 ,2024-12-14,87669.35,posted
INV006779,INV1, PO03819,V457,2023-12-05,36653.99,
INV006780, INV1,PO00432 ,V399 ,2024-05-17,4116.14,Cancelled
INV006781, INV1, PO04652,V295,2024-01-08,49972.36,POSTED
INV006782, INV2,PO05150,V486,2024-05-25,6228.71,Cancelled
INV006783,INV1,PO04869,V300,2024-04-18,21876.17,CANCELLED
INV006784,inv1,PO03609,v233,2024-01-11,86283.78,posted
INV006785,INV1,po05022,V095,2024-07-08,45491.43,
INV006786, INV1,po03112,v199,2024-04-27,27083.49,Cancelled
INV006787,INV1, PO07192,V266,2024-03-08,38074.0,Cancelled
INV006788,INV1,PO03483 ,V350,2023-09-17,2883.34,CANCELLED
INV006789,INV1 ,PO06662,V468,2023-01-03,92961.02,CANCELLED
INV006790,inv2,PO03202,V347,2024-01-29,8793.44,Cancelled
INV006791,INV1 ,PO05849,V011,2024-11-15,79042.27,
INV006792,INV1,PO02692,V385,2024-06-11,20991.75,
INV006793,INV1, PO07224,V364,2024-06-27,37931.86,Cancelled
INV006794,INV1,PO05572 ,V106,2024-09-05,79984.8,POSTED
INV006795,INV1,PO05272 ,V138 ,2024-08-18,91025.21,posted
INV006796,INV1,PO03252,V475 ,2024-12-23,62093.27,CANCELLED
INV006797,inv2, PO05538,V174 ,2023-07-02,81477.86,Cancelled
INV006798,INV1,po00021,V316,2023-01-10,57206.83,
INV006799,INV1,PO02027,V425,2024-03-16,89207.59,
INV006800,INV2,PO05401, V092,2024-08-24,3487.26,Cancelled
INV006801, INV1,PO07060,V120,2023-04-11,32910.08,POSTED
INV006802, INV1,PO03603, V154,2023-04-02,82015.15,CANCELLED
INV006803,INV1,po01267,V433,2023-03-12,94342.71,
INV006804,INV2,PO00137,V488,2024-12-19,36702.95,posted
INV006805,INV2,PO01408,V444,2024-11-23,75695.1,POSTED
INV006806,INV1 , PO03746,V459 ,2023-06-16,38026.36,CANCELLED
INV006807,INV2 ,PO07255,V295,2024-08-22,10490.67,posted
INV006808,inv2,PO02047,V267,2023-10-22,74499.95,POSTED
INV006809,INV2,po00173,V360 ,2024-12-31,38242.96,POSTED
INV006810,INV1,PO03501 ,V273,2023-02-16,75467.39,Cancelled
INV006811,INV1,po04989,V038,2023-09-10,8110.08,
INV006812,INV2 ,PO06521,V140,2024-09-19,36905.78,
INV006813, INV1,PO07605,V410,2024-08-25,23993.95,CANCELLED
INV006814,INV1,PO00167,V430 ,2023-03-19,19123.33,POSTED
INV006815,INV2, PO04624,V033,2024-08-06,46310.03,Cancelled
INV006816, INV1,PO07448, V419,2024-11-02,54537.68,Cancelled
INV006817,INV1,PO04541,V127 ,2024-07-29,38805.86,CANCELLED
INV006818, INV1,po02313,V423,2024-10-14,46635.19,POSTED
INV006819,INV1,PO01677,v132,2023-03-15,80656.98,
INV006820,INV1,PO06592 ,v106,2023-10-22,83792.39,Cancelled
INV006821,INV1,po02027,V345 ,2024-10-29,8197.94,CANCELLED
INV006822,INV1,PO03573,v457,2024-08-09,94975.8,POSTED
INV006823,INV2,PO03874,V423,2024-07-04,36295.95,CANCELLED
INV006824,INV2,PO03974 ,V145,2023-06-10,46836.01,POSTED
INV006825,inv2,PO07533 ,V496,2024-10-31,51036.04,
INV006826, INV1,PO06442,v187,2023-04-12,44578.96,CANCELLED
INV006827,INV2,PO03740,V143 ,2024-03-20,45595.75,POSTED
INV006828,INV1, PO05218, V225,2023-05-15,46460.97,POSTED
INV006829,INV2,PO02092,v162,2023-10-12,21438.61,CANCELLED
INV006830,INV1,PO02057 ,V326,2024-06-09,7246.2,POSTED
INV006831,inv1,PO03823,v091,2023-05-15,35696.63,Cancelled
INV006832,INV2,PO06698 , V399,2023-12-13,77688.09,POSTED
INV006833,INV1, PO02316,V224,2023-11-01,64174.03,posted
INV006834,INV1,PO04403,V409,2023-06-23,23775.69,POSTED
INV006835,INV2,po04426,V027,2023-11-26,70147.16,CANCELLED
INV006836, INV2, PO06684, V451,2023-09-19,11761.77,CANCELLED
INV006837,inv1,PO03996,V397,2023-02-10,62813.21,
INV006838,INV1, PO03423,V274,2024-06-05,71051.64,posted
INV006839,INV2,PO01337,V377,2024-11-03,12342.41,Cancelled
INV006840,INV2,po01067,V136 ,2024-02-24,60574.49,posted
INV006841,INV2, PO07042,V142,2024-04-07,58940.92,posted
INV006842,INV2 ,PO04526,V251,2024-10-30,22562.45,posted
INV006843,inv2,PO06917,v096,2024-05-01,68078.33,
INV006844,inv2, PO02269,v155,2023-11-21,93147.93,Cancelled
INV006845,INV2,PO02422,V191,2024-02-28,52326.77,CANCELLED
INV006846,INV1,PO02024,V074,2024-02-19,59747.04,
INV006847,inv1,PO01633,V392,2024-05-20,19220.98,POSTED
INV006848,INV1,po04576,V421,2024-11-11,74353.58,posted
INV006849,inv1,, V477,2023-01-15,77533.46,Cancelled
INV006850,INV1, PO01320, V097,2024-05-23,36658.08,
INV006851,INV2 ,po00553,V310,2023-07-27,,CANCELLED
INV006852,INV1,po05068,V218,2024-08-25,9408.4,Cancelled
INV006853,inv2, PO04171,V383,2023-07-20,59523.95,Cancelled
INV006854,INV1 ,PO01950,V321,2023-04-06,55041.72,
INV006855,INV2,po01746, V073,2023-09-29,69914.54,posted
INV006856,INV1,po03698,V379,2024-09-08,60229.15,
INV006857,INV1, PO07122,V491,2023-05-21,2400.49,
INV006858, INV2,PO00358,V104,2023-10-30,7764.58,posted
INV006859,INV2 , PO05009,V407,2023-05-08,63464.79,posted
INV006860,INV2,PO02550,V008,2024-09-12,86655.44,
INV006861,inv1,PO05603,V013 ,2023-07-23,45876.0,Cancelled
INV006862, INV1,PO05613,V181,2024-03-29,94169.46,posted
INV006863,inv1,PO02113 ,V490,2023-01-24,36077.75,Cancelled
INV006864,INV1,PO06679,V162,2024-11-20,,posted
INV006865,INV2,PO01854,V120,2024-08-13,3693.52,
INV006866,INV2,PO04219,v219,2024-08-24,91328.1,
INV006867,INV2, PO07442,v355,2024-09-20,28408.01,POSTED
INV006868,INV2 ,po01071,V264,2023-07-15,2426.25,
INV006869,INV2 ,PO01267,v012,2023-05-23,37233.5,Cancelled
INV006870,INV1, PO01293,V011 ,2023-10-29,,CANCELLED
INV006871,INV1, PO03371, V209,2024-12-13,29707.6,posted
INV006872,INV1,PO06663,V233,2024-12-02,29972.24,POSTED
INV006873,inv2, PO05898,V126,2024-08-16,73807.13,CANCELLED
INV006874,INV1,PO04887 ,V493,2023-12-23,8299.21,CANCELLED
INV006875,INV2,PO07069,V448,2024-11-13,18569.15,
INV006876,inv1,PO00124,v054,2024-12-11,12094.38,Cancelled
INV006877,INV2,PO00506 ,V239,2024-02-18,83451.99,posted
INV006878,INV2,PO06791, V498,2023-10-02,50030.44,POSTED
INV006879,inv2,po01740,V025,2023-03-12,8240.58,POSTED
INV006880,INV1 , PO05359,v242,2023-03-29,69684.72,CANCELLED
INV006881,INV1,po00646,V041,2023-08-04,90422.46,
INV006882,INV1 ,PO05221 ,v042,2024-04-03,24112.28,Cancelled
INV006883,INV2,po03343,V317 ,2023-07-27,86979.27,posted
INV006884,INV1,po04357,V400,2023-04-20,87995.35,posted
INV006885,INV1 ,PO00498,V485,2023-10-24,88381.16,
INV006886,INV2,PO06585, V229,2023-09-05,84144.13,
INV006887,INV1,PO07357 , V013,2024-11-19,27996.26,posted
INV006888,INV1,PO07610, V491,2024-09-27,23889.28,CANCELLED
INV006889,INV2,PO05107,V117,2023-12-04,,POSTED
INV006890,inv2,PO05024, V324,2023-07-26,85159.46,
INV006891,INV2, PO06842,V087 ,2023-10-10,27765.02,
INV006892,inv2,PO05797,V266 ,2024-03-16,52407.9,
INV006893,INV1,PO02736,V379,2023-11-10,4999.0,posted
INV006894,inv1,PO04393,V133,2024-02-05,46589.18,
INV006895, INV1,PO05856 ,V386,2024-10-21,65610.31,
INV006896,inv1,PO06963,V297,2024-04-23,46394.29,
INV006897,INV2,PO04763,V312,2023-06-17,88727.45,POSTED
INV006898, INV1,PO00448,V272,2024-11-25,29862.28,POSTED
INV006899,inv1,PO07973,V060,2023-11-23,87458.25,POSTED
INV006900, INV1,PO03576, V324,2023-12-22,8517.82,POSTED
INV006901,INV2 ,PO04689 ,v079,2024-10-01,87796.3,POSTED
INV006902,INV1,po05839,V360,2024-05-20,36823.5,
INV006903,INV2,PO05497,V094,2023-03-23,82484.31,posted
INV006904,INV1,PO07564,V135,2023-08-13,70183.81,POSTED
INV006905,INV2,PO01351,v063,2023-04-15,16716.67,
INV006906,inv1,po03265,,2023-12-24,10952.11,
INV006907,inv1,PO06200,V074,2023-08-28,10075.37,
INV006908,inv2,PO01681,V458,2023-07-22,1898.93,posted
INV006909,INV1,PO01538,V198,2023-02-13,27372.97,POSTED
INV006910,INV1, PO06580,V325,2024-02-19,38541.83,posted
INV006911,INV1, PO06244,V394,2023-01-16,88349.85,POSTED
INV006912,INV2 ,PO03488,V101,2024-05-04,1759.77,POSTED
INV006913, INV2,po04565,V397,2023-02-05,73304.11,POSTED
INV006914,INV2 ,PO01886,V073 ,2023-10-05,18113.89,CANCELLED
INV006915,INV2,PO04532 ,V396 ,2024-05-10,10243.93,posted
INV006916,INV2,PO00890,V271 ,2024-05-22,52160.22,posted
INV006917,INV2 , PO04175,v237,2023-01-19,73108.3,CANCELLED
INV006918,inv2, PO05704,v454,2024-05-19,72071.11,posted
INV006919,INV1,PO05454,V261,2023-08-20,67383.95,posted
INV006920,INV2 ,PO00057,V074,2024-02-02,81305.39,CANCELLED
INV006921,INV2 ,po03673,V337,2023-01-12,50728.32,CANCELLED
INV006922,INV1,PO00782,V318,2023-12-21,67945.81,
INV006923,INV1 ,PO07096,v493,2023-06-18,66400.89,posted
INV006924,INV2,PO05595 , V186,2023-06-17,39819.42,posted
INV006925,INV1,PO00428,V296,2023-09-02,15697.48,posted
INV006926,INV1,PO02129,v392,2024-01-18,3349.61,
INV006927,inv1, PO02920,V429,2024-12-28,94813.74,
INV006928,INV1 , PO06279,V344,2023-05-18,33459.46,CANCELLED
INV006929,INV1,PO02185,V321,2023-11-29,25161.84,Cancelled
INV006930,inv1,PO04092 ,V391,2024-02-13,31000.22,
INV006931,INV1, PO01128,v084,2024-03-31,86881.95,posted
INV006932,INV2,PO02706,V437,2023-04-01,75776.48,POSTED
INV006933,INV1,PO07124,V126 ,2023-07-29,36422.19,Cancelled
INV006934,INV1,PO02342,V209 ,2023-10-10,52211.75,Cancelled
INV006935,INV2 , PO07239,V394 ,2024-08-28,41444.15,CANCELLED
INV006936,INV2,PO04420,V381,2024-02-25,25061.73,CANCELLED
INV006937,INV2 ,PO07680,v238,2024-04-13,71968.31,
INV006938, INV2,PO03081 ,V340,2023-12-16,69254.92,Cancelled
INV006939,INV2,PO06086,V464 ,2023-12-09,9222.74,posted
INV006940,INV2,PO03405,v121,2023-06-13,31476.72,CANCELLED
INV006941,INV1,PO05915,V338 ,2024-03-05,78782.03,posted
INV006942, INV1,PO06044,V437,2024-10-16,,posted
INV006943,INV2 ,po02454, V469,2024-03-27,68649.52,
INV006944,INV1,PO01965 ,V022,2024-12-09,16157.65,CANCELLED
INV006945, INV2, PO05661,V478,2024-09-17,54012.32,Cancelled
INV006946,INV2,PO06667 , V075,2023-05-22,37774.94,
INV006947,INV2,po04404,V484,2024-09-17,20309.39,POSTED
INV006948, INV1, PO00464,V268,2023-11-27,24507.26,Cancelled
INV006949,INV2,PO04996,V091 ,2024-08-04,42803.3,Cancelled
INV006950, INV2, PO05342,V399,2024-07-13,,POSTED
INV006951,inv2, PO03478,v339,2024-02-11,14825.23,Cancelled
INV006952, INV1,PO05914 ,V200,2024-07-22,31320.65,CANCELLED
INV006953, INV2,PO06642,V278,2024-05-17,92990.32,Cancelled
INV006954, INV2,po02719,V020,2024-07-08,62707.49,posted
INV006955,INV2,PO06782 ,V101,2023-07-25,79729.18,
INV006956,INV2,PO04712,V316,2024-12-10,52517.33,posted
INV006957, INV2,PO03917,v175,2023-11-28,,POSTED
INV006958,INV2,PO03366 ,V155,2023-10-20,25199.75,POSTED
INV006959,INV1,po03780, V370,2024-12-07,41833.29,CANCELLED
INV006960,INV2, PO06120,V434,2023-12-18,32064.75,CANCELLED
INV006961,INV2,po02349,V002 ,2024-05-07,91908.71,
INV006962,INV1 , PO07760,V417,2023-02-10,19805.79,CANCELLED
INV006963,inv1,PO00842,V414,2024-09-14,68108.72,Cancelled
INV006964,INV1,po06210,v320,2023-04-11,67922.88,posted
INV006965,INV2,PO06336,V249,2024-08-17,10495.01,POSTED
INV006966, INV2,PO06005 ,V455,2024-10-12,25561.48,POSTED
INV006967, INV1,PO00411, V462,2023-10-30,62706.03,
INV006968, INV1,PO05474 ,V374,2024-10-29,63663.59,POSTED
INV006969,INV1, PO03935,V059,2024-12-17,8256.1,CANCELLED
INV006970,inv2,po06261,V275,2023-08-08,9408.2,posted
INV006971,INV1,po01257,v085,2024-09-16,67353.72,POSTED
INV006972,INV1 ,PO04242,V290 ,2024-12-27,67288.47,CANCELLED
INV006973,INV1,po05184,V141,2023-05-21,34964.18,Cancelled
INV006974,inv2,PO04590,V328 ,2024-02-05,,posted
INV006975,INV1,PO00790,V307,2023-03-31,55684.84,POSTED
INV006976,INV2,PO02836 , V144,2024-08-05,42801.96,Cancelled
INV006977,INV2,PO01870,v279,2023-03-29,62446.95,
INV006978,INV1,PO03194, V450,2023-08-03,1579.44,
INV006979,inv1,PO07383, V167,2024-06-13,13267.87,posted
INV006980,INV1,PO07387,V368,2023-11-26,41399.11,Cancelled
INV006981,INV2,PO00029, V145,2023-12-31,74208.34,Cancelled
INV006982,INV2,PO00540, V144,2024-01-13,73817.96,Cancelled
INV006983,inv1,PO03842,,2023-04-16,20561.58,CANCELLED
INV006984,INV1,PO02930,V205,2023-12-29,31038.68,Cancelled
INV006985,inv1,po00032,v430,2023-06-24,55247.13,Cancelled
INV006986,INV1,PO01244,V067,2023-10-11,77353.11,CANCELLED
INV006987,INV1,PO04213,V347,2024-01-29,,
INV006988,inv1, PO00438,V029,2024-11-18,48253.34,
INV006989,INV2,po03706,v068,2024-10-11,38487.94,Cancelled
INV006990,INV2,po00548,V118,2024-07-13,13927.86,posted
INV006991,INV2,PO01132,v288,2023-07-29,13745.16,Cancelled
INV006992,INV1,PO05056, V359,2024-12-31,38810.55,posted
INV006993,INV1,po00415,V139,2024-06-04,30903.55,POSTED
INV006994, INV1,PO00558,V481 ,2024-01-26,58467.18,CANCELLED
INV006995,INV2, PO06101,V069,2024-05-20,91303.49,Cancelled
INV006996,,PO07788,V271,2024-11-28,12345.84,Cancelled
INV006997, INV1,PO05116 ,V435,2023-12-26,46884.9,posted
INV006998,INV1, PO04372,v281,2023-01-11,47102.37,POSTED
INV006999,INV1,PO07948,V218,2024-04-06,,Cancelled
INV007000,INV2,PO03848, V146,2023-04-22,67719.02,POSTED
INV007001,INV2 ,PO06129,V266,2024-10-03,51793.41,Cancelled
INV007002, INV1,PO01092, V223,2024-07-11,31937.57,posted
INV007003, INV2,PO04780,V482,2024-09-02,26313.13,POSTED
INV007004, INV1,PO06362,v412,2024-05-19,70342.83,
INV007005,inv2,PO02345,V341,2024-06-15,862.44,
INV007006,INV1,PO02486 ,V123,2024-08-26,44984.2,Cancelled
INV007007,inv1,PO05516,V357,2023-06-24,32947.72,CANCELLED
INV007008,INV2,po05840,V200,2024-04-03,81702.8,
INV007009,INV2,po05732,V089,2023-09-23,991.59,
INV007010,INV1 ,PO03720,V105,2023-04-11,45589.97,posted
INV007011,INV1,PO01122 ,V083,2024-10-04,77517.7,POSTED
INV007012,INV1,po03908,V038,2024-01-21,85053.71,Cancelled
INV007013,INV2,PO02589 ,V208 ,2023-01-19,69396.98,Cancelled
INV007014,inv2,PO01046,V458,2024-03-18,39152.33,CANCELLED
INV007015, INV1,PO07784, V274,2024-02-15,92496.48,POSTED
INV007016,inv2,PO06918,V138,2024-11-22,53331.35,Cancelled
INV007017,INV2, PO01991,V045,2024-12-07,88838.84,Cancelled
INV007018,INV2,PO04098 ,V157,2023-01-30,13834.31,CANCELLED
INV007019, INV2, PO06037,V424,2024-07-06,39045.85,
INV007020,INV2,PO00726,V088,2024-11-06,90580.86,POSTED
INV007021,INV1,PO01792,v469,2024-11-08,84051.29,Cancelled
INV007022,INV2,PO03978,V181,2024-03-05,15426.87,
INV007023,INV2, PO04052,V439,2024-06-16,4840.45,
INV007024,INV2, PO00517,V045 ,2024-11-24,44470.78,Cancelled
INV007025,INV2 ,PO07265,V314,2023-06-12,61463.77,posted
INV007026,INV2,PO06875,V054,2023-07-07,53886.76,posted
INV007027,inv2,PO05473,V394,2023-12-06,19586.08,CANCELLED
INV007028,INV1 ,PO05063,V067,2024-05-09,71017.35,posted
INV007029, INV1,po03442,V193,2023-01-16,81003.75,posted
INV007030,inv1, PO06286,V023,2024-10-18,72383.76,POSTED
INV007031,INV1,po02064, V011,2023-05-05,50858.62,CANCELLED
INV007032,INV1,po01795,V459,2023-12-14,2320.5,posted
INV007033,INV2 ,PO06978,v461,2023-08-12,23506.64,posted
INV007034,INV1,PO05771,V041,2023-10-05,8698.59,POSTED
INV007035,INV2,PO02173,V481 ,2024-01-23,1284.14,POSTED
INV007036,INV2,PO02007,V003,2024-02-10,53906.38,
INV007037,INV1,PO06638,v064,2024-12-03,45556.01,CANCELLED
INV007038,INV2 ,PO00722,v100,2024-12-05,90997.96,Cancelled
INV007039, INV2,PO02855 ,V096,2023-02-19,67643.18,posted
INV007040,INV2,PO03778,V410 ,2023-05-22,9997.43,
INV007041,INV2,PO07273,V177 ,2024-03-19,77943.65,Cancelled
INV007042,INV1,PO02333, V190,2023-04-17,80613.92,
INV007043,INV1, PO01424,V239 ,2023-09-18,92631.04,
INV007044,inv2,PO03634,V387,2024-01-26,26558.45,CANCELLED
INV007045,INV2 ,PO06584 ,V255,2023-07-08,82806.13,
INV007046,inv1,PO01940 ,V347,2023-08-28,70383.54,Cancelled
INV007047,INV1,PO02866 ,V055,2024-10-18,69076.56,
INV007048,INV2,PO07337,v079,2023-03-01,66077.35,
INV007049,INV1,PO00188 ,V017,2024-11-15,61621.98,CANCELLED
INV007050,INV1,PO03632,V085 ,2023-11-15,65854.88,CANCELLED
INV007051, INV2, PO05408,V302,2024-01-28,33190.02,CANCELLED
INV007052,INV1,PO06286,v417,2024-06-11,,posted
INV007053,INV1,PO07721,V168,2023-02-07,89354.31,POSTED
INV007054, INV2,PO04401 ,V480,2023-03-06,33489.17,
INV007055,INV1 ,PO02408,V108,2024-04-07,67628.03,posted
INV007056, INV2,PO02182 ,V049 ,2024-09-02,78530.13,POSTED
INV007057,inv1,po04924, V356,2024-04-08,31831.74,posted
INV007058,INV2 , PO02088, V399,2024-08-22,46271.48,CANCELLED
INV007059, INV2,PO04902 ,,2024-06-05,64731.03,POSTED
INV007060,INV1,PO03031,V300 ,2023-06-12,85307.24,CANCELLED
INV007061,INV1,PO02005,v327,2024-11-27,62072.73,posted
INV007062,INV1,PO01022,V488,2023-04-09,24503.34,Cancelled
INV007063,INV1,PO05016,V486,2024-07-11,23407.45,POSTED
INV007064,INV2 ,PO06424,v287,2024-05-25,29844.01,Cancelled
INV007065,INV2,po07526,v360,2024-09-06,41457.31,
INV007066,INV1,PO06647 ,V220,2024-07-06,88886.58,CANCELLED
INV007067,INV2,po04416,v112,2024-12-20,1727.71,
INV007068,INV2 ,po07050,V426,2023-02-20,49921.38,
INV007069,INV1,PO05180 ,V256,2023-06-05,46039.59,CANCELLED
INV007070,INV1,PO02044, V242,2024-06-23,71798.02,posted
INV007071,INV2, PO04027,V141,2024-11-15,,POSTED
INV007072,INV1,po01066,V436,2024-03-14,55968.36,
INV007073,INV1,po01795,V141,2024-07-06,10080.76,Cancelled
INV007074,INV1,PO07193 ,V059 ,2023-03-14,50872.85,posted
INV007075,INV1,PO01219, V486,2023-04-12,15505.79,CANCELLED
INV007076,INV2,po04303,V114,2024-07-25,17190.55,posted
INV007077,INV2 ,PO07456, V331,2024-05-01,66496.61,
INV007078,INV1,po02030,V327,2023-01-02,13698.0,POSTED
INV007079,INV2 ,PO02334, V366,2024-06-14,31505.76,Cancelled
INV007080, INV1,PO02707, V355,2024-06-11,68587.65,
INV007081,INV1,po00784,v373,2024-02-19,,posted
INV007082,inv1,PO02614, V065,2023-08-28,46076.01,Cancelled
INV007083,INV2,PO01004,V409,2024-01-12,28000.44,
INV007084,INV2,PO04826,V028,2024-03-20,56038.16,CANCELLED
INV007085,inv2,PO04582,V219,2023-11-05,14514.09,Cancelled
INV007086,INV2,PO01211 ,V485,2023-09-08,63976.52,Cancelled
INV007087,INV2,po01419,v499,2024-02-11,86155.04,
INV007088,INV1 ,PO04927 ,V227 ,2024-12-21,47957.7,posted
INV007089,INV1,po03138, V177,2023-04-08,45269.93,POSTED
INV007090,inv2,PO06222,V223,2023-10-12,70720.55,Cancelled
INV007091,inv1,PO02051,V257,2024-07-21,17093.57,POSTED
INV007092,inv2,PO02080,v131,2024-10-23,33364.87,posted
INV007093, INV2,PO03191, V171,2024-02-06,1173.63,Cancelled
INV007094, INV2,PO00311,V372,2023-01-23,3489.98,CANCELLED
INV007095, INV1,PO00361 ,V001,2024-07-08,27470.17,Cancelled
INV007096,INV2 ,PO02783,V384,2023-08-29,8119.85,CANCELLED
INV007097, INV2,PO04052, V175,2024-10-19,24799.72,POSTED
INV007098,INV1,PO06254,v026,2024-09-23,85756.51,CANCELLED
INV007099,INV2,PO04683,V160,2024-03-01,91155.59,
INV007100,INV2,PO02499 ,V442 ,2023-09-07,26102.71,
INV007101,inv1,po00079, V079,2024-10-24,26463.77,POSTED
INV007102,INV1 , PO04389, V209,2023-11-02,71671.33,
INV007103,INV2, PO06738,v485,2023-07-05,14078.35,Cancelled
INV007104,INV1 ,PO03809,V041 ,2024-11-26,40144.14,posted
INV007105,INV1,PO00261 ,V267,2023-01-25,76809.63,
INV007106,INV2,po03512, V117,2023-02-11,73273.11,posted
INV007107,INV2 , PO04915,V399,2024-04-21,41785.04,Cancelled
INV007108,INV2,PO00923 ,V127 ,2024-12-23,83952.15,CANCELLED
INV007109,INV2 ,PO02623, V418,2023-05-10,89973.59,
INV007110,INV1,PO07260,V389,2024-06-18,24812.6,CANCELLED
INV007111,INV2,PO00275,V211,2023-05-10,62672.79,posted
INV007112, INV1,PO05315,V474,2023-07-21,3021.21,POSTED
INV007113,INV1 ,po05534,V380 ,2024-05-04,80896.6,CANCELLED
INV007114,INV1,PO06451 ,V110 ,2023-03-30,20468.92,posted
INV007115,INV1 ,PO07210,v040,2024-01-24,13676.9,Cancelled
INV007116, INV2,PO07938 ,V313,2023-04-12,21982.56,
INV007117,INV2,PO06971,V143,2024-06-04,86152.66,POSTED
INV007118,INV2,PO03074,V316,2024-08-03,34210.9,
INV007119,INV2,PO00955,V454,2024-06-15,11758.12,Cancelled
INV007120,INV2, PO03573,V154,2024-11-29,,POSTED
INV007121,INV2,PO06439, V318,2023-02-06,75821.47,POSTED
INV007122, INV1,PO00594 ,V093,2024-10-26,27358.97,Cancelled
INV007123,inv2,PO03020, V089,2024-05-07,90720.11,CANCELLED
INV007124, INV2,PO01794,V325,2023-11-19,10591.13,
INV007125, INV2,PO06201,v338,2024-08-17,22323.13,CANCELLED
INV007126, INV1,PO03810 ,v225,2024-03-30,,
INV007127,inv1, PO02320,V251,2023-07-09,89038.94,Cancelled
INV007128,INV2 , PO07784,v124,2023-10-25,1876.22,POSTED
INV007129,INV2,PO01039,V181,2023-11-09,56549.16,posted
INV007130, INV1,PO06238 ,V466,2023-03-04,92723.43,CANCELLED
INV007131,INV1,PO01884, V259,2023-09-26,62806.77,posted
INV007132,INV2 , PO02040,v290,2024-01-11,58143.92,posted
INV007133, INV1,po05784,v431,2023-08-11,59573.55,POSTED
INV007134,INV1 ,PO06310,V423,2023-01-07,968.23,posted
INV007135,INV2,PO01576,V256,2023-05-04,88591.3,CANCELLED
INV007136,INV2,PO06708, V165,2024-03-04,35437.82,POSTED
INV007137,INV2,PO04104, V006,2023-11-30,81367.65,posted
INV007138,INV2,PO02579,V084,2024-03-02,46459.47,POSTED
INV007139,inv1,PO03369,V330,2024-05-10,13247.28,posted
INV007140,INV1,PO03816,V124,2024-10-04,,CANCELLED
INV007141,INV2 ,PO04007,V373,2023-09-09,18735.65,posted
INV007142,INV1 ,PO05832,V349,2023-03-07,91606.4,posted
INV007143,inv2,po01642,V013,2024-04-03,29963.9,Cancelled
INV007144,INV2,PO01965,V221,2024-04-27,37243.55,CANCELLED
INV007145,INV1 ,PO07357,V075,2023-06-06,68898.98,Cancelled
INV007146, INV2,PO00175,v292,2023-02-10,22836.7,POSTED
INV007147,INV2,PO04724,V202,2024-02-20,80610.92,CANCELLED
INV007148,INV2,PO06887,V132 ,2023-08-14,46471.66,POSTED
INV007149,INV2,po03159,V128,2023-09-15,85568.76,POSTED
INV007150,INV2,PO05484 ,V330,2023-11-10,36377.63,CANCELLED
INV007151,INV1,PO02523, V450,2024-02-26,73198.81,Cancelled
INV007152,INV2,PO05236,V242,2023-08-18,1873.44,POSTED
INV007153,INV2,PO07965,V030 ,2024-03-06,87853.08,posted
INV007154,INV1 ,po03130,V205,2023-07-29,27568.42,
INV007155,inv2,PO03342,V446,2023-11-10,69066.93,
INV007156,INV1,PO07594 ,V302,2023-07-12,36938.81,CANCELLED
INV007157,INV2 ,po00656,V052,2024-06-25,10485.56,posted
INV007158, INV1,PO03528,V443,2024-12-17,63131.6,POSTED
INV007159, INV2,PO01177,V481,2024-09-01,46611.48,POSTED
INV007160,INV2 , PO05510,V133,2024-09-27,14914.09,CANCELLED
INV007161,INV2,po06679,V486,2023-10-10,48893.39,POSTED
INV007162,INV2,PO02544, V228,2023-11-16,63516.06,posted
INV007163,INV2,PO03405,V015,2023-07-01,74287.18,
INV007164,inv1,PO01869,V081,2024-10-14,2856.77,Cancelled
INV007165,INV2,PO02764,V399,2023-09-25,72487.09,POSTED
INV007166,INV2,po07000, V144,2023-09-03,71010.59,posted
INV007167,inv2,PO03147 ,V163 ,2024-12-14,20428.66,POSTED
INV007168,INV2 ,PO05839 , V253,2024-09-20,18857.9,
INV007169,INV1,PO06441,v162,2023-03-14,1117.54,POSTED
INV007170,INV2,PO00224,V082,2024-04-09,2399.56,posted
INV007171,INV1 , PO00600,V437,2024-05-22,56095.66,CANCELLED
INV007172,INV2,PO00548,v296,2023-10-28,62878.45,
INV007173,INV2,PO01697, V431,2023-01-26,49740.16,Cancelled
INV007174,INV2,po00369,V486 ,2023-06-23,6899.01,POSTED
INV007175,INV2, PO01232,V180,2024-11-27,32727.84,CANCELLED
INV007176,INV1,PO05305,V291,2024-05-06,53873.85,
INV007177, INV1,PO02038 ,,2024-04-22,46713.42,CANCELLED
INV007178,INV2, PO05739,V093 ,2023-09-29,54531.56,CANCELLED
INV007179,INV1 ,PO00529 ,v483,2024-06-05,62640.1,Cancelled
INV007180,INV2,PO01884,v371,2023-05-02,84660.88,Cancelled
INV007181,INV1,PO02490,V154 ,2024-01-28,72786.91,Cancelled
INV007182,INV1 ,po01885,V380 ,2024-03-06,35857.01,
INV007183,INV2,PO00661,V105,2023-03-26,47502.93,CANCELLED
INV007184,INV2,PO02810, V131,2023-10-30,4616.22,POSTED
INV007185,INV2,po05772,V223,2023-05-26,35086.98,Cancelled
INV007186,INV2 ,PO00830 ,V271,2024-05-02,83513.01,posted
INV007187, INV1, PO07081,v235,2024-08-08,21961.56,Cancelled
INV007188,INV2,PO04372 ,v307,2024-02-14,1003.52,Cancelled
INV007189,INV2,po00073, V089,2023-01-06,,
INV007190, INV2, PO06223,V169,2023-07-10,64922.07,POSTED
INV007191,INV2,PO05088,V365,2023-06-03,65492.93,
INV007192,INV1 ,PO02986 ,V224,2024-10-05,83963.15,
INV007193,INV2,PO00884,V218,2024-09-04,68110.83,POSTED
INV007194,INV1,PO06214,V166,2023-03-01,59943.01,
INV007195,INV2, PO03889,V172,2023-03-24,33634.68,
INV007196,INV2, PO01235,V356,2023-04-23,3160.7,posted
INV007197,INV2,PO06929,V369 ,2024-09-24,50913.13,
INV007198,INV2,PO04225,V049,2024-12-22,16990.12,CANCELLED
INV007199,INV2 ,PO06205,V231,2024-05-26,87911.89,Cancelled
INV007200,INV2,PO06005,V202,2023-02-07,10989.28,posted
INV007201,INV2,PO07423,V099,2024-11-29,88020.13,posted
INV007202,INV2 , PO01534,v263,2023-07-21,,CANCELLED
INV007203,INV2 ,PO03512,V253,2023-08-18,71626.83,Cancelled
INV007204,INV1,PO02737,V458 ,2023-05-07,28901.84,posted
INV007205,inv2,PO01307,V148 ,2024-01-17,9388.68,CANCELLED
INV007206,INV1,PO00761,V085,2024-11-05,5467.82,posted
INV007207,INV1,PO06939,V468,2023-01-29,30386.43,posted
INV007208, INV2,PO05317 ,V432,2023-10-15,89262.55,Cancelled
INV007209,inv1,PO04711,V156,2024-10-07,4569.97,Cancelled
INV007210,INV2 , PO06895, V102,2024-01-17,14074.57,
INV007211,INV1,PO00625, V286,2023-03-26,25257.65,CANCELLED
INV007212,inv1,po01856,V321,2024-07-19,33848.2,posted
INV007213,INV1,PO04441 ,V428 ,2023-10-05,2769.17,Cancelled
INV007214,INV1,PO04849 ,V122,2023-04-21,93964.92,POSTED
INV007215,INV2,po00389,V257,2023-02-28,65438.07,POSTED
INV007216,INV2,PO01229 ,V163,2024-01-18,72085.36,posted
INV007217,INV2,PO00782,v025,2023-05-20,60146.1,posted
INV007218,INV2,PO03887,V426,2024-01-28,30181.72,
INV007219,INV2,PO06751 ,v175,2024-12-10,50415.6,
INV007220,,PO02520,V180 ,2024-05-20,32792.43,posted
INV007221, INV1, PO04829,V210 ,2024-05-31,,
INV007222,INV1,PO04176 ,V086,2023-09-13,4475.29,CANCELLED
INV007223,INV1 ,PO01486 ,V491,2023-10-01,24868.52,CANCELLED
INV007224,INV2, PO07983,V254 ,2023-12-08,5180.73,
INV007225,INV2,PO05242,v242,2023-10-02,75400.01,POSTED
INV007226, INV1,PO01996,V438 ,2024-02-13,2714.3,POSTED
INV007227,INV2,PO00318,V152,2023-02-08,47346.41,Cancelled
INV007228, INV1,PO00919,V028 ,2023-11-05,87280.21,
INV007229,,PO07338,V360,2024-10-19,85484.76,posted
INV007230,INV1,PO01182,V098,2024-12-24,8462.34,
INV007231,inv1,PO01436, V434,2023-04-07,11213.55,POSTED
INV007232,INV2,PO04931,V266 ,2024-10-23,32413.48,
INV007233,INV1,PO02076,V375,2024-10-11,10032.57,posted
INV007234,INV1 ,PO03336 ,V374,2024-02-14,5086.08,
INV007235,INV2,PO00892,V139,2024-12-23,13511.25,CANCELLED
INV007236,INV1 ,PO02868,V178,2023-12-15,,
INV007237,INV1 ,PO07573,V092,2023-06-19,45739.46,
INV007238, INV2,PO07661 , V298,2024-12-13,48600.74,
INV007239,INV1,PO01787 ,V162 ,2023-06-23,34879.36,
INV007240,INV2, PO07698,V369,2023-07-01,1019.63,CANCELLED
INV007241,inv1,PO06426,V406,2023-07-02,34775.5,POSTED
INV007242,INV2,PO07799,V242,2024-03-18,40312.97,Cancelled
INV007243,INV2 ,PO05727 , V159,2023-01-30,43360.17,
INV007244,INV2,PO04790,V167,2024-05-31,61886.67,Cancelled
INV007245,INV1,po00955,V024,2024-12-11,59595.36,CANCELLED
INV007246,INV2,PO06605 , V395,2024-09-21,85305.38,
INV007247,INV2, PO05564,v377,2023-10-25,,Cancelled
INV007248,INV2,PO00469,V184,2024-11-26,45490.96,posted
INV007249,inv2,PO07013,V298,2024-09-15,16732.69,Cancelled
INV007250, INV2, PO02431,v348,2024-11-22,89081.85,POSTED
INV007251,INV2, PO01162,V442,2023-09-15,3340.78,
INV007252,inv2,PO03524,V422,2024-12-13,8845.39,POSTED
INV007253,INV2,PO07088 ,V290 ,2024-11-26,2144.86,
INV007254,INV2,PO00552,V296,2024-01-01,8490.78,POSTED
INV007255,INV2,PO02998,V163 ,2024-01-21,2365.59,POSTED
INV007256,INV1,PO01339, V418,2024-07-06,39142.21,
INV007257,INV1,PO01302, V094,2023-06-07,79130.59,POSTED
INV007258,inv2,po06301,V075,2023-07-21,70002.18,
INV007259,INV1,po05665,V171,2023-12-24,54629.81,Cancelled
INV007260, INV2,PO03320 ,V249,2024-04-18,34718.34,posted
INV007261, INV1,PO01046,V450,2023-12-19,10005.41,Cancelled
INV007262,INV2 ,PO07758,V322,2024-11-21,48762.9,POSTED
INV007263,INV1,PO05385,v371,2024-06-17,57851.4,posted
INV007264,INV1, PO03371,V174,2023-11-27,7974.39,
INV007265,inv1, PO07426,V304,2023-06-10,68397.63,Cancelled
INV007266,INV2 ,PO04637,V245 ,2024-09-20,47529.68,posted
INV007267, INV2,PO06937, V327,2023-04-15,34841.29,posted
INV007268, INV1,PO03610,V013,2023-02-22,45190.58,Cancelled
INV007269,INV2,PO06802 ,V028,2023-04-01,34378.75,Cancelled
INV007270, INV1,PO02653 ,V485 ,2023-04-26,16208.92,CANCELLED
INV007271,INV1,PO05558 ,V324,2023-12-05,80015.31,
INV007272, INV1, PO02101,,2024-05-22,37246.4,POSTED
INV007273,inv1,PO07925,V335,2024-07-22,12208.36,posted
INV007274,INV2,PO02890,v063,2024-12-18,38327.44,POSTED
INV007275,INV2,PO00868,v190,2023-03-01,58697.84,
INV007276,INV2,PO02653,v391,2024-10-29,92707.57,posted
INV007277,INV2 ,PO05655 ,V464,2024-12-09,53422.38,posted
INV007278,INV2,po03979,v494,2023-04-14,8000.63,POSTED
INV007279,INV2, PO01804,V204,2023-01-23,47024.32,POSTED
INV007280,INV2,PO06990,v280,2023-06-10,,Cancelled
INV007281,INV1 ,PO06335,V235,2024-07-20,3064.63,POSTED
INV007282,INV1,PO05786 ,V446,2023-10-24,14696.66,CANCELLED
INV007283, INV2,PO02196 ,V350,2023-06-21,56635.88,
INV007284,INV2,PO02735 ,v485,2024-08-03,77728.96,posted
INV007285,INV1,PO01827,V125,2024-01-10,10880.39,posted
INV007286,INV1, PO04592, V450,2023-02-14,93488.1,Cancelled
INV007287,INV2,PO05435,V321 ,2024-04-17,25599.12,posted
INV007288,INV1,PO05480,V263,2024-09-23,48028.91,CANCELLED
INV007289,inv1,PO01873 ,V488,2023-05-02,46100.16,posted
INV007290,INV1 ,PO06882 ,V423,2023-09-07,40185.76,posted
INV007291,INV1, PO04398,V318 ,2023-06-22,94073.25,CANCELLED
INV007292,inv2,PO01502,V097,2024-11-27,15264.52,posted
INV007293,INV2, PO07640,V490,2024-07-20,48036.43,
INV007294,INV2, PO07403,V325 ,2023-07-25,32157.38,posted
INV007295,INV2 ,PO02146,V462,2024-10-19,39681.27,posted
INV007296,,PO02212,V124,2024-05-24,,Cancelled
INV007297,INV2,PO07342,v114,2023-10-30,24812.88,
INV007298,INV2,,V371,2023-05-22,20535.94,Cancelled
INV007299,INV2 ,PO03398,V437,2024-07-29,50786.29,posted
INV007300, INV1, PO01664, V338,2024-01-08,53604.66,
INV007301,INV1 ,PO06555,V016,2023-11-02,37827.21,
INV007302,inv2,PO04107,V292,2024-08-01,58003.27,posted
INV007303,inv2,po00167,V197,2024-07-23,94662.71,posted
INV007304,INV2, PO01506,v206,2024-04-23,40783.04,
INV007305, INV2,PO06818,v160,2023-01-11,61253.14,CANCELLED
INV007306,INV2,PO07183,v161,2023-02-17,36813.47,POSTED
INV007307,INV2,po05240, V305,2023-02-02,89898.99,
INV007308,inv1,PO02953,V488,2024-03-15,39033.66,
INV007309,INV1,PO03920,v200,2023-07-02,93805.91,POSTED
INV007310,inv1,PO01122,v027,2023-01-16,25502.47,
INV007311,inv2,PO03252,V406,2024-07-09,66268.61,
INV007312,INV1 ,po07913, V109,2023-05-03,67096.96,
INV007313,INV1,PO05977,V188,2024-01-10,62297.01,posted
INV007314,INV2, PO04450,V219,2024-07-15,88163.0,Cancelled
INV007315,INV1,PO03596,V185,2023-05-03,25664.08,CANCELLED
INV007316, INV2, PO04394, V266,2023-02-22,21898.87,CANCELLED
INV007317,INV2,PO00183 ,V126,2024-09-15,7532.68,posted
INV007318,INV2, PO07803,V236,2024-03-29,59309.31,posted
INV007319, INV2, PO03822,V401,2023-01-27,71851.48,POSTED
INV007320,inv1,PO03895,V137,2024-08-23,53327.82,
INV007321,INV2,po07640,V230,2024-03-02,8225.01,CANCELLED
INV007322,inv1,PO02454,V311,2024-08-29,69355.65,CANCELLED
INV007323,INV1 ,PO02869,V299,2023-08-29,82146.7,Cancelled
INV007324,INV2,PO01171 ,V328 ,2023-02-09,15540.09,posted
INV007325,INV2,PO00844,V420,2023-02-06,78833.63,CANCELLED
INV007326,INV2 , PO07894,,2023-02-03,76312.22,CANCELLED
INV007327, INV2,PO05326 , V223,2024-05-28,52134.59,POSTED
INV007328,INV2,PO07891,V233,2023-08-18,45035.69,POSTED
INV007329,INV1, PO00078,v082,2024-06-14,4034.71,Cancelled
INV007330,INV2,PO07738, V089,2024-10-07,29814.68,POSTED
INV007331,inv1,PO04818,V074,2023-11-22,9224.95,posted
INV007332,INV2,,v387,2023-04-23,36573.51,POSTED
INV007333,,po06464,V090,2024-07-30,11094.69,Cancelled
INV007334,INV1,PO02413,v437,2023-02-02,69835.07,posted
INV007335,INV2 ,PO04842,v402,2024-08-29,29687.68,Cancelled
INV007336,INV1, PO00933,v234,2024-12-17,36820.65,Cancelled
INV007337,INV1,PO04099,V221 ,2023-04-12,88445.99,posted
INV007338,INV2, PO04548,V343,2023-02-05,56914.8,posted
INV007339,inv1,po00301,V300,2023-10-18,13148.33,CANCELLED
INV007340, INV2,PO03920,v157,2023-11-14,56670.31,POSTED
INV007341, INV2,PO07897,V077 ,2023-09-17,81312.52,CANCELLED
INV007342, INV1, PO07788,V354,2024-07-11,90449.21,POSTED
INV007343, INV1,PO03430,V048,2024-08-23,68603.52,Cancelled
INV007344,INV2,PO07942 ,V356,2023-07-14,88962.42,CANCELLED
INV007345,INV2,PO05361, V163,2024-11-29,6363.41,CANCELLED
INV007346,INV2,PO02409 ,V213,2023-06-15,88992.67,
INV007347, INV1,PO03073 ,V149,2024-12-01,82417.72,posted
INV007348,INV2,PO05308,V070,2023-01-27,,CANCELLED
INV007349,INV2,PO01731 ,V048,2023-07-08,59133.71,Cancelled
INV007350,INV1 , PO07216, V248,2023-11-04,81271.64,
INV007351, INV1,PO00764,V331,2024-09-11,66688.63,POSTED
INV007352,INV2 ,PO01810 ,v480,2024-02-08,38175.4,
INV007353,INV2,PO03231,V429,2024-11-15,26331.61,POSTED
INV007354, INV2,PO01374,V459 ,2023-05-21,78304.61,Cancelled
INV007355,INV1, PO01424,V368 ,2023-07-24,53703.46,
INV007356,INV2,PO01431,v310,2023-02-20,82714.48,CANCELLED
INV007357,INV1,PO05818,V040,2023-01-03,86306.33,CANCELLED
INV007358,INV2,PO02201, V076,2024-12-08,14269.06,posted
INV007359,inv1,PO02754,V215,2023-09-11,3117.1,
INV007360,inv1,PO02418,v341,2024-07-22,44167.65,posted
INV007361,INV2, PO03452,V326,2023-08-31,,posted
INV007362,INV2,PO02366,v404,2023-05-02,51383.43,
INV007363,INV2,po01611, V387,2023-09-26,1091.68,posted
INV007364,INV1, PO01985,V399 ,2024-10-28,70104.67,Cancelled
INV007365,INV1 ,PO04047,V496,2024-04-14,92680.81,
INV007366,INV1 ,PO02370,V165,2024-02-15,22672.96,Cancelled
INV007367,INV2 ,PO04723,V305 ,2024-04-24,40732.61,Cancelled
INV007368,INV2,PO02953,V161,2024-06-18,38072.77,CANCELLED
INV007369,INV2,PO02699 ,,2024-10-16,65056.58,posted
INV007370,INV2,PO03703,V181 ,2023-05-24,56333.0,Cancelled
INV007371,INV2,PO04275 , V409,2023-09-10,92424.28,
INV007372,INV2 ,PO01622 ,V316 ,2023-02-18,80403.68,POSTED
INV007373,INV2,PO00245,v012,2023-08-20,,CANCELLED
INV007374, INV1, PO06859,V045,2024-04-16,60533.98,CANCELLED
INV007375,INV2,PO01018,V071,2024-07-17,58315.83,posted
INV007376,INV1,PO07308,v170,2024-11-05,90496.15,CANCELLED
INV007377, INV1,PO06444,V086,2024-03-17,80600.29,CANCELLED
INV007378, INV2,PO05938 ,V068,2023-07-07,93140.47,POSTED
INV007379,INV2,PO05026,V322,2023-09-15,66880.83,POSTED
INV007380,INV2,PO02841 ,V035,2024-11-20,68697.02,posted
INV007381,INV1,PO05998 ,v073,2024-02-15,13940.5,POSTED
INV007382,inv2,PO03082,V494,2024-12-06,25278.87,posted
INV007383,INV1,PO03136,v269,2023-08-30,56185.7,POSTED
INV007384,INV1, PO07222,V223,2023-09-19,18578.68,posted
INV007385,INV1 , PO05068,V270,2024-09-17,59006.87,Cancelled
INV007386,INV2,PO01701,V165,2023-12-16,,POSTED
INV007387,INV1,PO02914, V356,2024-04-21,24999.28,posted
INV007388,INV1, PO06404,V406,2023-06-27,61234.47,Cancelled
INV007389,inv1,PO00456,V440 ,2024-08-10,5027.17,posted
INV007390, INV1,PO06178,V477,2023-10-09,13049.34,POSTED
INV007391,INV1 ,PO02330,v320,2023-01-28,11677.79,
INV007392,INV2,PO07302,V150,2024-01-19,,Cancelled
INV007393,INV2,PO06087,v072,2023-12-21,91030.11,Cancelled
INV007394,inv2, PO01781,V465 ,2023-12-08,80451.87,posted
INV007395,INV1,PO00258,V052,2023-11-09,46856.97,posted
INV007396,INV2,po02474,V075,2024-10-13,78374.98,Cancelled
INV007397,INV2,PO01321,V261,2024-04-29,52372.89,POSTED
INV007398,INV2,,V462,2023-02-27,74307.81,POSTED
INV007399, INV1,PO06909 , V239,2023-10-17,69141.03,POSTED
INV007400, INV2,PO06126,V045,2023-09-05,,Cancelled
INV007401,inv1,po02404,V022,2024-03-26,19783.95,CANCELLED
INV007402,INV1,PO02391 ,V225 ,2024-07-02,29975.39,
INV007403,INV2,po03758,V199,2023-12-04,81691.84,POSTED
INV007404,INV1,PO05067,V285 ,2023-12-11,10686.26,Cancelled
INV007405, INV2, PO03593, V269,2024-07-14,79416.98,posted
INV007406,INV2,po01134,V236 ,2023-03-29,710.52,
INV007407,inv2,PO04118,v420,2024-04-05,12462.23,
INV007408,INV1,po04170,V158,2023-03-18,59506.36,Cancelled
INV007409,inv2,PO01022, V295,2024-02-05,26305.65,
INV007410,INV1 ,PO01730,v494,2024-06-28,86782.44,CANCELLED
INV007411,INV1,PO02654,V138,2023-08-21,67545.84,Cancelled
INV007412,INV1,PO05762,V362,2023-02-10,,POSTED
INV007413,INV2,PO07115, V345,2024-04-05,73214.01,CANCELLED
INV007414,inv1,PO03714,V269,2023-12-13,71512.41,posted
INV007415,INV1,PO04915, V481,2023-10-03,20949.51,Cancelled
INV007416,INV1,PO02425,V332,2024-09-06,23376.99,Cancelled
INV007417,INV2 ,po04224, V258,2023-05-28,60135.07,Cancelled
INV007418,INV1,PO05301 ,V294,2023-05-24,49001.75,
INV007419,INV2,PO02866 ,V302,2023-06-30,4137.3,CANCELLED
INV007420,inv1, PO05429,v186,2023-07-17,67880.01,Cancelled
INV007421,INV2,po07605,V490,2023-01-06,61112.21,posted
INV007422,INV2 ,po00970,V311,2024-02-01,15204.23,Cancelled
INV007423,INV1,PO04687, V144,2024-12-17,84263.53,Cancelled
INV007424,INV2,PO05664,V499,2024-01-25,20734.29,CANCELLED
INV007425,INV1, PO00210,V081,2023-01-27,85110.93,CANCELLED
INV007426,inv1,PO07526 ,v017,2024-09-16,85530.27,CANCELLED
INV007427,INV1,PO03678, V354,2023-11-22,52728.53,CANCELLED
INV007428,INV2, PO02280,v003,2024-07-06,27687.83,posted
INV007429,inv2,PO00052,V094,2023-08-08,89533.03,posted
INV007430,inv2,PO04453,v246,2024-12-03,69702.72,POSTED
INV007431,INV1,PO05081,V041,2023-07-17,26695.31,posted
INV007432,INV2 ,PO06427,V327,2024-11-30,22737.56,Cancelled
INV007433, INV1,po06306,V039 ,2023-08-04,16272.37,POSTED
INV007434,INV1,PO06854,V187 ,2023-09-24,56669.98,POSTED
INV007435,inv1,PO01766,V451,2023-08-28,8983.48,
INV007436,INV1,PO02937 ,V330,2023-07-09,15201.88,POSTED
INV007437,INV2,PO00902,V232,2023-02-10,74850.03,posted
INV007438,INV2,po04330,V019,2023-10-13,79514.25,CANCELLED
INV007439,INV2, PO01640,V400,2023-03-20,65787.04,posted
INV007440, INV1,po01142,V085,2024-01-30,12650.3,Cancelled
INV007441, INV2,po07612,V015,2023-09-02,6291.61,
INV007442,INV2,PO06567 ,V244 ,2023-07-03,71302.53,CANCELLED
INV007443,INV2, PO01002,V077 ,2023-05-22,70830.09,posted
INV007444,INV1,po06186, V422,2024-01-19,80791.67,POSTED
INV007445,INV2,PO01258,V171 ,2024-12-01,11274.13,posted
INV007446, INV2,PO07240,v231,2023-01-17,29212.46,CANCELLED
INV007447,INV2 ,po02339,V257,2024-08-16,67754.95,posted
INV007448, INV2,PO05112,V426,2023-06-24,70357.57,Cancelled
INV007449, INV1,PO07970,V064,2024-06-16,63003.69,CANCELLED
INV007450,INV2,PO02133,v271,2024-04-03,63591.27,
INV007451,INV2,PO01742,V149,2024-10-30,73600.3,POSTED
INV007452,INV2,po00555,V035,2023-02-23,59821.25,Cancelled
INV007453,INV1,PO03855 ,V432,2023-07-03,25018.31,Cancelled
INV007454,INV2,PO02389,V248,2024-05-09,77053.37,posted
INV007455,INV1,po06676,v425,2023-04-20,6500.66,CANCELLED
INV007456,INV1 ,PO01767,V494,2023-11-23,9227.83,posted
INV007457,INV2,PO03207,V319,2023-04-17,36512.41,
INV007458,INV1,po00561,V374 ,2023-07-23,76264.23,CANCELLED
INV007459,INV2,PO00625,V373 ,2024-02-13,84567.18,
INV007460,INV2,po03932,V180 ,2024-02-18,89682.66,POSTED
INV007461,inv1,PO03497,V007 ,2024-05-05,19145.39,Cancelled
INV007462,INV2 , PO01480,V406,2024-09-23,57906.23,CANCELLED
INV007463,INV1,PO07941,V456,2023-05-25,88391.39,POSTED
INV007464,INV2 ,PO06797,V352,2023-07-17,57642.45,posted
INV007465,INV1,PO07996,V136 ,2024-10-24,65424.79,
INV007466,INV2,PO03206,v351,2023-06-09,60729.37,posted
INV007467,INV2 ,PO07601, V175,2024-03-14,68156.06,
INV007468,inv2,PO04878,V042,2023-08-10,39915.67,POSTED
INV007469,INV2,po04202,V409,2024-10-26,54676.81,CANCELLED
INV007470,INV1 ,PO04948,V007,2023-01-12,34405.01,posted
INV007471,INV2 ,po04073, V447,2024-08-08,32976.49,CANCELLED
INV007472,INV2 ,PO02292,V443,2023-08-10,43201.63,CANCELLED
INV007473,INV2, PO04765,V083,2024-12-29,74662.98,posted
INV007474,INV1,po05716,v425,2023-04-19,37690.39,
INV007475,INV2,PO02399, V063,2024-02-25,,POSTED
INV007476,INV1,PO07348 ,V487,2024-02-17,,Cancelled
INV007477,INV2, PO06901,V048 ,2024-05-07,93091.89,Cancelled
INV007478,inv1,PO02124,V077,2023-11-27,2350.1,posted
INV007479,,PO07799 ,v048,2024-05-13,84377.87,posted
INV007480,INV1, PO07884,v362,2024-10-16,10506.04,
INV007481,INV1 ,PO03790,V291,2024-02-29,82836.35,posted
INV007482,INV1, PO07748,v392,2024-04-05,7265.2,Cancelled
INV007483,INV2,PO03143,V494,2024-01-29,76504.06,POSTED
INV007484,inv1,PO03906,V376 ,2023-06-24,50613.62,posted
INV007485,INV1,PO07122 , V426,2024-10-12,20219.66,posted
INV007486,INV2, PO03084,v405,2024-05-20,24125.0,POSTED
INV007487,INV1,po01010, V106,2024-09-07,67573.44,
INV007488,INV2,PO01484 ,v308,2024-05-24,48303.53,POSTED
INV007489,INV1,PO05012 ,v314,2024-11-02,58203.81,
INV007490,INV1,PO03656,V271,2023-12-13,23408.0,CANCELLED
INV007491,INV1 ,PO02306, V055,2024-08-06,62186.83,CANCELLED
INV007492, INV2,PO00404, V055,2024-06-10,19017.41,
INV007493,INV2,po01875, V365,2023-08-26,51505.18,POSTED
INV007494,INV2,PO02093,V149,2024-12-13,72495.49,CANCELLED
INV007495,INV1,PO04776,V069,2023-01-28,78188.15,Cancelled
INV007496,INV1,PO02088,V234,2024-04-08,60727.11,posted
INV007497,INV2, PO01439,V146,2023-04-02,37828.24,Cancelled
INV007498,INV2,po04548, V325,2023-01-10,31002.36,
INV007499, INV2,PO06741,V178,2024-09-02,65752.85,POSTED
INV007500,INV1,PO03413,V269,2023-08-11,73334.86,CANCELLED
INV007501,INV1, PO06484, V428,2023-07-19,36293.96,
INV007502,INV1,PO01922 ,V379,2023-02-03,14552.2,Cancelled
INV007503, INV1,PO02200,V195,2023-10-04,2188.92,posted
INV007504,INV2,PO06439,V155 ,2023-06-17,85722.17,Cancelled
INV007505, INV1,PO02362,V357,2024-09-11,83024.46,POSTED
INV007506,INV1, PO04249,V375,2023-04-03,49903.95,CANCELLED
INV007507,INV1,PO02711 ,v251,2023-11-22,15360.15,
INV007508,INV2 , PO00073,V497,2024-11-07,58658.94,
INV007509,INV2, PO02585,v007,2024-11-25,1155.36,POSTED
INV007510,INV1,PO03069,v323,2023-12-15,26863.73,Cancelled
INV007511,inv1,PO00648,V221,2024-01-11,45088.11,CANCELLED
INV007512,INV1,PO07133,V065,2024-03-01,79169.92,Cancelled
INV007513,inv2,PO04899,V360,2024-02-07,66479.89,
INV007514,INV2 ,PO00218,V357 ,2024-04-26,49822.53,posted
INV007515,INV1,po02252,V256,2024-02-24,57671.02,Cancelled
INV007516,inv1,PO03655,V495 ,2023-10-18,68885.64,posted
INV007517,INV1,PO01320, V463,2024-12-19,48710.72,posted
INV007518,INV1,PO02066 ,V341,2023-09-17,28195.52,CANCELLED
INV007519,INV1,PO05561,v266,2024-08-28,32771.15,
INV007520,INV2,PO03172,V306,2024-06-13,74796.66,Cancelled
INV007521,INV1 ,PO00695 ,V428,2024-06-01,5715.07,CANCELLED
INV007522,INV1,PO06807,V158 ,2023-11-01,85775.51,CANCELLED
INV007523,INV2,po03447,V316,2023-11-01,53804.11,CANCELLED
INV007524,INV1, PO02566,V275 ,2024-05-13,1303.98,POSTED
INV007525, INV1,PO03242,V319,2023-05-07,62207.83,posted
INV007526,INV1 ,PO07264 ,V419,2023-12-03,50187.29,posted
INV007527,INV1 , PO07247,V269,2023-12-31,21911.64,CANCELLED
INV007528,INV1,PO04793,V312,2023-12-28,77674.79,Cancelled
INV007529, INV1,PO07884,V261,2023-07-11,57472.39,Cancelled
INV007530, INV2,PO02989, V489,2023-05-12,69674.44,posted
INV007531, INV2,PO07778,V139,2024-04-07,62182.29,POSTED
INV007532,INV1 ,PO07724,V093 ,2024-04-05,93184.58,Cancelled
INV007533,INV1,PO06825,V404 ,2023-09-14,45446.46,
INV007534,INV2, PO03484, V469,2024-05-17,73195.04,POSTED
INV007535,INV2, PO02291,V020,2024-04-11,84724.38,Cancelled
INV007536,inv1, PO06853,V268,2023-08-11,88424.58,CANCELLED
INV007537,INV1,po01672, V143,2024-04-19,92702.23,Cancelled
INV007538,INV2,po03625,V293,2024-04-20,51863.54,POSTED
INV007539, INV1,PO00244 ,V009,2023-01-20,89135.81,Cancelled
INV007540,INV2,PO02833 ,V436,2023-12-12,45430.91,Cancelled
INV007541,INV2,PO05032,V112,2023-07-30,47329.08,CANCELLED
INV007542,INV1 ,po07499,V277,2023-09-24,3269.36,Cancelled
INV007543,INV1,PO03887,V400,2023-07-25,,POSTED
INV007544,inv2,PO00871 ,V219,2024-09-06,18404.67,
INV007545,inv2,PO01389,v376,2024-05-07,88772.69,posted
INV007546,inv1,PO07616,V243,2023-11-06,29991.72,posted
INV007547,INV2, PO03321,V373,2023-09-21,5077.65,Cancelled
INV007548,INV1 ,PO00035,V403,2024-10-17,79079.28,Cancelled
INV007549, INV2,PO04030,V419,2023-11-27,40900.7,CANCELLED
INV007550, INV1,PO00752,v180,2024-09-25,8633.06,CANCELLED
INV007551,INV1, PO06411,V299,2023-01-15,91009.44,Cancelled
INV007552,INV1,PO06505,v286,2024-05-20,88437.8,CANCELLED
INV007553,INV1, PO00247,V471,2023-06-21,33225.46,Cancelled
INV007554,INV1,PO00564 ,V182,2023-11-18,92747.82,
INV007555,inv2,PO06399,V178 ,2023-02-23,80607.89,CANCELLED
INV007556,INV2,PO04457,V364,2023-04-10,94257.58,CANCELLED
INV007557,INV1,PO02459, V499,2023-11-07,30251.61,posted
INV007558,INV1,PO03209 , V138,2024-08-28,70929.51,CANCELLED
INV007559,INV1 ,PO04170,V176 ,2023-06-06,21864.8,POSTED
INV007560,INV2,PO03066, V018,2024-02-16,80322.46,posted
INV007561,inv2,PO05726,V154,2023-04-04,17329.12,posted
INV007562,INV1 ,PO04272 , V490,2024-02-26,22954.8,posted
INV007563, INV1,PO01411, V228,2024-04-22,40982.42,Cancelled
INV007564,INV2 , PO04876, V243,2023-03-20,94735.82,Cancelled
INV007565,inv2,PO04100,V040 ,2024-11-03,72211.02,Cancelled
INV007566,INV1,po07917, V207,2024-03-04,62709.39,posted
INV007567,INV1,PO00509,V146,2023-02-26,26812.08,posted
INV007568,INV2, PO03276,,2023-10-17,88056.68,CANCELLED
INV007569, INV2,PO01917,V402,2024-06-07,21544.26,posted
INV007570,INV2,PO07280,V008,2023-07-11,43527.53,
INV007571,INV2,po05320,V267,2024-10-10,19833.89,posted
INV007572,inv2,PO03401,v367,2023-06-27,82084.81,POSTED
INV007573,INV2,PO04975 ,v105,2024-10-01,56085.67,posted
INV007574,INV2,PO01301,v111,2024-10-28,79927.0,posted
INV007575,INV2,PO07578,v500,2023-08-24,60533.42,
INV007576,INV1,PO06181,V115 ,2024-07-04,74865.32,CANCELLED
INV007577,INV2,PO02682,V313,2023-07-16,53400.37,Cancelled
INV007578,INV2,po06505,v139,2024-11-13,21330.62,Cancelled
INV007579,INV2,PO07621,V262,2024-02-20,69369.73,Cancelled
INV007580,INV2,PO06039,v275,2023-02-04,88240.02,Cancelled
INV007581,INV1, PO06616,V290,2024-11-13,64411.53,CANCELLED
INV007582,INV2, PO03026,V036,2023-04-26,30381.91,Cancelled
INV007583,INV1,PO07652, V344,2024-11-18,41631.64,CANCELLED
INV007584,INV1,PO05055, V258,2023-01-11,39659.08,
INV007585,INV1,PO03857 ,V162,2023-10-08,17003.35,CANCELLED
INV007586,INV2,PO05741,V290,2023-04-27,,Cancelled
INV007587,INV2,po00270, V070,2024-09-28,44785.69,posted
INV007588,INV1,PO01126,V221,2024-05-29,45824.08,
INV007589, INV2, PO03100,V292,2024-06-05,78336.04,POSTED
INV007590, INV1, PO05646,V366,2024-03-09,12455.99,posted
INV007591,INV1,PO06340,V338,2023-09-01,22707.29,posted
INV007592,INV1 ,PO06021, V093,2023-08-09,92829.16,posted
INV007593,INV2,PO00355,V093 ,2023-02-21,47520.09,
INV007594,INV1,PO03578,V371,2023-04-06,73136.66,Cancelled
INV007595,INV1,PO04599, V045,2024-12-31,84380.56,
INV007596,INV1 ,PO01552,v276,2023-09-12,40003.16,Cancelled
INV007597,INV1,PO05719,V261,2023-04-07,80359.98,Cancelled
INV007598, INV1,PO05969 ,V494 ,2024-11-03,45703.09,posted
INV007599,INV1,PO07370, V484,2024-04-16,78190.89,posted
INV007600,inv1,PO07814,V395,2023-09-28,40639.81,POSTED
INV007601,INV1,PO03498 , V317,2023-09-01,91646.29,
INV007602,INV2, PO05764,V221 ,2023-10-22,73579.4,posted
INV007603, INV2,PO00439, V131,2024-11-03,46268.27,Cancelled
INV007604,INV2, PO00902,V029,2024-08-15,92389.36,
INV007605,INV1,PO02259,V152,2023-10-15,12352.87,CANCELLED
INV007606,INV1,PO02576, V259,2024-11-16,58157.97,
INV007607,INV1, PO01947,V386,2023-04-07,83077.26,Cancelled
INV007608, INV1,PO03535, V451,2024-12-12,85233.18,CANCELLED
INV007609, INV2,PO05670 ,V454 ,2023-11-29,73241.63,CANCELLED
INV007610,inv2,PO04176,V037,2023-07-12,65912.11,POSTED
INV007611,INV2,PO04919,V067 ,2024-01-28,90798.63,CANCELLED
INV007612,inv2, PO03163, V414,2023-09-18,15241.99,
INV007613, INV1,PO03067,V490 ,2023-04-26,10763.99,CANCELLED
INV007614,INV2, PO02924,v129,2023-05-20,81558.98,CANCELLED
INV007615,INV1,PO07362 ,V325,2023-06-04,13252.62,CANCELLED
INV007616,INV1,PO02349,V147,2024-04-23,49190.23,
INV007617,INV2 ,PO05520,V494,2024-10-08,86680.54,
INV007618,INV1,PO05147,V247,2024-05-20,24390.0,
INV007619,INV1,PO03980,V129,2024-04-20,46841.77,CANCELLED
INV007620,INV2, PO05440, V094,2024-01-25,2254.85,Cancelled
INV007621,INV1 ,PO00189,V001,2023-02-13,85609.59,Cancelled
INV007622,inv2,PO01773,V391,2023-07-27,72693.71,posted
INV007623,INV1, PO04835, V348,2023-06-02,79844.81,Cancelled
INV007624,INV2,po05204,V247,2023-05-07,26689.62,POSTED
INV007625,INV1, PO00606,v219,2024-02-21,77279.1,CANCELLED
INV007626,INV2,PO04576,V282,2024-06-03,87648.47,
INV007627,INV2 ,PO00272 ,V266,2024-03-21,,
INV007628,INV1,PO05349 ,V137,2023-06-10,504.93,posted
INV007629,inv2,PO03416,V295 ,2023-09-29,93650.42,CANCELLED
INV007630,INV1,PO06191,V430,2024-01-01,83176.61,posted
INV007631,INV2 ,PO07766 ,V448 ,2024-10-04,23104.97,
INV007632,INV1,PO02737, V178,2023-11-21,14664.4,
INV007633,INV1 ,PO00133, V010,2024-01-17,10284.59,CANCELLED
INV007634,inv2,PO05031,V062,2024-12-16,30590.13,CANCELLED
INV007635,INV2,po07225,V417,2024-12-23,81432.51,POSTED
INV007636,INV1,PO03748,V235 ,2024-11-13,59297.18,CANCELLED
INV007637,INV2,po00196,V338,2024-11-06,94139.54,POSTED
INV007638,INV2,PO06231,V348,2024-02-11,43170.88,posted
INV007639,INV2,PO05653,V206,2023-04-07,40330.23,POSTED
INV007640,INV2,PO07899,V239,2024-01-25,93797.22,
INV007641,INV1,po04586,V409,2023-04-14,18066.13,posted
INV007642,INV2,PO04741,V427,2024-06-02,16856.9,posted
INV007643,INV1,PO03030, V317,2023-08-23,78426.83,CANCELLED
INV007644,INV2 ,PO05974,V439,2024-11-10,11441.89,POSTED
INV007645,INV2,PO04442,v422,2024-03-05,55453.76,Cancelled
INV007646,INV1,PO02760 ,V238,2023-11-08,17451.37,
INV007647,INV2,po06780,v344,2024-05-15,45640.75,posted
INV007648,INV1,PO03413,V383 ,2024-07-25,53910.95,Cancelled
INV007649, INV1,PO01503,v037,2024-11-24,88865.16,POSTED
INV007650,INV1,PO04988 ,V198,2023-04-01,65769.19,Cancelled
INV007651,inv1,PO00864 ,V457,2023-07-09,1503.52,CANCELLED
INV007652,INV2,PO07545,V464,2023-06-15,75161.16,CANCELLED
INV007653,INV2,PO03647,V212,2024-02-06,53264.14,CANCELLED
INV007654,INV1,PO06449, V252,2024-10-08,27962.5,POSTED
INV007655,INV2, PO07543, V241,2023-06-08,20145.78,Cancelled
INV007656,INV2,PO04701,V170,2023-09-18,3918.64,posted
INV007657,inv2,PO02334,V365,2023-11-07,14238.33,CANCELLED
INV007658,INV2 , PO02731,V383,2023-06-28,60591.73,CANCELLED
INV007659,INV2, PO04557,v335,2023-12-03,29576.17,POSTED
INV007660,INV1, PO04620,v343,2023-03-05,13861.88,CANCELLED
INV007661,inv1,PO07164,V180 ,2024-01-22,12880.11,POSTED
INV007662,INV1,PO05498,V228 ,2023-02-04,60765.59,
INV007663, INV1,po01471,V034,2023-09-08,44785.74,CANCELLED
INV007664,INV2,PO05403,V433,2024-07-11,9743.56,posted
INV007665,INV2 ,PO02942,V110,2023-02-15,70978.94,Cancelled
INV007666,inv2, PO04748, V389,2024-07-25,63329.19,
INV007667,inv2,PO00322 ,V243,2023-04-13,1188.25,posted
INV007668,INV1,po00719,V039,2024-01-23,46860.33,Cancelled
INV007669,INV2,PO04440,V231 ,2024-05-16,12948.32,Cancelled
INV007670,INV2,PO03281, V092,2024-01-18,39330.94,
INV007671, INV2, PO01392,V437 ,2024-04-19,3165.26,posted
INV007672,INV1,PO06862,V244,2023-03-26,84893.65,CANCELLED
INV007673,INV1,po00055,V432,2024-02-07,23018.52,
INV007674,INV1,PO01485,V498 ,2024-09-25,60308.02,Cancelled
INV007675,INV1 , PO03945,V491,2023-12-26,8488.8,
INV007676,inv1,PO05247,V076,2023-09-08,81020.77,posted
INV007677,INV1,PO07879,V162,2024-01-21,52435.3,
INV007678, INV1,PO06911,V353,2023-04-09,67407.58,posted
INV007679,INV2,PO01191,V451,2023-11-04,52083.42,Cancelled
INV007680,INV2,PO02688,V352,2023-01-03,12047.95,
INV007681,INV2, PO05075,v025,2024-02-06,5861.81,
INV007682,INV2,PO07424,V353,2023-02-11,23094.7,Cancelled
INV007683,inv2,PO06204,v355,2023-10-29,84926.11,CANCELLED
INV007684,INV2 ,PO04211,V159,2023-11-05,34634.71,POSTED
INV007685,inv1,po00026,V490,2023-12-25,67226.41,POSTED
INV007686,INV2,po01717,V284,2023-12-23,43495.9,CANCELLED
INV007687,INV2,PO01823,V335,2024-01-28,46388.24,posted
INV007688,INV1 ,PO02545,V450,2024-07-09,,POSTED
INV007689,INV2, PO03092,V179,2024-06-23,70156.67,posted
INV007690,inv1,PO04228,v141,2024-11-12,48054.97,Cancelled
INV007691, INV1,PO07163 ,V248 ,2024-12-10,71075.99,CANCELLED
INV007692, INV1,PO07608,V493,2023-08-05,8221.47,POSTED
INV007693,INV1 ,PO04184 ,V023,2024-08-18,7882.92,posted
INV007694,INV1,PO02511,V089,2024-03-13,9694.58,POSTED
INV007695,INV1,PO01899, V235,2024-01-26,40502.03,posted
INV007696,INV1 , PO06429,V308,2023-03-06,60438.31,posted
INV007697,INV1, PO05759,V081,2024-02-02,76446.1,posted
INV007698, INV2,PO02235,V489 ,2023-09-01,50974.05,Cancelled
INV007699,INV1,PO05957 , V112,2023-05-28,47307.94,
INV007700,INV1,PO02263,V093,2024-02-03,23279.87,
INV007701,INV2,po02949,V409,2023-02-24,33262.81,CANCELLED
INV007702, INV1,PO00920 ,V435 ,2024-09-01,18690.8,CANCELLED
INV007703,INV1,po06925,V029,2023-01-18,81874.14,POSTED
INV007704,INV1,PO05378,V441,2023-11-30,12675.35,CANCELLED
INV007705,INV2, PO04167,v038,2023-01-02,13931.73,CANCELLED
INV007706,inv1, PO03154,V158 ,2023-07-07,44011.65,posted
INV007707,INV1,po05900, V155,2023-07-15,,
INV007708,inv2,po04936,V497,2024-12-02,14968.37,CANCELLED
INV007709, INV2,PO03412 ,V147,2024-06-16,46321.29,Cancelled
INV007710,INV1,po07776,V173,2023-02-22,94409.88,
INV007711,INV1,PO05293 ,V375,2024-06-24,49734.19,
INV007712,INV1,PO06609,,2024-12-04,70626.23,CANCELLED
INV007713,inv1,po06126,V330,2023-11-03,21382.09,CANCELLED
INV007714,INV2, PO03453,V138,2023-03-20,38087.57,Cancelled
INV007715,INV1 ,PO02083,V123,2024-02-03,8783.53,POSTED
INV007716, INV2,po00488,V055,2023-06-23,76188.61,Cancelled
INV007717,INV1,PO03235,V425,2024-12-28,91864.79,Cancelled
INV007718,INV2 ,PO05353,V208,2023-03-07,67204.12,CANCELLED
INV007719, INV1,PO07791,V494,2024-04-25,77678.31,POSTED
INV007720,INV2,PO01968 ,V427,2023-09-19,51300.74,
INV007721, INV1,PO00978,V333,2024-10-26,11910.72,posted
INV007722,INV2 ,PO02934,V059,2024-06-18,63922.02,CANCELLED
INV007723,INV2,po04135,V084,2023-03-24,83010.3,
INV007724,inv1,po05058,V489,2024-06-11,56053.43,Cancelled
INV007725,INV1,PO00944,V055,2024-11-15,35932.44,Cancelled
INV007726,INV2,PO02536,V492,2024-11-27,43028.03,Cancelled
INV007727,INV1, PO04462,v238,2024-12-09,22135.93,Cancelled
INV007728,INV1, PO04335,V243,2023-06-02,70979.88,CANCELLED
INV007729,INV2, PO07644,V290,2023-10-11,45108.57,
INV007730,INV2,PO07762,V146 ,2024-07-28,7420.35,POSTED
INV007731,INV1,PO06023, V131,2023-07-18,54345.22,
INV007732,inv1, PO06765,V139,2024-10-31,42212.55,
INV007733,INV2,PO07506 ,V366 ,2024-05-27,54377.07,CANCELLED
INV007734,INV1 ,PO02784,V306,2024-02-28,81624.2,POSTED
INV007735,INV2,po03562,V171,2024-09-22,77489.01,Cancelled
INV007736,INV2,PO07833,V103,2023-03-02,,POSTED
INV007737, INV1,PO04905,V176,2024-01-08,34124.11,CANCELLED
INV007738,INV1,PO06060,V429,2024-07-12,21322.15,Cancelled
INV007739,INV2,PO06866 ,V026,2024-07-07,37036.3,posted
INV007740,INV1,po04008,V296 ,2023-06-25,77216.82,Cancelled
INV007741,INV1 , PO03964,V394,2024-03-07,65317.78,posted
INV007742,INV2 ,PO04369,v122,2024-08-05,24020.05,
INV007743,INV1,po03812,V055 ,2024-06-17,22186.13,CANCELLED
INV007744, INV1,PO00265,V056 ,2024-06-17,65884.12,CANCELLED
INV007745,inv1,PO02667,V387,2023-10-07,36743.51,POSTED
INV007746,INV2,PO06871, V488,2023-04-09,52832.58,POSTED
INV007747,inv1, PO07410, V337,2023-04-22,50503.07,Cancelled
INV007748,INV1,po01140,V325,2024-06-08,34369.58,
INV007749,INV2,PO06453, V387,2023-09-22,31607.56,
INV007750,inv1,PO01606,V230,2024-05-16,15743.25,POSTED
INV007751,INV2,PO04368 ,V485,2023-08-08,67696.47,posted
INV007752, INV1,PO02383,V423,2023-05-30,5981.67,Cancelled
INV007753,INV2,PO00133 ,V457,2023-12-21,716.55,
INV007754,INV2,PO04570,V320,2024-06-17,,
INV007755,INV2,PO03773,V398,2023-02-13,52948.9,POSTED
INV007756,inv2,PO07591,V247,2024-12-15,69344.54,POSTED
INV007757,inv1,po00078,v183,2024-06-28,54731.33,CANCELLED
INV007758,INV1, PO05068,V480 ,2024-02-15,7517.44,CANCELLED
INV007759,INV1 ,PO07607,V356,2024-08-27,69496.06,posted
INV007760, INV2,PO04557, V342,2024-02-28,49968.12,Cancelled
INV007761,INV2,PO07651,V403 ,2024-07-06,,CANCELLED
INV007762,INV2,PO07196 ,V011,2024-01-31,9399.66,CANCELLED
INV007763,INV1, PO05792,V197,2024-06-06,70362.8,posted
INV007764,INV1,PO05908 ,V178 ,2024-09-03,45723.64,POSTED
INV007765,inv1,PO03189,v110,2023-05-07,47841.37,CANCELLED
INV007766,INV2,PO05444 ,V198 ,2023-07-20,9026.79,
INV007767,INV1,PO01700,V059,2024-07-08,10645.14,Cancelled
INV007768,INV2,PO07229,V473,2023-02-16,89969.52,posted
INV007769,INV1,PO07782,V413 ,2024-02-21,76561.62,posted
INV007770,INV1,po01576,V184 ,2024-04-25,38478.66,
INV007771,INV1,po03304,V251,2024-01-03,67998.17,Cancelled
INV007772,INV2,PO04015,V439 ,2023-11-07,37404.38,
INV007773,INV1 ,po05294,V374,2023-04-03,11540.71,Cancelled
INV007774,INV1,PO07755,V127,2024-07-13,91512.46,
INV007775,INV1,po05765, V239,2024-12-10,75001.12,POSTED
INV007776,INV1,PO01777,V048,2024-06-20,3945.77,CANCELLED
INV007777,INV1,PO02941,V457,2024-04-15,3229.89,
INV007778,INV1, PO07200,V123,2023-12-21,48024.87,
INV007779,INV2,PO02877,V380 ,2023-10-13,18042.53,Cancelled
INV007780, INV2,po01560,,2024-10-03,10941.03,POSTED
INV007781,INV1,,V069,2023-12-21,39505.33,CANCELLED
INV007782,INV2,PO02537,V204 ,2024-01-22,35248.02,POSTED
INV007783,INV1,PO03994,V414 ,2024-06-25,52921.19,CANCELLED
INV007784,INV1,PO06167,V061,2023-02-14,27324.72,Cancelled
INV007785,INV1,po04643,V412,2023-11-09,92575.99,
INV007786,INV2,PO07226,V372,2023-05-15,62271.82,CANCELLED
INV007787,INV1,PO07976,V425,2023-09-10,75437.03,POSTED
INV007788, INV1,PO03640,V040,2024-09-13,41435.95,
INV007789, INV2,PO04235,v436,2024-10-14,5334.39,posted
INV007790,INV2,PO04235,v345,2024-12-26,82051.06,
INV007791,INV1,PO04100, V031,2024-04-07,35549.79,posted
INV007792, INV2,PO01906,V353,2023-08-23,66306.9,
INV007793,INV1 , PO03002,V028,2024-06-19,60002.05,POSTED
INV007794,inv2,PO03784,V125 ,2023-03-29,49649.97,posted
INV007795,INV2 ,PO07435,v080,2024-01-18,16417.05,POSTED
INV007796,INV1,po07531,V311,2024-08-30,21039.21,
INV007797,INV1,PO05428 ,v440,2024-02-27,81191.64,POSTED
INV007798,INV2,PO03282 ,V101,2024-05-05,61774.4,CANCELLED
INV007799,INV1,PO04296, V294,2023-06-03,31251.77,CANCELLED
INV007800,INV1,PO03838,V325,2023-02-28,67078.35,Cancelled
INV007801,INV2,PO04310,v198,2023-09-21,14380.6,POSTED
INV007802,INV2,po01167,V192,2024-03-02,37559.42,Cancelled
INV007803,INV2,po02124,V378,2024-08-23,9159.36,posted
INV007804,INV1, PO04552,V255,2023-06-10,50603.0,Cancelled
INV007805, INV1,po02858,V406,2023-02-20,94867.39,POSTED
INV007806,INV1,PO06129,V246,2024-12-20,22552.5,CANCELLED
INV007807,INV1 ,PO03668,V082,2024-12-03,59323.96,Cancelled
INV007808,INV2, PO07957,V438,2023-03-21,43800.11,posted
INV007809, INV2,PO00747, V113,2023-03-19,44929.49,Cancelled
INV007810,INV1,po04785,V039,2023-01-31,37480.39,posted
INV007811,INV2,PO03194 ,V433,2024-07-08,29318.2,Cancelled
INV007812, INV1,PO02200 , V331,2024-12-07,73793.12,Cancelled
INV007813,INV1,PO01103 ,V104,2023-01-11,81175.61,POSTED
INV007814,INV2,po03601,V419,2023-04-21,1857.88,CANCELLED
INV007815,INV1, PO05017,V033 ,2024-12-17,58636.15,
INV007816,INV1,PO02414,V028,2024-05-08,41028.67,Cancelled
INV007817, INV1,PO05228,V165,2024-09-17,13268.81,POSTED
INV007818,INV1,PO03787,V246 ,2023-01-11,12607.68,Cancelled
INV007819,INV1,PO04562,V239,2023-10-01,87510.21,
INV007820,INV1, PO07654,V315,2024-07-22,55085.49,posted
INV007821, INV1,PO07051,V351,2024-09-07,78993.35,POSTED
INV007822,INV1 , PO05944,V115,2023-06-15,2083.95,Cancelled
INV007823,INV1,PO03277,V139,2024-01-17,45713.88,posted
INV007824,INV2 , PO07732,V469,2023-06-04,33111.05,
INV007825,INV2,PO00732, V025,2024-02-11,45229.4,posted
INV007826,INV1,PO04368,V079,2024-12-20,67771.63,POSTED
INV007827,INV1,PO01702, V232,2024-02-06,15385.05,POSTED
INV007828, INV1,PO06362,V171 ,2023-07-31,43482.12,POSTED
INV007829,,PO05421,v270,2023-05-09,60811.89,POSTED
INV007830, INV1,PO06058,V331,2024-06-27,957.22,Cancelled
INV007831, INV1,PO03923,V397,2023-01-30,38267.27,Cancelled
INV007832,INV2,PO03857,V218,2023-12-19,,CANCELLED
INV007833,INV2,po02968,V056,2023-11-08,22157.88,
INV007834,INV1 ,po03031,V097,2023-12-25,24394.44,
INV007835,INV1,PO01506 ,V337,2023-12-13,29342.76,
INV007836,INV1,PO06996,v189,2024-05-18,78187.98,POSTED
INV007837,INV2,PO05711, V483,2023-03-11,88790.79,CANCELLED
INV007838,INV1,PO02432 ,V170,2024-03-13,80542.88,POSTED
INV007839,inv1,PO03193 ,v238,2023-01-15,66342.15,Cancelled
INV007840,INV1,PO05910,V004,2023-05-13,32892.41,posted
INV007841, INV2,PO00173,V349,2024-08-09,16635.18,posted
INV007842,INV2, PO05076,v103,2023-05-26,31295.48,posted
INV007843,INV1,PO05133,V215,2023-02-21,67718.95,posted
INV007844,INV2 ,PO04279,V318,2024-04-25,62870.48,POSTED
INV007845,INV1,PO06085 ,V047 ,2023-10-22,85060.27,posted
INV007846,INV1,PO02054,v386,2024-01-14,70694.77,Cancelled
INV007847,inv1,po07355,V426,2023-07-25,75024.15,POSTED
INV007848,INV1,PO04651,v122,2023-08-25,76699.44,Cancelled
INV007849,INV2,PO00865,V056,2023-02-24,73742.44,CANCELLED
INV007850,INV1,po04647,V263,2024-05-29,56543.51,POSTED
INV007851,inv2,PO05477, V468,2023-11-01,69018.68,posted
INV007852,inv2,PO07032,v355,2023-11-23,36932.13,Cancelled
INV007853, INV2,PO01985,V229,2024-06-08,77483.94,POSTED
INV007854,INV1 ,po05821,V410,2023-10-11,80709.91,CANCELLED
INV007855,inv2, PO00787,V002,2024-07-05,56357.89,posted
INV007856, INV1, PO07369,V031,2023-05-09,2282.05,
INV007857,inv2,PO07363 ,V478 ,2024-05-18,91949.35,posted
INV007858,INV1,PO02187,V151,2023-10-21,90724.45,
INV007859,INV2,PO05540,v163,2024-09-12,53712.46,posted
INV007860,inv1, PO03367, V330,2023-11-14,40079.95,CANCELLED
INV007861,INV1,PO06021 ,V475,2024-05-06,26451.07,CANCELLED
INV007862,INV1 ,po03029,V091,2023-08-07,47954.37,Cancelled
INV007863,INV1 ,PO03620, V184,2024-10-25,75137.38,
INV007864,INV2,PO03654,V152,2023-03-05,58830.68,
INV007865,INV1, PO06033,V445,2024-02-19,88123.46,posted
INV007866,INV1,PO04718,V215,2024-06-28,82170.69,Cancelled
INV007867,INV1,po06148,V020 ,2023-07-23,26741.76,CANCELLED
INV007868, INV2,PO03668,v094,2023-06-05,19818.78,Cancelled
INV007869,inv2,PO02738,V498,2024-08-27,5950.34,Cancelled
INV007870,INV1,PO06276,v076,2024-02-19,81441.54,POSTED
INV007871,INV1,po00515,V325 ,2024-06-20,67464.71,
INV007872,INV1, PO04474,V123 ,2023-02-26,42860.22,Cancelled
INV007873, INV1,po00461,V337 ,2023-04-26,72868.2,CANCELLED
INV007874,INV1,PO01672,V436,2023-07-10,21622.5,posted
INV007875,INV2,PO01042, V307,2024-02-17,26918.11,POSTED
INV007876,INV1,PO04654 ,V260,2024-01-12,44152.35,POSTED
INV007877,INV1,po01685,V249,2024-07-09,25057.95,CANCELLED
INV007878,INV1,po03468,V110,2024-03-24,17883.21,POSTED
INV007879,INV2 ,PO03811,V149 ,2024-05-28,5825.35,CANCELLED
INV007880,INV2,PO06308,v027,2023-08-22,86100.84,posted
INV007881,INV1,PO02731,V145,2023-04-08,34720.21,CANCELLED
INV007882,INV1,po02859, V060,2023-05-31,27668.47,POSTED
INV007883,INV2,PO03786,V304,2023-02-07,63722.13,POSTED
INV007884,INV1,po00941,V258,2024-08-11,7656.13,CANCELLED
INV007885,INV2, PO05905,V383 ,2023-12-01,93381.58,Cancelled
INV007886,INV2,PO04815,V359,2023-05-24,76366.87,Cancelled
INV007887,INV1,po01264,v004,2023-03-18,50308.35,
INV007888,INV1,PO01805 ,V297 ,2024-10-07,72141.32,posted
INV007889, INV2,PO01124,v328,2023-10-27,63859.49,POSTED
INV007890, INV2,PO02081,V312,2024-05-24,26736.82,posted
INV007891,INV2,po05045,V028 ,2024-02-20,94187.6,Cancelled
INV007892,inv2,PO00494, V105,2023-05-22,75164.18,POSTED
INV007893,INV2 ,PO02335,V460 ,2023-03-15,32694.39,CANCELLED
INV007894,INV2,PO06878 ,V124,2024-02-07,13253.11,POSTED
INV007895,INV2,po02074, V257,2023-05-24,67264.77,
INV007896,INV1,PO06682,V167,2024-02-04,56258.59,posted
INV007897, INV2,po01549,V204,2023-08-17,1341.81,CANCELLED
INV007898,inv2,po05199,v032,2023-05-24,16204.93,POSTED
INV007899,INV1,PO05235,V377,2024-07-07,18323.74,CANCELLED
INV007900,INV2 ,PO05108,v468,2024-11-24,55753.25,posted
INV007901,INV2,PO02232,V263,2023-05-18,35768.98,Cancelled
INV007902,INV2 , PO03597,V062,2023-05-26,89197.24,
INV007903,INV1,PO05335 ,V129,2023-08-11,32509.91,Cancelled
INV007904,inv1, PO06510,V346,2023-08-22,80699.26,posted
INV007905,INV1 ,PO06150 ,v240,2023-02-08,58465.69,
INV007906,INV1,PO07143,V440 ,2023-03-14,32107.08,CANCELLED
INV007907,INV2 ,PO01805,V370,2024-05-09,83072.45,CANCELLED
INV007908,INV2,PO05299, V105,2023-11-14,68079.1,posted
INV007909,INV1,PO07038, V182,2023-10-15,88208.78,
INV007910,INV2,PO04415,V049,2023-05-31,61542.02,POSTED
INV007911,inv1, PO05831,V140 ,2024-04-05,35430.77,CANCELLED
INV007912,INV2 ,po01715, V320,2023-11-05,,
INV007913, INV1,PO00228,V360,2024-09-11,34906.47,CANCELLED
INV007914,INV1,PO02585,V236,2023-07-04,13869.07,posted
INV007915,inv1,PO06070,V463,2024-05-21,4595.28,Cancelled
INV007916,INV1,PO02027,V484,2024-10-26,,CANCELLED
INV007917,INV2,PO03585,V076,2023-01-28,4427.18,POSTED
INV007918,inv1,PO05007 , V370,2023-06-03,50468.61,
INV007919,INV1 ,PO02647,v335,2023-09-02,20946.92,CANCELLED
INV007920,INV2,PO00313,v193,2023-10-01,77983.42,Cancelled
INV007921,INV1,PO05326,v417,2023-05-16,59426.42,Cancelled
INV007922,INV2,PO07492 ,V213,2023-01-06,50022.71,Cancelled
INV007923,inv1,PO05283,V242,2023-06-03,36093.32,posted
INV007924,INV1 ,PO07790,,2024-11-04,74946.64,Cancelled
INV007925,INV2 ,po07906, V008,2023-03-24,8962.7,CANCELLED
INV007926,INV1,PO00882,V322,2024-07-31,78183.34,posted
INV007927,INV2,PO07075, V389,2023-04-21,18127.62,Cancelled
INV007928,INV2, PO01385,V302,2023-05-07,85038.62,Cancelled
INV007929,INV1,PO05477,V387,2024-09-01,51530.24,POSTED
INV007930, INV1, PO01652, V184,2023-02-27,55383.31,CANCELLED
INV007931,INV1, PO06914,V143,2024-12-27,33535.99,
INV007932,INV2 ,PO01999 ,V222,2024-10-19,47786.7,Cancelled
INV007933,INV2,PO02503,V493 ,2023-08-21,20017.08,posted
INV007934,INV2,PO02115,v044,2023-09-19,24185.26,CANCELLED
INV007935,INV1 ,po00271,V391,2023-07-04,13056.2,POSTED
INV007936, INV1, PO07513,V494 ,2024-08-21,79282.59,POSTED
INV007937,INV1, PO07260, V140,2023-12-13,68794.93,POSTED
INV007938, INV2,PO07612,V305,2024-06-05,9624.38,
INV007939,INV1,PO07125, V168,2024-11-30,85405.67,posted
INV007940,INV1,PO02800,V303,2023-09-04,61818.63,CANCELLED
INV007941,INV1,po06873,V377,2023-06-15,10746.64,Cancelled
INV007942,inv1,PO03891 ,v328,2023-07-20,61082.75,posted
INV007943,INV1,PO07443,V295,2023-12-25,39245.58,Cancelled
INV007944,INV2,PO07080,V045,2024-11-16,5853.52,posted
INV007945,INV2 ,PO04752,V473,2023-05-02,64364.82,
INV007946,INV1,po05931,V400,2024-10-23,45333.15,POSTED
INV007947,INV2,po03194,V273,2023-12-28,77794.6,posted
INV007948,,PO00310,v108,2024-11-08,17059.1,posted
INV007949,INV1,po01412, V251,2023-07-05,38852.35,posted
INV007950,inv1,PO02287,V221,2024-01-06,64707.47,
INV007951,INV1,PO07980,v434,2024-05-05,48829.62,posted
INV007952,INV2, PO02843,v398,2024-02-27,34548.03,CANCELLED
INV007953,INV1,PO07774,V387,2023-03-30,75522.53,
INV007954,INV2,PO05538,V005 ,2024-01-17,57063.13,
INV007955,INV1,PO00938,V062,2023-11-09,26880.45,Cancelled
INV007956,INV2,PO01943, V208,2023-01-19,38047.28,CANCELLED
INV007957,INV1,PO00162, V401,2024-08-31,3770.1,CANCELLED
INV007958,INV1,PO05532,V200,2023-06-16,14712.83,posted
INV007959,INV1 ,PO00142,V018,2024-02-07,4978.58,posted
INV007960,INV2,PO07662 ,v195,2023-12-12,18989.93,
INV007961, INV1,PO01649 ,V326 ,2024-03-05,47369.43,POSTED
INV007962,INV1,PO03810,V250,2024-05-23,55155.05,Cancelled
INV007963,inv1, PO02494, V107,2024-07-30,17674.28,
INV007964,INV2,PO01232,V410 ,2023-12-12,25640.51,CANCELLED
INV007965,INV2,PO01527,V110,2024-11-17,,Cancelled
INV007966, INV1,PO04869 , V327,2023-03-19,84099.42,POSTED
INV007967,inv2,po07048,V421,2023-07-07,58378.68,CANCELLED
INV007968, INV2,PO01175,V169,2024-06-23,52263.61,Cancelled
INV007969,INV1,PO00077 ,V179,2024-08-27,45224.36,posted
INV007970,INV2 ,PO04070,V329,2024-11-13,14833.74,POSTED
INV007971,INV1 , PO00264,V494,2024-04-20,88533.02,POSTED
INV007972,INV2 ,PO04284,V162,2023-05-13,10008.73,Cancelled
INV007973,INV2 ,PO05167 ,V269,2023-06-07,39585.56,Cancelled
INV007974,inv1,PO06929, V159,2023-05-23,53115.95,
INV007975,INV1,PO04513,V111,2024-08-28,7528.23,Cancelled
INV007976,INV1 ,PO06299, V118,2023-06-30,41014.73,CANCELLED
INV007977,INV2,PO03514 ,V280 ,2024-09-10,94822.06,
INV007978,INV2 ,po00471,V390,2024-11-08,33405.92,posted
INV007979, INV1,PO02287,V468,2024-09-28,48633.9,CANCELLED
INV007980,INV1,PO06673 ,V109 ,2024-07-31,70816.36,
INV007981,INV2,PO03459,V080,2024-10-10,64327.58,Cancelled
INV007982,inv1,PO05169 ,V019,2024-07-10,82669.13,Cancelled
INV007983,INV2,PO01587,v208,2024-08-09,21014.22,
INV007984, INV2,PO07828,V024 ,2024-02-29,29383.26,
INV007985,INV2,PO06700,V485 ,2023-07-28,71517.12,CANCELLED
INV007986,inv2,PO03062,V190,2023-05-23,,
INV007987, INV2,PO01732,V204,2024-09-24,45457.7,CANCELLED
INV007988,INV2,PO06599 ,V444,2024-07-17,82151.32,POSTED
INV007989,INV1,PO01448, V217,2023-02-07,,POSTED
INV007990,INV1,PO00359,V352,2024-02-07,89008.36,
INV007991,INV1 ,PO07950,V035,2023-12-22,36723.77,
INV007992, INV2,PO00921,V085,2023-04-24,83752.6,POSTED
INV007993,INV1,po02960,v266,2024-02-24,3589.8,CANCELLED
INV007994,INV2 , PO06448,V009,2023-12-14,1251.3,POSTED
INV007995,INV1,PO04883,V118,2023-05-28,32164.32,POSTED
INV007996,INV1,, V022,2023-12-19,43090.38,posted
INV007997,INV1,PO04258,V495,2023-03-02,67595.79,POSTED
INV007998,inv2,po03633,v348,2023-10-27,80914.98,CANCELLED
INV007999,inv1, PO00009,v032,2023-11-22,37388.26,posted
INV008000,inv1,PO00279,V120 ,2024-09-20,21699.26,Cancelled
INV008001,INV1,PO07789, V312,2023-09-05,66032.77,CANCELLED
INV008002,INV2,PO03303,v030,2023-08-23,87516.35,POSTED
INV008003,INV2 ,PO01165 ,V393,2024-08-11,92648.99,POSTED
INV008004,INV1 ,po01058,V109,2024-12-04,4770.66,
INV008005,INV1, PO06309,v467,2023-05-20,31064.15,
INV008006,INV2,PO02354,V415,2023-11-12,93191.69,Cancelled
INV008007,inv1, PO07318,V171 ,2024-07-16,59634.51,POSTED
INV008008,INV1 ,PO04587, V234,2024-05-15,,
INV008009,inv1,PO02679,V265,2023-03-12,54792.02,posted
INV008010,INV1,PO04896,V190,2023-12-04,60385.63,Cancelled
INV008011, INV1,PO07759 ,V222 ,2023-05-31,63868.54,
INV008012,INV2, PO04832,v306,2024-10-02,47079.92,posted
INV008013,INV1,PO04334,V032 ,2023-03-16,6810.68,posted
INV008014,inv2,PO07961,V287,2023-07-12,35323.93,Cancelled
INV008015,INV1,PO00118,V025,2024-03-21,50032.9,CANCELLED
INV008016,INV1,PO06016,V212,2023-11-26,84536.08,POSTED
INV008017,INV2,po02081,V137,2023-08-17,78670.04,posted
INV008018,INV2 ,po05362,V264,2024-10-21,61757.47,Cancelled
INV008019,INV1,PO03158,v473,2024-12-10,80141.6,CANCELLED
INV008020,INV2 ,PO05983,V401,2023-05-03,1396.13,POSTED
INV008021,INV2 ,PO07740 ,v471,2023-09-15,51535.98,CANCELLED
INV008022,inv1,PO06349,v052,2024-09-20,69979.78,
INV008023,inv1,PO02462,V291,2023-10-01,45617.54,Cancelled
INV008024,INV2,PO03371,v390,2023-02-07,9264.49,
INV008025, INV1, PO01326, V053,2023-04-24,13045.25,posted
INV008026,INV2,PO00718,v398,2024-10-07,13110.48,posted
INV008027,INV2,PO02886,V258,2023-07-03,16106.71,CANCELLED
INV008028,INV2,PO01491 ,v415,2023-08-04,22650.14,posted
INV008029, INV2,PO05414,v019,2024-11-14,6286.24,Cancelled
INV008030,INV2,po04199,V411,2024-03-02,46690.17,CANCELLED
INV008031,INV1,PO02316,v101,2024-05-19,75106.11,CANCELLED
INV008032,INV2,po02422,V113,2023-05-16,17398.07,
INV008033,INV2,PO02147, V113,2024-01-14,,Cancelled
INV008034,INV1 , PO05640,V479,2023-09-19,76801.34,Cancelled
INV008035,INV1,PO01590,V429,2024-11-18,32044.09,
INV008036,inv2,PO00791,v010,2024-02-14,87780.07,
INV008037,INV1,PO03014 , V036,2024-12-04,8194.28,Cancelled
INV008038, INV1, PO04970,v379,2024-02-10,44474.64,Cancelled
INV008039,INV1,PO06798,V431,2023-04-20,26748.42,CANCELLED
INV008040,INV1,PO05438,v466,2024-07-21,52894.03,POSTED
INV008041,INV2,PO06239 ,V045 ,2023-11-12,75332.91,
INV008042,inv1, PO04221,V336,2023-12-28,83774.53,CANCELLED
INV008043,INV2,po07680,V303,2023-05-12,43237.55,posted
INV008044,INV2 ,PO05856,V072,2023-10-28,55363.49,posted
INV008045,INV1,PO02635,V007,2024-10-11,90879.53,Cancelled
INV008046,INV1, PO00667,V182,2023-12-18,59687.06,CANCELLED
INV008047,INV2,PO00310,V147,2023-08-29,54731.53,POSTED
INV008048,INV1,po02310,V340,2024-04-07,1599.41,posted
INV008049,INV1,PO04932 ,v384,2023-06-10,21855.05,Cancelled
INV008050,INV1 ,PO06534 ,V212,2023-10-12,70307.29,
INV008051, INV2,PO06460,V022,2023-05-25,24545.16,posted
INV008052,INV1,PO00932, V484,2023-06-08,69696.17,POSTED
INV008053,INV1 ,po00778,V359 ,2023-06-04,73985.91,posted
INV008054,INV2,PO01127,V039,2024-07-29,37797.55,Cancelled
INV008055,INV1 ,PO05389,V354,2023-04-08,60648.16,CANCELLED
INV008056,INV1 ,PO01411,v124,2023-04-17,43047.04,Cancelled
INV008057,INV2,PO07860 ,v412,2023-12-11,20037.43,Cancelled
INV008058,INV2,PO00130, V453,2024-05-31,17319.29,Cancelled
INV008059,INV2, PO03912,V196,2024-11-03,62676.36,
INV008060, INV2,PO07922,V308,2024-05-18,81218.78,Cancelled
INV008061,INV1,PO07850 ,V100,2023-04-15,35935.53,POSTED
INV008062, INV1,PO04742,V400,2023-06-24,76876.25,POSTED
INV008063, INV1,PO07803,V057,2023-08-19,52773.41,
INV008064,INV2,po05650,v137,2024-10-17,28181.66,posted
INV008065,INV2 ,PO07600,V341,2023-08-03,52013.41,CANCELLED
INV008066, INV1,PO06219 , V297,2023-01-14,53391.88,CANCELLED
INV008067,INV1,PO00025,V392,2024-03-03,71544.32,POSTED
INV008068,INV2, PO07325,v143,2024-05-01,68235.78,Cancelled
INV008069,INV2, PO01279,V051,2024-12-07,59519.7,CANCELLED
INV008070,INV2,PO02806,V461 ,2024-01-18,2594.27,POSTED
INV008071,INV2, PO03122,V443,2024-02-24,32994.01,Cancelled
INV008072,INV1,PO04186,V310,2023-12-14,67428.25,posted
INV008073,INV1,PO04819,v313,2024-05-19,64804.75,Cancelled
INV008074,INV2,PO05853, V052,2024-10-12,31143.15,POSTED
INV008075,INV2,PO06515,V366,2023-09-10,34458.11,POSTED
INV008076,inv1,PO07387,V493 ,2024-02-02,24378.93,Cancelled
INV008077,inv2,po02933,V098 ,2023-10-19,51789.03,Cancelled
INV008078,INV1 ,PO02386,v357,2024-08-12,54951.58,CANCELLED
INV008079,INV2, PO01473, V002,2023-06-30,61696.49,
INV008080,INV2,PO03544,V185 ,2024-05-05,13430.29,CANCELLED
INV008081,,PO01617,V152 ,2024-05-26,70643.95,posted
INV008082,INV2,PO06826,V195,2023-04-11,36324.69,POSTED
INV008083,inv1,PO03487, V209,2024-05-27,80995.77,
INV008084,INV2,PO07238,V204,2024-09-24,17551.14,POSTED
INV008085,INV1,,v222,2023-12-05,74188.51,POSTED
INV008086, INV1, PO02908, V215,2024-12-05,17374.77,CANCELLED
INV008087,inv2,po02991,V189 ,2024-09-30,14429.07,Cancelled
INV008088,INV1, PO00415,V484,2024-03-09,76803.62,POSTED
INV008089,inv2, PO01749,v472,2024-06-21,90557.92,posted
INV008090,INV1 ,PO05300,V482,2023-10-21,26525.98,posted
INV008091, INV2,po05235,,2024-10-23,64408.41,POSTED
INV008092,INV2,PO07937,V224,2024-03-31,67731.52,CANCELLED
INV008093,INV2,PO01098,V003,2023-10-29,70119.37,Cancelled
INV008094,INV2,PO01806,v050,2024-01-28,49207.72,posted
INV008095,INV2,PO02912,V325 ,2023-10-23,92408.26,posted
INV008096,INV1,PO04341,V199 ,2023-10-04,15454.43,Cancelled
INV008097,inv2,PO05743,V210,2023-07-25,,
INV008098,INV1,PO07574 ,V364,2023-07-18,44158.89,POSTED
INV008099,inv2,PO05618,V381,2024-12-01,58137.29,
INV008100,inv2,PO06351, V439,2024-04-11,25605.54,Cancelled
INV008101,INV2, PO00695,V221,2023-03-14,30766.02,
INV008102,INV2,PO00465,V043,2023-07-07,56155.31,posted
INV008103,inv2,PO02582,V326 ,2024-02-12,60771.73,Cancelled
INV008104,INV2,,v435,2024-02-06,77221.84,POSTED
INV008105,INV2, PO03249,V481 ,2024-07-13,67725.02,posted
INV008106,INV2,PO06673,v321,2024-02-11,54460.15,POSTED
INV008107, INV2, PO03132, V310,2024-02-04,55426.09,CANCELLED
INV008108,INV1 , PO03656,V499 ,2023-04-05,72507.97,
INV008109,INV2,PO00737, V010,2024-07-30,12543.08,POSTED
INV008110,INV2,PO06696,V484,2024-12-06,20179.37,POSTED
INV008111,inv2,PO03838,V137 ,2023-04-28,81579.15,Cancelled
INV008112,INV1 ,PO02310,V472 ,2023-05-29,54938.83,posted
INV008113,INV2,po03841,V160 ,2023-04-12,92546.04,posted
INV008114,INV2 ,po01769,v135,2023-09-15,19315.26,POSTED
INV008115,INV1,PO03126 , V458,2024-12-04,2848.56,posted
INV008116,INV2, PO02736,V468,2023-08-16,43579.28,
INV008117,INV1,PO03730,V005,2024-04-08,48669.31,posted
INV008118,INV2, PO01005, V142,2024-11-28,85927.15,CANCELLED
INV008119, INV2,PO04715, V321,2024-04-24,63337.18,CANCELLED
INV008120,INV1 , PO04963,V256,2024-09-26,43508.0,POSTED
INV008121,INV1,PO02184,V236,2024-03-24,3433.36,CANCELLED
INV008122,inv1,PO04539,V118,2024-03-18,30419.61,posted
INV008123,INV1, PO00035,v372,2024-02-19,72720.96,CANCELLED
INV008124, INV1,PO05142,V292,2024-09-21,54324.51,POSTED
INV008125,INV1 ,PO04934,,2023-01-12,31880.57,POSTED
INV008126,INV1,PO01080,V172 ,2024-05-28,65621.05,
INV008127,INV1,PO07375, V466,2024-04-07,75320.32,Cancelled
INV008128,inv2,PO01068,V025,2024-01-22,81983.33,
INV008129,INV2,PO05132, V065,2024-11-28,36393.4,posted
INV008130, INV2,po00631,V383,2023-09-08,50226.68,CANCELLED
INV008131,inv2,PO03150,V018,2023-12-20,28038.65,Cancelled
INV008132,INV2,PO00836,v064,2023-08-08,20866.96,posted
INV008133, INV2,PO06709,V276,2024-03-24,94080.48,
INV008134,INV2,PO06309, V494,2023-05-08,53058.45,POSTED
INV008135,INV1,PO00501,v237,2023-02-28,79210.73,CANCELLED
INV008136,INV1 ,PO03616 ,V263,2023-07-28,44964.22,CANCELLED
INV008137,INV2,PO04842,V186,2024-02-13,84398.07,posted
INV008138,inv2,PO01422,V284,2024-11-06,,
INV008139,INV2 ,PO04751,V264,2024-05-04,70550.48,posted
INV008140, INV1, PO06602, V095,2023-11-16,30939.91,Cancelled
INV008141,INV2, PO01514,V145,2023-08-23,85384.51,CANCELLED
INV008142, INV1, PO07393,v012,2024-06-10,80931.39,
INV008143,INV2,PO04678 ,v066,2023-03-07,43005.09,Cancelled
INV008144,INV2 , PO05446,v451,2024-11-28,40912.19,posted
INV008145,INV2, PO06546,V499,2023-01-03,46201.2,Cancelled
INV008146,INV2,PO02233,V323,2024-05-15,64435.71,
INV008147,INV2 , PO00174,V238,2023-02-08,63475.31,CANCELLED
INV008148,INV1,po05257,V123,2024-11-24,91615.06,POSTED
INV008149,inv2,PO01466,V043,2023-09-18,68109.15,
INV008150,INV1,PO01505 ,V062,2024-04-11,24541.12,
INV008151,INV1,po01106,V299,2023-01-26,75280.23,Cancelled
INV008152,inv2,PO01896,V335,2024-07-09,83018.06,CANCELLED
INV008153,INV2,PO01076 ,V412,2024-02-11,65656.93,CANCELLED
INV008154,INV2, PO00180,v117,2024-05-23,7282.55,posted
INV008155,INV2,PO04180,v017,2024-03-27,27502.65,Cancelled
INV008156, INV2,PO02917, V371,2023-09-10,62495.11,posted
INV008157,INV2,po02502, V056,2023-09-26,81592.4,posted
INV008158, INV2,PO02549, V479,2024-05-22,26579.35,Cancelled
INV008159,INV1,PO06456,V358,2024-05-02,80310.74,CANCELLED
INV008160,INV1,po00766,V187,2023-06-28,60500.05,Cancelled
INV008161,INV1,PO03912,V308,2024-08-30,40245.44,
INV008162,inv2,PO00782, V036,2023-02-12,30216.1,POSTED
INV008163,INV1,PO06604, V418,2023-11-04,27785.28,POSTED
INV008164,INV2,po07107, V289,2023-10-20,53532.42,POSTED
INV008165,inv2,PO05001,V331,2023-02-01,91911.48,
INV008166,INV1 ,PO04784,V418 ,2024-07-21,54684.18,posted
INV008167,inv2,PO07764,V179,2024-07-08,,Cancelled
INV008168,INV2,,V251,2024-03-18,94718.22,
INV008169,INV1 ,PO03442,V378 ,2023-10-13,44190.57,posted
INV008170, INV2,PO01964,V485,2023-03-20,53893.06,Cancelled
INV008171, INV2,PO06563 ,V259,2024-08-11,23756.84,CANCELLED
INV008172,INV2,PO04640,V041,2024-06-01,92147.1,CANCELLED
INV008173,INV1, PO05608,v041,2023-07-24,22595.35,posted
INV008174,inv2,PO05982 ,V135,2024-08-17,59250.49,CANCELLED
INV008175,inv2,PO01348,v135,2024-11-21,33855.72,POSTED
INV008176, INV2,PO04671,V187,2024-06-19,26192.03,
INV008177,INV1 ,PO02771,v255,2023-06-21,91959.2,CANCELLED
INV008178, INV1,PO06212,V112,2024-05-06,80845.9,Cancelled
INV008179,INV1,PO01213,V124 ,2023-05-07,88807.56,posted
INV008180,INV1 ,PO02401,V234,2024-07-22,30981.31,Cancelled
INV008181,INV1,PO02961,V283 ,2024-02-21,47631.95,
INV008182,INV1, PO03841,V001 ,2024-12-29,15701.26,
INV008183,INV1 ,PO07801,V094 ,2024-01-27,76717.48,
INV008184,INV1,po04802, V067,2024-07-13,38366.84,POSTED
INV008185,inv2,PO06409,V173,2023-04-08,85039.66,CANCELLED
INV008186,INV2 ,PO03023,v063,2023-05-08,71732.77,
INV008187,INV1 ,po05371,V066,2023-03-12,66105.63,Cancelled
INV008188,inv2,PO04271,v184,2023-07-31,64333.83,Cancelled
INV008189,INV1,PO02925,V156,2024-08-19,14603.68,Cancelled
INV008190,INV2,PO04620,V202,2023-04-10,65383.44,CANCELLED
INV008191,inv1,PO07443, V314,2024-08-23,65731.57,Cancelled
INV008192, INV2,PO03115,V218,2024-10-31,75192.17,POSTED
INV008193,INV2,PO06442,V297,2024-07-06,61525.39,
INV008194,INV2,PO04857,V330,2024-07-21,3381.45,Cancelled
INV008195,INV1,PO07258,V363,2023-11-13,8639.22,CANCELLED
INV008196,INV1,po06856,V181,2023-04-20,6441.37,CANCELLED
INV008197,INV2, PO07840,v007,2024-09-12,19450.02,
INV008198,INV1 ,PO01526,,2023-09-23,72930.97,Cancelled
INV008199,inv1,PO03409,V170,2024-02-08,18682.58,Cancelled
INV008200,INV1, PO02605,V234,2023-09-17,,
INV008201, INV1,PO03067,V411,2024-09-04,25325.44,Cancelled
INV008202,INV1,PO07699, V062,2023-05-13,50169.04,CANCELLED
INV008203,INV1,PO00853 , V071,2024-02-23,92636.01,CANCELLED
INV008204,INV2,PO06414,V255,2023-01-13,25826.52,Cancelled
INV008205,INV2 ,po00359,V411,2023-09-18,78533.32,
INV008206,INV2,PO02587,V021,2023-09-20,16210.96,CANCELLED
INV008207,INV2,PO07861,V297,2024-10-14,48209.99,POSTED
INV008208,INV2,PO02269,V319 ,2024-07-09,14163.68,
INV008209, INV2,PO04424,,2024-07-06,90414.54,POSTED
INV008210, INV1, PO06028,V097,2023-11-27,,Cancelled
INV008211,INV2,po07605,V259,2024-09-11,35804.99,POSTED
INV008212,INV1 ,PO06825,V096 ,2024-08-16,78358.9,POSTED
INV008213,INV2 ,PO01744,V158,2024-03-17,78891.62,Cancelled
INV008214, INV2,PO01971,v159,2024-06-17,18167.45,
INV008215,INV2,PO04414,V478,2023-03-23,36517.27,CANCELLED
INV008216,inv2,PO06397,V224,2024-06-13,38497.53,Cancelled
INV008217,INV2,PO04758,V353,2024-10-20,54071.79,CANCELLED
INV008218, INV1,PO04470,V370,2024-08-04,29999.28,Cancelled
INV008219,INV1,PO06729,V060,2023-06-12,19872.21,
INV008220,INV2,PO02597,V427 ,2023-05-18,15465.08,
INV008221,INV1,PO05381,V265,2023-08-04,62193.64,
INV008222,INV1,PO05357,V139,2024-09-24,5574.78,Cancelled
INV008223, INV2,PO06573,V155,2023-09-06,2935.92,posted
INV008224,inv1,po02703,V319 ,2024-10-09,86495.04,POSTED
INV008225,inv2,PO00067,V136,2023-10-15,58203.75,CANCELLED
INV008226,INV2 , PO00155, V372,2023-08-15,54395.84,posted
INV008227,INV1,PO06535 ,V139,2023-04-02,86505.05,CANCELLED
INV008228,INV1, PO01537,V497,2023-03-10,10748.62,POSTED
INV008229,INV1 , PO00246,v143,2023-09-22,9633.14,CANCELLED
INV008230,inv2,PO07601, V006,2024-08-08,2911.4,Cancelled
INV008231,INV2,po06237,V334,2024-07-26,38494.49,
INV008232,INV2 , PO03883, V034,2023-09-14,63706.69,POSTED
INV008233,INV1,po05692,V035,2023-10-11,91664.68,POSTED
INV008234,INV2 ,PO07573, V286,2023-05-31,78142.8,
INV008235,INV1 , PO02105, V087,2023-08-06,12105.18,Cancelled
INV008236,INV1,PO03430 ,V064,2023-05-30,5425.1,POSTED
INV008237,INV1,PO02778,V042,2024-09-13,71289.98,posted
INV008238,INV1 ,po07820,V099,2024-05-06,53917.34,
INV008239,inv2, PO03560,V207,2023-03-28,60415.19,Cancelled
INV008240,inv2,PO01040 , V175,2023-08-10,76637.81,
INV008241, INV2,PO07907,v466,2023-07-20,14332.67,Cancelled
INV008242, INV2,PO05970, V256,2024-04-25,36640.48,
INV008243,INV1,PO01765, V340,2023-05-24,94483.38,Cancelled
INV008244,INV2,PO06463 ,v051,2024-03-04,71946.86,CANCELLED
INV008245,INV1,PO05749,V279,2023-10-23,17503.7,
INV008246,INV2 ,PO05600,V141,2023-11-20,11937.72,POSTED
INV008247,INV1,po02973,V014,2023-07-23,64016.28,CANCELLED
INV008248,INV1,PO01980 ,V419,2023-07-13,49796.41,posted
INV008249, INV2,PO06817 ,v469,2024-05-07,72374.67,posted
INV008250,INV2,po06710,v307,2023-08-08,,Cancelled
INV008251,,PO02156,V021 ,2023-02-22,14847.5,CANCELLED
INV008252, INV1,PO00863,V018,2023-04-03,16571.16,posted
INV008253,INV2,PO01734,V448,2023-04-10,94345.21,POSTED
INV008254, INV2,PO07290,V316 ,2024-08-28,78645.22,POSTED
INV008255,INV2,PO07945 ,v252,2023-01-09,18056.34,
INV008256,INV2,PO02867, V008,2023-10-05,17433.4,
INV008257,INV2,PO00948,V222,2023-12-18,94951.54,CANCELLED
INV008258,INV2 ,PO02920,V459,2023-09-01,74147.42,Cancelled
INV008259,INV2 ,PO06462,v349,2023-10-07,24884.68,posted
INV008260, INV1,po04071,v086,2024-04-12,21252.05,POSTED
INV008261,INV1, PO01620,V472,2024-06-03,21066.48,posted
INV008262,INV1 ,PO02076,V100,2024-11-20,89125.32,
INV008263,INV2 ,PO01185, V454,2023-05-21,2852.94,Cancelled
INV008264,inv2,po03397, V383,2023-06-26,93959.9,posted
INV008265, INV2,PO01458,V477,2024-02-06,44723.4,Cancelled
INV008266,INV2 ,PO05091,V208,2024-01-28,68409.42,POSTED
INV008267,INV1,PO05322 ,V425 ,2023-03-17,16382.24,CANCELLED
INV008268,inv2,po00332,V405 ,2023-02-23,20715.79,Cancelled
INV008269,inv2,po05983,V484,2024-09-20,28321.05,CANCELLED
INV008270,INV1,PO00718 ,V226,2023-05-09,29609.06,POSTED
INV008271,INV1 , PO06792,v114,2024-12-09,4366.39,POSTED
INV008272,INV2 ,PO02216,V284,2023-02-05,94648.48,
INV008273,INV2,PO07160,V134,2023-04-10,64823.32,Cancelled
INV008274,INV1 ,PO02955,v038,2023-07-04,7869.6,POSTED
INV008275,INV2 ,PO04103,V402,2023-08-28,56834.54,POSTED
INV008276,INV1 ,PO03815, V002,2024-10-04,41050.21,
INV008277,INV1,PO06966,v375,2024-06-26,29341.12,
INV008278, INV2,PO03180,V198,2024-11-15,76148.77,POSTED
INV008279,INV1, PO02154,v331,2024-08-18,14977.84,CANCELLED
INV008280,INV1 ,PO02475,V270,2024-12-23,15703.73,
INV008281,INV1,PO05449 ,V235,2024-07-23,86961.17,CANCELLED
INV008282,inv2,PO03676 , V247,2023-11-25,26848.27,CANCELLED
INV008283,INV1,PO06782, V115,2023-08-30,59440.64,
INV008284,INV1,PO06413,V408 ,2024-04-20,4872.76,posted
INV008285,inv2,PO05451 ,V407,2024-02-01,,POSTED
INV008286,INV2,PO06248, V134,2023-02-28,72881.49,CANCELLED
INV008287,INV1 , PO03543, V221,2024-09-11,61791.44,POSTED
INV008288, INV1,po02825,v124,2024-12-23,89550.91,Cancelled
INV008289, INV2, PO03950,V299,2024-06-25,37556.89,posted
INV008290,INV2,PO05896,V153,2024-03-17,24765.86,
INV008291,INV1,PO04747,V393,2024-03-30,9285.83,POSTED
INV008292,INV2,PO03462,V317,2023-09-15,35872.54,posted
INV008293, INV1, PO06596,V295,2023-03-02,51215.36,
INV008294,INV1, PO00357, V105,2024-10-21,12677.32,POSTED
INV008295,INV2,PO06578,V482,2024-08-14,86663.97,
INV008296,INV2 ,PO01672 , V457,2024-05-12,34109.84,POSTED
INV008297, INV2,PO06363, V386,2023-11-13,70198.44,Cancelled
INV008298,inv1,po05357, V482,2023-09-05,32056.55,CANCELLED
INV008299,INV2,PO07442,V252,2023-04-22,49041.01,
INV008300,INV2,PO02002,V023,2024-11-23,94565.57,CANCELLED
INV008301,inv2, PO04543,v127,2023-04-23,57497.49,Cancelled
INV008302,INV2, PO05421,V359,2023-05-29,72077.63,CANCELLED
INV008303, INV2,PO01631,v450,2024-10-18,8292.09,Cancelled
INV008304,INV2,PO04431,V114 ,2023-12-31,80013.73,Cancelled
INV008305,INV2,PO02470 ,V170,2023-02-18,13313.78,
INV008306,inv2, PO01591,v132,2023-09-15,41437.91,Cancelled
INV008307,INV1,PO07754, V414,2024-03-20,7673.09,POSTED
INV008308,inv2,PO05974,V054,2023-09-04,67187.35,
INV008309,inv1,PO04500,V346,2024-12-07,76934.76,
INV008310,INV2,PO00485, V281,2023-04-03,47743.37,posted
INV008311,INV1,PO00558, V153,2023-04-09,74970.64,POSTED
INV008312,INV2, PO04554,V455,2023-07-17,44233.42,POSTED
INV008313,INV2, PO05659,v474,2023-11-01,69157.31,CANCELLED
INV008314,INV1, PO03892,V024 ,2024-11-04,61173.88,POSTED
INV008315,INV2,PO04339, V330,2024-03-24,70098.95,POSTED
INV008316,INV2,PO02278,V308,2024-02-14,19077.64,posted
INV008317,INV1,PO03422 ,V047,2023-08-27,62616.57,Cancelled
INV008318,,PO06237,V307,2024-02-21,23822.05,CANCELLED
INV008319, INV1,PO06659,V305,2023-11-25,86920.15,Cancelled
INV008320,INV2,PO06995,V061 ,2023-04-20,68202.54,
INV008321,INV1, PO04739,V474,2023-11-13,56281.57,POSTED
INV008322,inv1,PO00635,V351 ,2023-09-05,20535.34,Cancelled
INV008323,INV2,PO03523, V037,2023-06-15,62189.54,Cancelled
INV008324,INV1,PO04000 , V301,2024-09-10,5228.61,CANCELLED
INV008325,INV2 , PO05829,V401,2023-10-18,81828.77,CANCELLED
INV008326,inv2,PO03158, V047,2023-09-29,57525.34,CANCELLED
INV008327, INV2,PO06829,V180 ,2024-05-05,,Cancelled
INV008328, INV1,po03416,V152,2024-09-30,85832.15,Cancelled
INV008329,INV1, PO00935,V046,2024-10-16,2406.45,posted
INV008330,INV1,PO06344,V423,2024-07-06,32779.72,posted
INV008331,INV2,PO07683 , V373,2023-08-17,37112.69,POSTED
INV008332,INV1 ,PO05064,v344,2023-03-10,12150.07,
INV008333,inv1, PO00322,V467 ,2024-06-12,66573.95,
INV008334,INV2, PO06669,V188,2023-01-21,47893.58,CANCELLED
INV008335,INV1,PO05101,V054,2023-10-14,5220.48,POSTED
INV008336,INV1,PO00085 , V066,2023-09-14,31475.12,posted
INV008337,INV2,PO05981,V136,2023-11-05,9574.19,
INV008338,INV1 ,PO02267,V466 ,2024-01-10,64666.16,CANCELLED
INV008339,INV1 , PO02901,v069,2023-10-11,69765.45,POSTED
INV008340,INV1,PO02110 ,V472,2024-03-19,72121.86,posted
INV008341,inv1,PO04046 ,V433 ,2023-10-18,,CANCELLED
INV008342,INV1,PO07821,V018,2023-02-06,1718.83,posted
INV008343,inv1,PO02282,V491,2024-06-04,67729.75,Cancelled
INV008344,INV2 ,PO07085,v337,2023-10-19,6496.42,posted
INV008345,inv1,PO03479,V276,2023-08-08,83482.56,POSTED
INV008346, INV1,PO00489,v115,2024-01-03,66881.18,CANCELLED
INV008347,INV1 ,PO05902 , V002,2023-08-31,79286.78,
INV008348, INV1,PO06358,V413,2023-09-23,39409.54,CANCELLED
INV008349,INV2, PO06733, V063,2023-10-14,45520.03,CANCELLED
INV008350,INV1 ,PO07272,V190 ,2024-03-21,28490.06,
INV008351,INV1 ,po06781,V213 ,2024-08-19,76776.73,CANCELLED
INV008352,INV1,po03770,V408,2024-09-28,18287.7,Cancelled
INV008353,INV1,PO03160, V045,2023-06-23,64682.99,CANCELLED
INV008354,INV2,po01075,V482,2024-06-09,55358.22,posted
INV008355,INV2,PO07827,V400,2024-01-02,35258.82,CANCELLED
INV008356,INV1,PO04595, V086,2023-05-11,37144.24,
INV008357,INV1 ,po05619,V471,2024-09-05,2453.37,CANCELLED
INV008358,INV1 ,PO05202 , V208,2023-10-19,37077.89,Cancelled
INV008359,INV2,PO06546,V153,2023-11-11,965.15,CANCELLED
INV008360,INV2,PO05457,V279,2024-07-29,72910.85,Cancelled
INV008361,inv1,PO07155,V057,2023-11-20,46591.1,Cancelled
INV008362,INV2, PO01379, V227,2024-10-21,85811.42,posted
INV008363,INV2,PO05990, V468,2023-10-22,60907.08,posted
INV008364,INV2,PO04883,V370,2023-12-23,27694.49,CANCELLED
INV008365,INV2,PO01231,V404,2023-02-09,38781.01,
INV008366,inv2, PO03126, V297,2024-11-03,,posted
INV008367,INV2,po01862,V440,2023-01-27,71847.46,Cancelled
INV008368,inv1,PO07191,v314,2024-11-16,85979.42,Cancelled
INV008369,inv2,PO01933,V216,2023-04-26,73846.21,
INV008370,INV2,PO02397,v414,2024-04-12,80611.35,CANCELLED
INV008371,INV1, PO07780, V388,2023-06-27,44681.97,posted
INV008372,INV2,PO03334, V121,2024-01-25,67658.4,Cancelled
INV008373,INV1, PO06810,V465 ,2023-12-28,75463.36,Cancelled
INV008374,INV2,po02766,V154,2024-01-19,6158.64,CANCELLED
INV008375,INV1 ,PO06510 ,V383,2024-06-05,17669.36,
INV008376,inv1,PO02139 ,V002 ,2024-07-22,20577.2,
INV008377,INV1,PO01541, V492,2023-10-05,82309.93,
INV008378,INV1,PO06785,V380,2024-11-20,13408.05,Cancelled
INV008379,INV1 , PO06450,v181,2024-11-15,49885.44,CANCELLED
INV008380,INV2,PO00764,V078 ,2024-08-10,,CANCELLED
INV008381,INV1,PO06855 , V195,2024-03-20,75939.72,CANCELLED
INV008382,inv1,po07017,V190,2023-06-09,36886.1,
INV008383,INV2,po03965,V306,2023-05-14,46154.12,POSTED
INV008384,inv2,po06489,V337,2023-02-26,25385.9,
INV008385,inv2,PO05997, V258,2023-01-22,83019.36,
INV008386,INV1,PO02466,V037 ,2024-09-21,62117.68,POSTED
INV008387,INV1,PO02539,,2023-03-11,8272.91,POSTED
INV008388,INV1,PO04299 , V320,2023-02-02,15315.27,POSTED
INV008389,INV2, PO01618,V398 ,2023-05-07,12556.15,
INV008390,INV2,PO02713,V436,2023-06-11,41327.73,CANCELLED
INV008391,INV1, PO04295,v037,2024-10-05,85282.27,POSTED
INV008392, INV1, PO05384,V447,2023-04-06,54119.6,Cancelled
INV008393,INV1,PO00810,v471,2023-10-18,7784.39,Cancelled
INV008394,INV1 , PO02790,V372,2024-04-12,76922.01,CANCELLED
INV008395,INV2 ,PO02402,v076,2023-10-26,1138.0,CANCELLED
INV008396,INV1,PO03434,V041,2023-06-09,55096.92,Cancelled
INV008397, INV1,PO04743, V333,2024-12-27,60657.36,POSTED
INV008398,inv1,PO06523,v222,2024-11-17,74759.87,posted
INV008399,INV2,PO06902, V282,2023-04-17,12376.5,POSTED
INV008400,inv1,PO07590,V183,2024-02-29,44826.94,POSTED
INV008401,INV2,PO06204,v427,2023-05-03,80399.25,posted
INV008402, INV1,PO03924,V318,2023-02-22,75477.39,posted
INV008403,INV1,PO05174,V028,2023-11-11,45198.96,CANCELLED
INV008404,INV1,PO02550,v009,2023-11-04,15138.06,posted
INV008405, INV2, PO02200,V375,2024-04-16,34934.98,POSTED
INV008406,INV2,PO02523,v220,2024-07-10,,Cancelled
INV008407,INV1,po02544,V119,2024-05-11,25785.96,
INV008408,INV1 , PO01137,V166 ,2024-09-18,10124.98,posted
INV008409,INV1,PO04166,v205,2024-08-09,13587.48,POSTED
INV008410,INV2,po04038,V320,2024-12-19,89957.29,
INV008411, INV2,PO00788,v243,2023-09-11,11433.72,posted
INV008412,INV2 , PO02818,V187,2024-01-18,73178.57,
INV008413,INV2,PO02003,v405,2024-10-15,30945.14,CANCELLED
INV008414,INV2,po02197,V182,2023-08-09,17298.17,POSTED
INV008415,INV1, PO00564,V071,2024-07-21,10538.27,Cancelled
INV008416,INV1,PO01625,V006,2024-10-20,79240.67,Cancelled
INV008417,INV2,po04224,V185 ,2023-03-15,55119.29,
INV008418,INV1 ,PO07576,V023 ,2023-02-03,23142.01,posted
INV008419,INV1,PO02651,V283,2024-04-11,30616.06,Cancelled
INV008420,INV2,po01756,V249,2023-05-01,81806.98,CANCELLED
INV008421,INV2,PO02147 ,V074,2023-12-27,8977.32,POSTED
INV008422, INV2,PO04186,V445,2023-06-02,18979.97,posted
INV008423,INV1,PO06808,V068,2023-11-29,69840.15,Cancelled
INV008424,INV1,PO04248,V253,2024-08-18,41506.92,Cancelled
INV008425,inv2,PO01124,v034,2024-02-20,58472.75,Cancelled
INV008426,INV1,PO06595,V142 ,2024-08-15,92527.27,
INV008427,INV2,PO02046, V213,2023-07-18,31077.13,
INV008428,INV1,PO07278,v421,2023-02-12,50647.46,CANCELLED
INV008429,INV1,PO06814,V162 ,2023-12-23,24173.85,
INV008430,INV2 , PO02406,V314,2024-04-12,24652.4,CANCELLED
INV008431,INV1, PO06268,v454,2023-05-03,14218.4,POSTED
INV008432,INV1, PO03556,V374 ,2024-02-19,91954.18,posted
INV008433,INV2, PO06866,V260,2023-12-06,26352.11,CANCELLED
INV008434,inv1,PO00575,V104,2024-01-24,76552.34,posted
INV008435,INV1,PO07949,V193,2024-07-30,32882.17,Cancelled
INV008436,INV1,PO01651 ,V127,2023-05-07,52928.17,Cancelled
INV008437,inv2,PO06766,v056,2024-07-23,57472.37,CANCELLED
INV008438,INV1,,v127,2024-10-23,87469.38,CANCELLED
INV008439,INV2,po05294,V139,2024-07-30,14248.64,posted
INV008440,INV1,po07434, V420,2024-10-20,78878.52,posted
INV008441,INV2,PO05901,V470 ,2024-09-14,24131.55,CANCELLED
INV008442,INV2, PO03433, V073,2024-05-26,31656.88,CANCELLED
INV008443,INV1,po02055, V319,2023-12-20,85782.07,CANCELLED
INV008444, INV2,PO04914,V137,2023-08-07,19397.31,
INV008445,INV2,PO02421,V171 ,2023-03-05,90966.39,
INV008446, INV1, PO04965,v063,2023-08-24,71258.3,
INV008447, INV2,po06872,V251,2024-10-13,64570.38,CANCELLED
INV008448,INV1,,V056,2024-03-14,,POSTED
INV008449,INV1,PO00362,V289 ,2024-09-14,93506.8,posted
INV008450,INV1 , PO02026,V097,2023-06-17,85715.55,posted
INV008451,INV1, PO01621,V213 ,2023-05-05,75095.81,
INV008452,inv1,PO06093 ,v159,2023-10-18,57497.12,CANCELLED
INV008453,INV2,PO02248,V427,2024-09-28,19829.14,POSTED
INV008454,INV2,PO02460,V397,2024-10-08,92184.42,
INV008455,INV1,po00507,V073,2024-11-04,40113.23,
INV008456,INV1,PO00477,V027 ,2024-11-30,51225.11,
INV008457, INV2,PO05352,V176,2024-06-10,88772.43,Cancelled
INV008458,INV2,po02680, V108,2023-12-06,72446.82,POSTED
INV008459,INV2,PO04300 ,V373,2024-11-29,49413.47,POSTED
INV008460,INV1, PO06764,V072,2024-10-05,16310.47,
INV008461,INV1,po03389,V355,2023-10-15,19860.47,POSTED
INV008462,INV2,PO02646 ,V413 ,2023-12-03,87555.34,POSTED
INV008463,inv2, PO06450,V198 ,2023-06-21,21287.15,Cancelled
INV008464,INV2,PO01419,V227,2024-06-18,35293.73,
INV008465,INV2,PO01286 ,V310,2023-12-25,82192.77,Cancelled
INV008466,INV2,PO01489,v268,2023-10-21,,POSTED
INV008467,INV2 ,po05765, V055,2023-09-10,90334.34,
INV008468,inv1,PO00660,V149,2024-12-30,30436.78,posted
INV008469,inv2,PO03004, V232,2024-11-12,67479.32,CANCELLED
INV008470,INV1,PO02101,V479,2024-10-23,80501.91,
INV008471,INV2,PO07267 ,V360,2024-11-27,58134.58,POSTED
INV008472,INV2, PO06007,V183,2024-06-15,70413.44,
INV008473,INV2, PO04095, V415,2024-03-28,,posted
INV008474,INV2,PO02698,V319,2023-06-09,61536.6,posted
INV008475,INV1, PO03462,V250 ,2024-08-03,35018.87,CANCELLED
INV008476,INV2,po05166,V328 ,2023-04-18,86354.66,posted
INV008477, INV2,PO05614,V459,2023-06-28,73320.59,posted
INV008478,INV1,po00400,V346,2023-08-29,66309.18,posted
INV008479,INV2 ,PO03633,V109,2023-02-23,,CANCELLED
INV008480,INV2,PO03421,V251 ,2023-07-02,10477.22,CANCELLED
INV008481,INV2,PO03825 ,v281,2023-10-22,82559.34,Cancelled
INV008482,inv2,PO01259,V169,2024-03-24,15553.9,POSTED
INV008483,INV1,PO01396 ,v100,2024-08-29,64257.97,POSTED
INV008484,INV2, PO07823,v379,2023-09-11,63589.07,POSTED
INV008485, INV1,PO00269,,2024-01-06,63964.52,
INV008486,INV2,PO03809, V223,2024-01-11,82816.44,Cancelled
INV008487,INV2,po07751,V311,2023-12-21,79210.57,
INV008488,INV2,PO07962,V110 ,2024-06-11,94954.23,
INV008489,INV2,PO01740,V034,2023-10-25,93425.4,POSTED
INV008490,INV2 ,PO00619 , V345,2024-12-30,35383.39,Cancelled
INV008491, INV2,PO02579 ,v053,2023-02-21,79885.01,
INV008492,INV1,po06981,V232 ,2023-02-01,63591.73,posted
INV008493,INV1,PO06355,V145,2024-01-28,77056.17,POSTED
INV008494,INV1,PO07137, V176,2024-08-31,10981.55,CANCELLED
INV008495,inv2,PO01914, V232,2023-07-04,59934.03,posted
INV008496,INV1,PO02200,V147,2023-08-30,15318.1,Cancelled
INV008497,inv2, PO07394, V490,2024-05-01,19461.32,POSTED
INV008498,INV1 ,PO07058,V139 ,2024-06-11,9560.79,Cancelled
INV008499,inv1,PO03444, V428,2024-02-15,65226.25,CANCELLED
INV008500,INV1,PO00332,V382,2023-10-11,54192.43,posted
INV008501,inv1,PO04452 ,V077 ,2023-04-23,2980.7,posted
INV008502,INV2,PO04110 ,v148,2023-08-13,81772.52,CANCELLED
INV008503,INV2,PO01359,V352,2023-12-19,66427.5,POSTED
INV008504,INV1,PO06904,V044,2024-11-16,41819.14,
INV008505,INV1 ,PO04475 ,V157,2024-02-23,12276.17,posted
INV008506,INV1 ,PO06837,v437,2024-05-08,12096.72,
INV008507,INV1,PO07093 ,V393,2024-09-09,,posted
INV008508,INV2,PO00082,V365 ,2024-02-18,24859.84,POSTED
INV008509,INV1,PO03762,V305 ,2024-12-20,21608.42,Cancelled
INV008510, INV2,PO00038 ,v115,2023-11-14,92898.54,posted
INV008511,INV2,PO02368, V320,2024-11-03,,
INV008512,INV1,PO05557 ,V391,2024-10-04,8216.81,CANCELLED
INV008513,INV1,PO01595,V458,2023-10-06,24831.8,POSTED
INV008514,INV2, PO00708, V138,2024-02-27,38179.56,POSTED
INV008515, INV2,PO00790,V059,2023-05-10,21739.36,posted
INV008516,INV1,PO06715 ,V191,2023-06-04,34942.26,
INV008517,INV1 ,PO07807, V422,2024-07-17,75884.65,
INV008518, INV2,PO01708,v481,2023-03-09,75273.99,POSTED
INV008519,INV2, PO05872,V179,2023-12-15,59190.36,Cancelled
INV008520,INV1,PO07191 ,v053,2023-04-23,20886.42,
INV008521,INV1,PO00860,V064 ,2023-03-05,3937.55,CANCELLED
INV008522,INV1, PO04307,V434,2023-09-19,79464.54,
INV008523,INV2 ,po06859,v338,2023-07-04,,POSTED
INV008524,INV2,po06870,V073,2023-08-09,46053.87,POSTED
INV008525,INV2,PO01075 ,V270,2023-10-15,64149.68,POSTED
INV008526,INV1,PO06278,V232,2023-01-12,29616.28,POSTED
INV008527,INV2,PO03481,V443,2023-11-10,79228.86,Cancelled
INV008528,INV1,po00259,v466,2023-07-30,60279.67,CANCELLED
INV008529,INV1, PO07833,V032,2024-06-21,88348.09,POSTED
INV008530,INV2,PO04581,V171,2023-05-29,40294.9,CANCELLED
INV008531,INV1,PO07658, V356,2024-10-07,42496.12,Cancelled
INV008532,INV1 ,PO00450,v327,2023-03-27,16411.08,CANCELLED
INV008533, INV2, PO01464,V256,2023-05-28,71163.91,POSTED
INV008534,INV1,PO03994 ,V080,2023-11-01,35288.18,POSTED
INV008535,INV1,PO05084,V080,2024-02-14,39484.06,posted
INV008536,INV2,PO02735 ,v193,2023-12-24,15476.82,
INV008537,INV2,PO04283,V290,2023-07-01,46654.69,Cancelled
INV008538, INV1,PO00098 ,v231,2023-06-12,87388.84,CANCELLED
INV008539,INV1,po01369,V270,2023-03-22,92734.24,POSTED
INV008540,INV2,PO04196, V282,2023-07-29,28764.23,Cancelled
INV008541, INV1,PO00395,V153 ,2023-06-18,53039.34,POSTED
INV008542,INV1,PO00748 ,V243,2023-01-12,41632.68,posted
INV008543, INV1,PO07160,V398,2023-11-02,38001.39,CANCELLED
INV008544,INV2,PO04380,V040,2023-05-01,83437.02,POSTED
INV008545,INV1,PO06347 , V087,2023-04-07,30073.98,
INV008546, INV2,po05652,V332,2024-12-30,42575.92,CANCELLED
INV008547, INV1,po01463,V345,2023-01-05,46920.31,Cancelled
INV008548,INV2,PO03071,v492,2023-04-07,18197.45,CANCELLED
INV008549,INV2,PO01796,V112 ,2023-06-30,64381.71,posted
INV008550, INV1,PO04371,V031,2024-08-15,25323.25,
INV008551,INV1,PO05577,V498,2024-03-10,41052.63,
INV008552,INV2 ,PO04296,V184 ,2024-01-31,44085.6,CANCELLED
INV008553,INV1,PO04279,v421,2024-06-02,,posted
INV008554,INV1, PO05389,v326,2024-11-12,87038.57,CANCELLED
INV008555,INV2,PO06575,V077,2023-11-22,18735.26,CANCELLED
INV008556,INV2,PO03503,v215,2023-11-19,16676.1,posted
INV008557,INV1,PO04177, V439,2023-02-18,57733.0,posted
INV008558,inv2,PO01266,v167,2024-09-29,47176.44,CANCELLED
INV008559,INV1,PO07074 ,V383,2023-03-09,42164.25,POSTED
INV008560,INV2,PO03963,V297,2024-05-10,18245.31,
INV008561,INV1,PO00427 ,V367,2024-07-12,89193.47,POSTED
INV008562,INV2,po05366,V147 ,2023-10-25,42310.46,posted
INV008563,INV2,PO00982,V126,2023-05-22,54568.37,
INV008564,inv2,PO03082,V290 ,2023-10-06,13350.83,POSTED
INV008565,INV1,po04424,V481,2024-06-03,76315.94,Cancelled
INV008566,INV2,PO01000,V318,2024-04-01,84690.03,CANCELLED
INV008567,inv2, PO01093,V228,2023-11-24,48392.6,
INV008568,INV2,PO05558,v412,2024-09-04,54639.5,posted
INV008569,INV1 ,po00674, V303,2023-12-21,51566.66,CANCELLED
INV008570, INV2,PO00899,V445,2023-01-27,16767.07,Cancelled
INV008571, INV2,PO05042,V117 ,2023-09-06,58477.11,posted
INV008572,INV2,PO03877,V430,2023-02-17,42466.11,Cancelled
INV008573,INV2,po02377,V490,2023-08-27,40186.06,Cancelled
INV008574, INV1,PO01652 ,V344 ,2024-06-14,94225.46,
INV008575,INV1,po07815,V136,2024-06-19,,Cancelled
INV008576,INV1,PO06957,V477,2023-10-11,88597.35,Cancelled
INV008577,inv2,PO04088, V020,2024-10-13,24013.49,CANCELLED
INV008578,INV2,PO06065,v143,2024-04-09,14248.65,POSTED
INV008579,INV2,PO00522, V254,2023-01-27,20860.47,
INV008580,inv1,PO05798, V101,2024-10-19,,Cancelled
INV008581, INV1,PO00687 ,V149 ,2024-06-29,8221.81,posted
INV008582, INV1,PO06685,V049,2023-10-16,87735.79,Cancelled
INV008583,INV1,po03353,V150,2024-02-01,5407.47,posted
INV008584,INV1,PO03211,V373,2023-09-18,82635.95,posted
INV008585,INV2,po00886,v198,2023-04-05,62616.62,
INV008586,INV1,PO00644,V487,2023-11-30,81891.93,CANCELLED
INV008587, INV2,PO04590 ,V020,2024-12-14,75087.18,CANCELLED
INV008588,inv1,PO07057,V432,2024-03-23,34951.88,CANCELLED
INV008589,INV1,PO03115,V424,2024-02-19,38115.59,CANCELLED
INV008590,INV2 ,po05871,v004,2024-07-17,1346.17,posted
INV008591, INV1, PO03764, V225,2024-12-08,20348.93,CANCELLED
INV008592,inv2, PO06444,v302,2024-10-23,94167.33,posted
INV008593,INV2 ,PO02273,V048,2023-10-04,16110.53,
INV008594,INV2, PO06199,V265,2024-03-03,39833.37,POSTED
INV008595, INV2,PO06714,V148,2023-01-22,32360.62,
INV008596,inv1,PO00007,v114,2024-03-18,79143.86,
INV008597,INV1 ,po06640,V415 ,2024-12-17,24217.37,
INV008598, INV2,PO02402 ,V297 ,2024-11-02,54612.61,POSTED
INV008599,inv2,PO06702, V209,2024-12-06,93641.68,posted
INV008600,INV2,PO07010,V062,2024-11-08,29859.18,CANCELLED
INV008601,INV2 ,PO02266 ,v187,2023-12-03,52447.6,POSTED
INV008602,INV2,PO07174, V246,2024-01-16,49593.39,POSTED
INV008603,INV2,PO00109,v031,2024-10-17,63157.53,
INV008604,INV2,PO03218,v338,2024-06-01,34351.33,POSTED
INV008605,INV2,po05932,V201 ,2024-09-10,88636.15,POSTED
INV008606,INV2 ,po03358,V182,2023-10-17,26525.68,
INV008607,inv1,PO07026,V403 ,2023-06-17,76771.8,POSTED
INV008608,INV1,PO04131 ,V045,2023-01-27,30563.44,CANCELLED
INV008609, INV1,PO00011,V471 ,2023-05-17,22915.74,
INV008610,INV2,PO00543,V403,2024-01-20,59239.35,POSTED
INV008611,INV1 ,PO05892,V086,2023-02-16,65691.47,CANCELLED
INV008612,INV1 ,PO07414,v264,2023-11-18,40340.89,Cancelled
INV008613,INV1,PO02031,V136,2024-07-22,52123.51,posted
INV008614,inv2,po05925, V452,2023-10-09,,Cancelled
INV008615,INV2 ,PO03024,V096,2023-11-06,8831.83,Cancelled
INV008616,INV2,PO03479 ,V437,2023-01-10,16931.04,
INV008617,INV2, PO07422,v440,2024-02-17,87261.43,CANCELLED
INV008618,INV2,PO03745 ,V219,2023-11-17,39668.01,posted
INV008619,INV1, PO06755, V198,2024-01-22,78167.92,POSTED
INV008620, INV1,PO00365 ,V368,2023-07-24,43571.45,posted
INV008621,inv1, PO06929,V303,2023-01-13,43319.04,
INV008622,INV2,PO01060,V317,2023-06-25,37588.98,POSTED
INV008623,INV2,PO02995 , V197,2024-11-18,46058.68,posted
INV008624,INV1,PO04288,v086,2023-02-17,87060.91,Cancelled
INV008625,INV1,PO03060,V329,2024-09-16,29586.28,
INV008626,INV2 ,PO06486,V126,2024-11-01,11566.76,Cancelled
INV008627,INV2,PO07029 ,V241,2023-10-25,27769.93,posted
INV008628, INV1,PO07737,V239,2023-05-17,28584.62,posted
INV008629,inv1,PO00774,V117 ,2024-08-06,91919.48,Cancelled
INV008630,INV2,PO02325,v364,2024-12-12,54010.77,CANCELLED
INV008631,INV2,PO04680, V346,2024-10-25,33627.02,POSTED
INV008632, INV1, PO00564,V185 ,2023-03-05,61311.25,Cancelled
INV008633,INV1,PO05699,v101,2023-01-29,18880.53,CANCELLED
INV008634, INV2,PO01589,V241,2024-09-11,42805.99,posted
INV008635,INV1,PO00098 ,V326,2024-07-09,45515.77,CANCELLED
INV008636,INV2, PO07025, V099,2024-05-23,9334.14,POSTED
INV008637,INV2,PO04104,V085,2024-08-11,44917.56,POSTED
INV008638,INV2 ,PO07689 ,V170,2023-01-02,27587.79,
INV008639,INV1,PO04470,V406,2023-07-18,69472.01,Cancelled
INV008640, INV2,PO00749 ,V214,2023-08-05,20201.88,Cancelled
INV008641,INV1,PO01527,V401 ,2023-02-17,3207.24,CANCELLED
INV008642,INV2,PO01703,v010,2023-03-17,92412.69,
INV008643,INV2 ,po03006,V407,2024-05-09,42922.92,CANCELLED
INV008644,INV2,po00865,V023 ,2024-11-09,58084.48,
INV008645,INV1,PO03362,V499 ,2023-11-19,62009.23,CANCELLED
INV008646,INV1, PO07147,v150,2024-04-29,90590.92,POSTED
INV008647,INV2,PO05560,V043 ,2023-12-17,62491.56,Cancelled
INV008648,INV1,PO03900,V194,2023-06-09,23198.36,POSTED
INV008649,INV2 ,PO01548,v132,2024-02-11,91188.48,CANCELLED
INV008650,INV2 , PO01501,V104,2024-05-24,25545.8,Cancelled
INV008651,INV1,PO00606,V492 ,2024-05-12,42404.39,POSTED
INV008652,INV2, PO02847,V285,2024-09-29,43554.95,CANCELLED
INV008653, INV2,PO01576,V085 ,2023-10-21,94331.29,POSTED
INV008654,INV2,PO02061 ,v026,2024-09-29,61979.55,posted
INV008655,inv1,PO07938,V451 ,2023-07-31,40979.32,
INV008656,INV1 ,PO04475 ,v130,2024-02-19,26036.54,POSTED
INV008657,INV2, PO05561,v295,2023-10-05,36593.66,
INV008658,inv2,PO03541 , V449,2023-02-08,64846.0,
INV008659,INV1,PO07611, V314,2024-07-28,68815.82,
INV008660,INV2 ,PO03090,V496,2024-08-17,46163.11,Cancelled
INV008661,INV1,PO05155,V394,2024-10-09,45858.75,posted
INV008662,INV2 ,PO00265,V305,2023-09-11,30640.5,CANCELLED
INV008663, INV2, PO07046,V208,2023-10-16,91784.84,Cancelled
INV008664,, PO06334,V375,2023-08-08,20956.63,POSTED
INV008665,inv2,PO05899,v047,2023-11-29,27889.36,CANCELLED
INV008666,inv1,PO01196,v438,2024-04-21,67442.02,POSTED
INV008667,INV2,PO00270 ,V010,2024-07-19,46206.98,
INV008668,INV2 ,PO06885,V341,2023-05-06,8425.41,Cancelled
INV008669, INV1, PO03522,v472,2023-11-15,20351.07,Cancelled
INV008670,INV1,PO07791,V039,2023-05-27,75470.44,CANCELLED
INV008671, INV1,PO01212,V169 ,2023-02-13,5866.73,POSTED
INV008672,inv2,PO04115 ,V388 ,2023-08-28,46261.32,posted
INV008673,INV2 , PO01991,V417,2024-05-02,78340.55,Cancelled
INV008674,INV2,PO05208,v344,2023-02-12,6395.23,
INV008675,INV1,PO05811 ,V110,2023-01-12,88087.72,Cancelled
INV008676,INV1,PO04230 ,V475,2023-07-14,45544.29,CANCELLED
INV008677,INV1 ,PO05551,V209,2023-04-29,88374.57,
INV008678,inv2,PO03886,V024,2023-03-18,,CANCELLED
INV008679,INV1,PO02792 ,v038,2023-12-15,24083.49,posted
INV008680,INV1,PO06585,V104,2024-04-03,64021.98,posted
INV008681,INV2,PO06209,V154,2023-11-27,61323.23,posted
INV008682,inv2, PO06701,v068,2023-06-02,,CANCELLED
INV008683,inv1,po02517,V240 ,2023-10-10,43975.06,Cancelled
INV008684,INV2,PO07066 ,V375,2024-09-14,47282.53,Cancelled
INV008685,INV1,PO03780 ,V322,2023-04-09,,
INV008686, INV2,po05038,v080,2023-04-04,1082.83,POSTED
INV008687,inv1,PO02142 ,V105 ,2023-10-01,88357.75,Cancelled
INV008688,inv2,PO00913, V436,2024-10-06,59126.91,
INV008689,,PO03981,V403 ,2023-06-05,83327.08,
INV008690,INV1, PO04283,V470 ,2023-05-02,1719.31,CANCELLED
INV008691,INV1, PO04987,V500 ,2023-02-27,14371.94,
INV008692,INV2,PO02692, V471,2024-08-12,61404.74,
INV008693, INV2,PO03776,v165,2024-12-18,8578.08,
INV008694,INV1,po06981,V395,2023-12-26,3237.33,POSTED
INV008695,INV1,PO05369,V366,2023-05-10,54687.03,CANCELLED
INV008696,INV2 ,PO00352, V344,2023-08-18,2468.8,posted
INV008697, INV2,PO03893,v421,2023-04-26,19363.48,posted
INV008698,INV2,PO03653,V392,2023-03-26,43095.81,POSTED
INV008699,INV2,po06320,V114,2024-08-15,69328.42,Cancelled
INV008700,INV2, PO01045, V042,2024-12-15,63877.13,CANCELLED
INV008701, INV1,PO05485 ,V184,2023-04-12,57731.83,POSTED
INV008702,INV2 ,PO06555, V007,2023-04-27,93536.06,POSTED
INV008703,INV1,PO02135,V192,2024-03-25,33555.56,POSTED
INV008704,INV2,po06805, V197,2024-01-21,3963.19,
INV008705,INV2 ,PO07081 ,V178,2024-12-23,50775.15,POSTED
INV008706,INV1 ,PO01296 ,V020,2023-03-31,12836.66,CANCELLED
INV008707,INV1,PO00742 ,v304,2024-04-18,89072.95,posted
INV008708,INV1,PO02770 , V383,2023-03-12,42594.89,
INV008709,INV2, PO02613,V333,2024-10-02,,
INV008710,inv1,PO03868,v369,2023-11-01,50196.64,posted
INV008711,inv1,PO04095 ,V226,2024-07-28,26614.24,Cancelled
INV008712,INV1,po01912,V159,2024-12-05,93018.68,
INV008713, INV1, PO04978,V299,2024-04-24,60095.41,CANCELLED
INV008714,INV2, PO03280,V237,2023-08-02,77268.96,
INV008715,INV1,PO01178 , V466,2023-04-09,18472.27,POSTED
INV008716,INV1 ,PO00102,V116 ,2023-01-01,10118.11,Cancelled
INV008717,inv1,po02759,V114 ,2023-05-16,,CANCELLED
INV008718,INV2,PO06139 ,V360 ,2023-08-16,7497.81,POSTED
INV008719,INV2,,V022,2023-10-31,22527.74,Cancelled
INV008720,INV2,PO06074,V197,2024-01-01,56168.42,
INV008721,INV2 ,PO01032,V251,2023-02-01,92805.55,POSTED
INV008722,INV2,PO02951,V388,2024-12-09,49551.76,Cancelled
INV008723,INV2, PO06100,V110,2024-06-25,24954.73,posted
INV008724,INV1,PO07608,V068 ,2024-07-25,57840.25,posted
INV008725,inv2,PO05291,V182,2024-01-01,35345.66,
INV008726,INV2,PO06556 ,V221,2023-04-10,75527.45,Cancelled
INV008727,inv1,PO02660,V379 ,2024-08-26,52721.82,posted
INV008728,inv1,PO02047,V428,2023-05-21,47318.78,Cancelled
INV008729,INV1, PO07881,V017,2024-04-09,4362.55,CANCELLED
INV008730,INV1 ,PO01262,V040,2024-01-17,82031.51,POSTED
INV008731,INV1 ,PO07026 ,V367,2024-12-03,17624.21,CANCELLED
INV008732,INV1,PO04573,V107,2024-02-21,30214.44,POSTED
INV008733, INV1,PO07567,V249 ,2023-06-20,17352.4,CANCELLED
INV008734,INV2 ,PO05655,V422,2023-10-13,,posted
INV008735,INV2,PO03202,v414,2023-11-19,52293.11,
INV008736,INV1, PO00116,V315,2023-05-29,64828.1,Cancelled
INV008737,INV1 ,, V437,2023-06-18,30020.26,Cancelled
INV008738, INV1,PO03087,v002,2023-01-25,71757.47,posted
INV008739,INV1,po00619, V234,2024-11-19,77565.95,Cancelled
INV008740,INV2,PO00203,V066,2024-03-04,37012.68,posted
INV008741,inv1,PO07392,V057,2024-07-05,19794.09,CANCELLED
INV008742,INV1,PO03775, V144,2024-06-19,6333.33,
INV008743, INV2, PO03668,V329,2023-05-03,90674.46,Cancelled
INV008744,INV1,PO01392,v106,2023-11-20,77785.45,Cancelled
INV008745,INV2,PO06224,V056,2024-07-23,7970.62,posted
INV008746,INV2,PO02294,V169,2023-11-01,83985.33,Cancelled
INV008747,inv1,PO03197,V292,2024-02-13,26164.34,Cancelled
INV008748,INV2,PO00797,V456,2023-09-10,58728.78,Cancelled
INV008749,INV2,PO06214,v442,2023-03-26,70565.08,Cancelled
INV008750,INV1,PO06494,v354,2023-12-09,69547.73,
INV008751,INV2,PO00368,V150,2023-12-03,65241.09,POSTED
INV008752,INV2 ,PO07187, V038,2023-08-01,52691.2,CANCELLED
INV008753,inv2,PO06204,V013 ,2024-01-16,41364.38,POSTED
INV008754,INV1,PO02358,v462,2023-07-11,75089.81,CANCELLED
INV008755,INV1,PO03490,V497,2024-09-21,77852.41,Cancelled
INV008756,inv2,,V117,2024-03-06,6516.36,posted
INV008757,INV1,PO01801,V123,2023-03-30,24162.45,posted
INV008758,inv2,po01972,V500,2023-04-27,47540.26,
INV008759,INV1 ,po00031, V085,2024-05-10,17554.84,CANCELLED
INV008760, INV2,PO07831,V442 ,2024-01-07,3400.97,Cancelled
INV008761,INV2,PO04612,v154,2023-03-25,28350.44,CANCELLED
INV008762,INV1, PO00789,V036,2024-01-16,60109.33,CANCELLED
INV008763,INV2 ,PO01103,V116,2023-03-02,4915.02,POSTED
INV008764,inv1,PO06363,V194,2023-11-28,37156.17,
INV008765,INV2,PO02485,v248,2023-04-20,81821.23,CANCELLED
INV008766,INV1 ,PO07325,V318,2023-01-20,91072.11,POSTED
INV008767,INV1,PO02132,v251,2024-05-20,30188.22,Cancelled
INV008768,INV1,PO03847,V122,2024-03-22,47180.17,CANCELLED
INV008769,inv1,PO05452,V041,2024-11-11,80513.61,Cancelled
INV008770,INV2,po00439,V073,2024-04-13,4797.05,posted
INV008771,INV1 ,PO01922 ,v464,2023-09-24,4468.02,
INV008772, INV2,PO07574,V405,2024-12-21,67333.28,CANCELLED
INV008773,inv1,PO03227,V316 ,2023-09-10,62301.0,Cancelled
INV008774,inv1,PO05092,V351,2024-09-04,81288.93,CANCELLED
INV008775,INV2, PO01515,v058,2024-10-09,75702.41,Cancelled
INV008776,INV1 ,PO04609,V500,2023-07-31,31645.72,posted
INV008777,INV1, PO05832,V156,2023-09-11,5459.65,POSTED
INV008778,INV2,PO00904 ,v374,2023-03-23,1510.49,
INV008779,INV1,po07276, V189,2024-06-26,68875.82,POSTED
INV008780,INV1 ,PO01031,V427,2023-07-20,75521.9,POSTED
INV008781, INV1,PO07073,v258,2024-01-06,22776.29,POSTED
INV008782,,po07694,V136,2024-06-23,48599.31,POSTED
INV008783,INV1,po00063,V397,2024-07-10,63139.37,posted
INV008784,INV1,PO04699 , V119,2023-02-25,2284.02,CANCELLED
INV008785,INV1,PO02952,V428,2023-08-07,13895.1,Cancelled
INV008786,INV2 ,PO01411,V215,2023-07-07,42377.27,POSTED
INV008787, INV1,PO00731,V229,2023-05-30,62353.19,posted
INV008788,INV1,PO03835 ,v322,2023-06-07,5559.71,CANCELLED
INV008789,INV2,PO07018,V089,2023-01-09,87077.75,posted
INV008790, INV2,PO01681 ,V477,2024-09-30,,Cancelled
INV008791,INV2,PO06939,V297,2023-11-27,63516.13,Cancelled
INV008792,inv2,PO02210,V264 ,2023-06-02,74792.59,POSTED
INV008793,INV2,po01655, V174,2024-10-18,87094.05,POSTED
INV008794,INV2,PO02616,V112,2023-01-17,28435.35,
INV008795, INV1,PO07498 ,V354,2024-09-02,29073.02,
INV008796, INV2,PO01880,V191 ,2023-01-06,21343.58,POSTED
INV008797,inv1,PO00073,V241,2023-01-09,74826.94,POSTED
INV008798,INV1,PO02305,V123,2024-03-25,30177.56,Cancelled
INV008799,INV2,PO04546,v053,2023-08-20,15590.15,POSTED
INV008800,INV2,PO07290, V027,2023-11-30,89777.19,CANCELLED
INV008801,INV1, PO03069,V081 ,2024-02-27,79107.97,Cancelled
INV008802,inv2,po04834, V473,2023-03-26,17770.5,CANCELLED
INV008803,inv1,po04501,V099,2024-05-22,49338.67,CANCELLED
INV008804,INV1,po01005,V126,2024-11-28,43230.84,
INV008805,,PO05704 ,V161,2023-04-08,86450.05,CANCELLED
INV008806,INV2,PO03454 ,V374,2023-09-29,19174.99,CANCELLED
INV008807,INV1 ,PO02738,V036,2023-02-15,18650.07,posted
INV008808,INV2, PO04159,V375,2023-09-28,6276.99,CANCELLED
INV008809,INV1, PO00238, V057,2023-12-18,5631.09,Cancelled
INV008810,INV1, PO03642, V285,2024-12-03,,POSTED
INV008811,INV2,PO03856,V401 ,2023-10-06,44658.04,Cancelled
INV008812,inv2,PO02049,V120,2023-02-28,21839.74,CANCELLED
INV008813,INV1,PO03397,V069,2024-08-17,22945.81,posted
INV008814,INV2 ,PO05220, V137,2023-06-10,62053.13,posted
INV008815,INV1,PO00196 ,V197,2024-06-13,21778.99,Cancelled
INV008816,INV1,PO01770,v114,2024-10-29,83213.19,CANCELLED
INV008817,inv2, PO01778,V311,2023-11-29,45086.33,Cancelled
INV008818,INV2,PO05887,V304,2024-01-14,69415.34,POSTED
INV008819,inv1,PO02060, V354,2023-11-16,48933.62,CANCELLED
INV008820,INV2, PO03160,V024,2024-10-18,20339.8,CANCELLED
INV008821,INV1, PO06968,V209,2023-05-16,82995.9,
INV008822,INV2,PO07976,v054,2024-06-18,53024.1,POSTED
INV008823,INV2,PO02793,V397,2023-10-06,46096.46,posted
INV008824, INV1,PO01969,V059,2024-01-04,57160.04,posted
INV008825,inv1,PO00742,V051,2023-06-19,87374.98,POSTED
INV008826,INV1,PO04680, V321,2023-08-26,62016.36,posted
INV008827,INV1,po01198,V373,2024-12-21,12436.9,POSTED
INV008828,INV2,PO01312 ,V254,2024-04-11,51264.84,posted
INV008829, INV2,PO02969,V104 ,2023-01-09,11780.04,POSTED
INV008830, INV2,PO01840,v103,2023-02-04,13024.61,
INV008831,INV2 ,PO01113,v221,2023-06-21,56945.34,POSTED
INV008832,INV1 ,PO04481,v064,2024-08-24,55107.24,
INV008833,INV1, PO01057,V285,2023-07-23,52627.22,POSTED
INV008834,INV2,PO01980,V121,2024-08-06,13511.42,CANCELLED
INV008835,INV1 ,PO06784,V179,2023-01-13,88382.37,CANCELLED
INV008836,INV2,PO07557,V016 ,2024-09-02,50816.73,POSTED
INV008837,INV1,PO04851 , V324,2023-10-17,43967.08,
INV008838,INV1,PO02617,v387,2023-02-09,94991.08,posted
INV008839, INV2, PO04394,V216 ,2023-11-10,76903.43,Cancelled
INV008840, INV1,PO04722,V333,2023-09-23,29112.84,posted
INV008841, INV1,po07774,V180 ,2023-06-13,70510.63,posted
INV008842, INV1, PO00029,V034,2024-05-28,37775.56,Cancelled
INV008843, INV2,PO02247,V110,2024-10-01,56865.82,Cancelled
INV008844, INV1,PO00549 ,V103,2023-12-11,43967.62,
INV008845,inv2,PO00747 ,V322,2023-09-19,43241.73,Cancelled
INV008846,INV1,PO00077,v157,2024-09-21,26178.54,
INV008847,INV2,po07826,V257,2024-08-02,10083.22,
INV008848, INV2,PO02151,V209,2024-03-01,9272.28,
INV008849,INV1,PO03433,v081,2023-08-04,10731.3,posted
INV008850,INV2,PO07817,V320 ,2024-03-31,73264.5,POSTED
INV008851,INV1,PO00211,V020,2024-02-24,,
INV008852,INV2,PO05615,,2024-12-20,5925.73,Cancelled
INV008853,INV2 ,po02529,V136,2024-09-11,20983.98,Cancelled
INV008854,INV1 ,PO07339,V427,2023-12-26,74344.98,Cancelled
INV008855,INV2,PO05936, V038,2024-07-27,29951.55,CANCELLED
INV008856,INV2,PO03739,V189,2024-10-11,28694.09,
INV008857,INV2,PO04878, V072,2024-12-10,4032.09,
INV008858,INV1,PO00206,V103,2023-06-18,57326.63,Cancelled
INV008859,INV1 ,PO02994,V311,2024-06-07,2470.47,
INV008860,INV2 ,PO03888 ,V403,2023-07-28,57437.4,
INV008861,inv2,PO01737,V345,2024-06-17,8005.93,CANCELLED
INV008862,INV2 ,po03931,V394,2023-05-26,61819.09,
INV008863,inv2,PO07211,V209,2023-11-13,38681.92,posted
INV008864,INV1 ,PO01259,v389,2023-10-26,75552.32,posted
INV008865,inv2,PO00610,V117,2024-09-27,41009.04,CANCELLED
INV008866,INV1 ,PO06816,V028,2023-06-02,77426.9,Cancelled
INV008867,INV1,po05070,V451 ,2024-02-09,80498.61,Cancelled
INV008868,INV2, PO06712,V172 ,2023-01-05,75183.25,CANCELLED
INV008869,INV1,PO05846,V034 ,2024-10-02,70183.77,CANCELLED
INV008870,INV1 ,PO07650 ,V312,2023-09-12,19319.78,posted
INV008871,INV2,PO05406,V125,2023-04-10,56640.54,Cancelled
INV008872,INV2,PO03123,V052 ,2023-12-06,48873.24,CANCELLED
INV008873,INV1,po06007,V479,2024-01-29,4827.28,CANCELLED
INV008874,INV2 ,PO05096,V469,2024-02-07,65741.62,Cancelled
INV008875,inv1,PO00934, V108,2024-10-11,68308.44,posted
INV008876,inv1,PO02226 ,V250,2024-02-26,35083.85,
INV008877,INV2,PO05105,V373,2023-04-23,29344.82,CANCELLED
INV008878,INV1,PO06063,V309,2023-09-22,43478.56,POSTED
INV008879,INV2,PO02235 ,V225,2024-12-31,54414.83,CANCELLED
INV008880,INV2,PO03075 ,V251,2023-12-29,56558.96,Cancelled
INV008881,INV2 ,PO07223, V494,2023-06-06,85402.1,CANCELLED
INV008882,INV2 , PO03901,V026 ,2024-05-24,54260.02,
INV008883,inv1,PO05368,V465,2023-10-16,39129.41,CANCELLED
INV008884,INV2 ,PO06580, V048,2023-07-15,34173.05,Cancelled
INV008885,INV2 , PO07553, V118,2023-02-09,29743.0,
INV008886,INV2,PO01818 ,v441,2023-06-21,43151.7,Cancelled
INV008887,INV2,PO07930 ,V446,2024-11-10,54387.48,Cancelled
INV008888, INV1,PO05971,V491,2024-10-02,22481.37,
INV008889,INV2,po06908,V146,2024-05-19,,posted
INV008890, INV1,po01780,V081,2024-10-25,2132.94,Cancelled
INV008891,INV2 ,PO05737 ,v157,2023-10-10,6944.05,Cancelled
INV008892, INV1,PO03932,V191 ,2024-03-12,19891.09,CANCELLED
INV008893,INV2 ,PO00804 ,V195,2023-05-21,26906.87,posted
INV008894,inv2, PO04402,v327,2024-03-20,66896.92,posted
INV008895,INV2,PO03439, V227,2024-01-04,69019.36,posted
INV008896,INV1,PO01291,V121,2023-01-18,72434.63,
INV008897,INV2,po05798,v414,2024-09-21,12992.86,CANCELLED
INV008898, INV2,PO03941,V376,2023-02-04,17185.23,POSTED
INV008899,INV2 ,PO02899,V043,2023-02-15,85436.42,Cancelled
INV008900,INV2,PO04840,V045,2024-07-01,30261.71,
INV008901,INV2,PO01620,V190 ,2024-03-02,69952.91,
INV008902, INV1,PO06416 ,V318,2024-11-28,29362.16,Cancelled
INV008903,INV2, PO03117,v343,2024-06-02,21010.19,Cancelled
INV008904, INV2, PO01627,v368,2024-09-12,92078.13,CANCELLED
INV008905,INV1,po01672,v084,2024-04-11,91277.0,POSTED
INV008906, INV2, PO02773,v388,2023-09-11,67585.44,posted
INV008907, INV2,PO04745,V125,2024-03-30,10165.85,CANCELLED
INV008908,INV1 , PO07179,V269,2024-01-18,,posted
INV008909,INV2,PO05453,V409 ,2024-12-21,18713.85,
INV008910,INV2,PO04751,V310,2023-09-21,9943.34,POSTED
INV008911, INV2,po03311,v038,2023-06-03,,posted
INV008912,INV1,PO02273,v219,2023-03-22,49260.25,posted
INV008913,INV2,PO07518, V470,2023-08-04,48183.28,Cancelled
INV008914, INV1,PO00119,V043,2024-06-06,6404.81,POSTED
INV008915,INV1,PO05222,V169,2023-05-21,85895.43,posted
INV008916, INV1,PO06297,V405,2024-06-17,27144.13,CANCELLED
INV008917,INV2,po00932, V347,2023-07-20,69513.55,POSTED
INV008918,INV2 ,PO04789,V154,2023-06-26,18488.45,CANCELLED
INV008919,INV1,PO07450,V042 ,2023-04-03,35147.19,CANCELLED
INV008920,INV1, PO03555,V185,2024-05-23,44124.51,CANCELLED
INV008921,INV2,PO01461,V448,2023-09-08,82041.16,
INV008922,INV2,PO07545 ,V279,2023-05-23,21820.08,
INV008923,INV1,PO05678,V166,2024-04-05,62521.14,posted
INV008924, INV2,PO01949,V125,2024-05-01,,Cancelled
INV008925,,PO01886,V249 ,2024-10-16,10810.91,CANCELLED
INV008926,inv1,PO00653,V296,2024-01-05,62998.24,CANCELLED
INV008927,INV2, PO06588,v215,2024-03-30,9505.27,Cancelled
INV008928, INV1,PO03163 ,v263,2023-10-22,62031.48,POSTED
INV008929,INV2,PO00399,V391,2023-01-01,79023.9,
INV008930,INV1,PO07698 , V182,2023-12-22,75206.1,
INV008931,INV2,PO02670,v174,2023-09-09,43018.27,CANCELLED
INV008932,INV2,PO02508,V402,2023-08-03,30793.33,CANCELLED
INV008933, INV1,PO05273 ,V298 ,2024-03-09,12751.84,
INV008934,inv1,PO05834,V222,2023-05-23,59874.47,posted
INV008935,INV1 ,po00436,V004,2024-07-21,86023.28,Cancelled
INV008936,INV2 ,po00658,V199,2024-05-09,50867.88,Cancelled
INV008937,INV2,PO03819,V153,2024-03-04,62440.94,CANCELLED
INV008938,INV2 ,PO04481,v352,2024-11-29,41129.2,POSTED
INV008939,inv1,PO07497, V479,2024-07-01,41459.55,
INV008940,INV2,PO01075 ,V175,2024-07-16,86712.57,CANCELLED
INV008941,INV1 ,PO01743,v333,2024-12-23,14843.45,CANCELLED
INV008942,inv2,PO01744, V476,2024-05-04,7455.21,
INV008943,INV1,po00759,V055,2023-09-26,92701.48,Cancelled
INV008944,INV1,po01676,v288,2023-10-14,18245.19,CANCELLED
INV008945,INV1 ,PO02642 ,V300 ,2024-02-10,82467.06,Cancelled
INV008946,inv1,po03999,V383,2024-08-17,49600.2,Cancelled
INV008947,INV2, PO06987,V147,2023-03-08,,posted
INV008948,INV1,PO01090, V062,2024-01-16,52287.17,posted
INV008949,INV1,PO06894,V154,2023-10-07,28759.19,posted
INV008950,INV1,PO03933 ,V314,2024-07-10,83404.82,CANCELLED
INV008951,INV2, PO05895,V344,2024-11-28,12111.23,CANCELLED
INV008952,INV2,PO05004,V124,2024-03-14,56957.18,CANCELLED
INV008953,inv1, PO03500, V381,2024-01-15,92076.34,Cancelled
INV008954,INV2,PO04332,V481,2024-04-22,70113.44,posted
INV008955,inv1,PO01875,V128,2024-12-17,32553.64,CANCELLED
INV008956,INV1,PO05373,V307,2023-09-27,15117.25,posted
INV008957,INV1 ,PO06108,V459,2023-10-21,66088.33,posted
INV008958,inv2,PO05806 ,,2023-07-15,58667.17,CANCELLED
INV008959,INV2,PO03566,V119,2024-07-15,35068.36,Cancelled
INV008960,INV1,po05809,V003,2024-04-14,24176.69,posted
INV008961,INV2,po06693,V379,2023-11-18,62278.19,Cancelled
INV008962,INV2 ,PO06928, V328,2023-08-14,4981.57,CANCELLED
INV008963,INV1,PO01923, V253,2024-06-04,58379.47,posted
INV008964,INV2,PO02867,,2023-11-14,38127.09,CANCELLED
INV008965,INV2, PO05573,V344,2023-01-03,27908.39,CANCELLED
INV008966,INV1, PO02685,V082,2024-05-23,37715.14,Cancelled
INV008967,INV1,PO06743,V002,2023-09-10,11289.02,posted
INV008968,INV2,PO06288 , V430,2023-03-19,70222.46,CANCELLED
INV008969,INV2 ,PO06733,V317 ,2023-04-03,52526.02,posted
INV008970,INV2,PO03221 ,V469 ,2024-02-13,25114.84,posted
INV008971,inv2,PO02073,v176,2023-07-01,68899.86,
INV008972,INV2, PO04835, V455,2024-11-10,5901.16,CANCELLED
INV008973,INV2 ,po00166,V152,2024-01-14,79043.29,Cancelled
INV008974,INV1,po06626,V308 ,2023-08-06,28934.75,CANCELLED
INV008975,INV1,PO03827 ,V199 ,2023-12-01,31658.45,Cancelled
INV008976,INV1,po06272,V305,2024-01-10,13652.23,posted
INV008977,INV1,PO07100,v076,2024-01-19,76534.05,Cancelled
INV008978,INV1 ,po03084,v498,2023-02-14,63872.46,posted
INV008979,inv2,PO01625,V309,2023-12-03,41437.49,
INV008980,inv1,PO00419,V065,2023-11-02,,Cancelled
INV008981,INV1,po04863,V090,2024-09-03,41502.97,POSTED
INV008982,inv1,PO03113,V365,2023-06-16,32717.91,POSTED
INV008983,INV2 ,PO02332 ,V309,2023-02-01,47223.85,
INV008984,INV1 ,PO03434,V294,2024-02-07,57228.0,Cancelled
INV008985,inv1,PO00703,V178,2024-03-31,76834.46,Cancelled
INV008986,inv1,PO00945,V317 ,2024-02-17,28128.89,Cancelled
INV008987,INV2,PO00189,V015,2024-09-03,69692.6,posted
INV008988,inv1,PO01124,V053,2024-06-18,,
INV008989,inv2,po07353,V109,2023-06-02,37989.72,Cancelled
INV008990, INV2,PO03566 ,V305,2024-07-18,83708.28,Cancelled
INV008991,INV2, PO07511, V204,2024-07-22,,posted
INV008992,INV1,PO02475 ,v206,2024-03-01,81281.93,posted
INV008993,INV1,PO02337,v146,2023-10-20,56645.99,posted
INV008994,INV1 ,po06098,V252,2024-06-25,83971.86,
INV008995,INV2,PO05128,V165,2024-09-22,663.29,CANCELLED
INV008996,INV1,PO03957,V136,2024-03-27,12479.23,POSTED
INV008997,INV1 , PO07299,V328,2024-06-24,90122.54,CANCELLED
INV008998, INV1,PO04757,V212,2024-10-19,55561.33,posted
INV008999,INV1,PO02915,V316 ,2024-11-28,91652.72,POSTED
INV009000, INV2,po02373,V426,2023-01-08,61874.12,CANCELLED
