po_id,po_line_id,vendor_id,category_id,region_id,order_date,ordered_amount,currency
PO00001,POL3,V219,cat01,LATAM,2024-03-13,72129.99,USD
PO00002, POL2,V318,CAT09,NA,2024-07-18,66755.24, USD
PO00003,POL3 ,V161 ,CAT01 ,emea,2024-03-13,56012.44,
PO00004,POL2,V306,CAT06,NA,2024-12-06,5643.53, USD
PO00005,POL3,v107,CAT02,EMEA,2024-04-05,94734.71,
PO00006,POL3,V397 ,CAT07,apac,2023-07-31,65406.75,usd
PO00007,POL2,V111,cat05,EMEA,2023-01-26,17515.01,USD
PO00008, POL3,V114 ,cat06,APAC ,2023-09-17,44424.14,
PO00009,POL1 , V458,CAT09, APAC,2023-02-24,95187.16, USD
PO00010,POL2,V052, CAT08,EMEA,2024-11-06,44930.96,USD
PO00011,POL2,V300,CAT01 , NA,2023-01-08,43948.86, USD
PO00012,POL2,V413,CAT01,NA ,2023-02-23,53954.48,
PO00013,POL2,V444 ,CAT06 , EMEA,2024-10-01,80409.03,
PO00014,POL2 ,V316 ,CAT06,NA,2024-01-15,97674.08,usd
PO00015,POL3,V117,,APAC ,2023-08-05,46794.6,USD
PO00016, POL1,V359,CAT03,EMEA ,2024-01-20,93818.27,usd
PO00017,POL3,V231,CAT07, NA,2023-12-23,37501.23,usd
PO00018,POL1, V471,CAT06, APAC,2024-10-23,99217.66,
PO00019,pol1,V466,CAT04,EMEA,2024-03-22,20190.91,
PO00020,POL1,V498 ,CAT02 ,APAC,2024-04-26,55418.94, USD
PO00021,POL3, V481,CAT02,EMEA,2023-07-24,,USD
PO00022,POL2,V424,CAT06,LATAM,2024-05-25,13570.13,
PO00023,POL3,V083,cat01,LATAM ,2023-07-11,33188.4,USD
PO00024,POL2,V237,CAT01,NA ,2024-09-10,88849.43,
PO00025, POL1,V252,CAT05 ,NA,2023-07-06,83297.58,
PO00026,POL2, V397,CAT07,apac,2024-02-28,60239.21,USD
PO00027,pol1, V466,CAT05,LATAM,2024-05-31,,USD
PO00028,pol2,V231,CAT01 ,NA,2024-05-18,96269.63,usd
PO00029,pol2,V333 ,CAT01,LATAM ,2024-01-30,57129.37,USD
PO00030,POL3,V337,CAT07 ,emea,2023-03-15,13349.18,
PO00031,POL3,V149,cat05,APAC,2023-05-21,10928.21,usd
PO00032,POL3,V026,CAT09 ,APAC,2024-06-11,56453.19,
PO00033,POL1,V375,CAT09 , APAC,2024-07-08,22665.65,USD
PO00034,POL1,V131 ,CAT03,LATAM,2023-10-03,63811.88,usd
PO00035,POL2 ,V206,CAT05,APAC ,2023-10-06,95417.49,USD
PO00036,POL2,V295,CAT10,LATAM,2023-04-23,59802.45, USD
PO00037, POL3,V496, CAT05,NA ,2023-11-15,54571.23,usd
PO00038,POL3,V386,CAT06,emea,2023-05-11,83446.11,USD
PO00039,POL2,V220,CAT02,NA,2024-01-12,2767.44,USD
PO00040,POL3,V138,CAT01,LATAM,2023-08-25,35154.87,usd
PO00041,POL1,V199,CAT06,,2024-10-27,32603.94,usd
PO00042,POL3,V278,CAT09,EMEA ,2023-08-25,22059.98,
PO00043, POL3,v439,cat02, LATAM,2024-03-06,1532.58,USD
PO00044,POL1,V079,CAT06,EMEA ,2023-01-19,4642.22,usd
PO00045,POL3,V062,CAT06,EMEA,2023-06-23,98072.7,
PO00046,POL1, V031,CAT02 ,APAC,2024-07-19,,
PO00047,POL3 ,v214, CAT10, APAC,2024-03-19,28014.17, USD
PO00048,POL1,v068,CAT02,NA,2024-09-08,43918.7,
PO00049, POL3,V166 ,CAT08,apac,2023-01-24,1896.11,USD
PO00050,POL1 ,V376,CAT02 ,LATAM,2024-07-23,6264.49,
PO00051,POL1,V209 ,CAT02, LATAM,2024-06-07,53115.12,USD
PO00052,POL3,V256,CAT05,NA ,2024-05-24,63044.48,usd
PO00053,POL3,V485 ,CAT08,LATAM ,2024-05-06,80412.1,usd
PO00054,POL1,v385,CAT07, NA,2023-11-20,31051.8,USD
PO00055,POL2, V181,CAT02, NA,2024-05-21,28849.64,USD
PO00056,POL3 ,V131 , CAT04,APAC,2024-06-28,38836.23, USD
PO00057,POL2,v003,cat04,emea,2024-05-14,97986.87,usd
PO00058,POL1,V269, CAT07,NA,2023-07-23,78539.5,USD
PO00059,POL1 ,V403,cat06,EMEA,2024-01-18,4485.83, USD
PO00060,POL2,V272 ,CAT02 ,NA,2024-08-30,91973.75, USD
PO00061,POL3,V350,CAT05,na,2023-10-04,63329.35,
PO00062,POL1 ,V213 ,CAT07,apac,2023-10-26,86873.75, USD
PO00063, POL2, V167,CAT09,APAC,2024-02-25,72141.28,
PO00064,POL1,V457 ,CAT03 ,LATAM ,2023-09-05,31003.32,USD
PO00065,POL1,V134,CAT02,apac,2023-10-04,42173.94,usd
PO00066,POL2 ,V302 ,CAT04,EMEA,2023-06-28,49928.93,usd
PO00067,POL1 ,V003,CAT02,EMEA,2024-05-28,31769.9, USD
PO00068,POL2 ,V427,CAT04,NA ,2024-11-15,94143.87, USD
PO00069,POL2,v209,CAT03,na,2024-01-15,52748.38,usd
PO00070,POL1, V009,CAT05, EMEA,2023-08-24,93000.99,usd
PO00071, POL2,v429, CAT10,EMEA,2023-12-26,11824.25,usd
PO00072,POL3,V445,CAT10,,2024-04-27,43212.32,usd
PO00073,POL3, V232,CAT06,EMEA,2023-11-13,34213.7,
PO00074,POL1,V210,CAT05 ,EMEA,2024-03-12,47437.71, USD
PO00075,POL1,V153 ,CAT09,na,2023-06-09,32713.87, USD
PO00076, POL2,V079,CAT05,apac,2023-02-19,88243.0,USD
PO00077,POL1, V330,cat10,EMEA ,2024-03-12,11817.15, USD
PO00078,POL3,V024 ,CAT06,LATAM,2024-02-22,97848.75,USD
PO00079, POL1,V375,cat09,na,2023-12-16,71551.7,usd
PO00080,POL3 ,V377,CAT04,NA,2023-06-07,18977.62, USD
PO00081,POL1,V312 ,CAT10, NA,2024-05-16,63373.63,
PO00082,POL1,V383 ,CAT05,APAC,2023-08-20,68604.48,
PO00083,POL1,V343,CAT09, NA,2023-12-04,81825.55, USD
PO00084,POL3,V395,cat08,APAC,2024-09-03,59902.34,USD
PO00085, POL3,V422,CAT07,APAC,2024-10-26,79542.47, USD
PO00086,POL1,V249,CAT08 ,NA,2024-01-25,1685.64,USD
PO00087, POL3,v459, CAT10,apac,2023-11-28,82268.59, USD
PO00088,POL3 ,V070 ,CAT08 ,LATAM,2023-12-31,13932.61,usd
PO00089,pol1,V079, CAT04, EMEA,2023-06-08,6354.75,
PO00090,POL1 ,V108,CAT06, NA,2024-06-26,72642.82,USD
PO00091, POL1,V139 ,cat09, NA,2024-08-01,23013.32,
PO00092,POL3 ,v163,CAT03,NA,2024-06-05,26787.6, USD
PO00093,pol2,V105,cat08,NA,2023-02-17,49190.82,usd
PO00094,POL1,v194,CAT08,emea,2023-02-23,63203.52,USD
PO00095,POL2,V154,CAT07,APAC,2023-03-23,37162.36,usd
PO00096,POL3,V294,CAT10,APAC,2024-05-25,55428.02,usd
PO00097,POL3,V328,CAT10 ,EMEA ,2024-12-25,59244.07,
PO00098,POL3,V129 ,CAT03 ,latam,2024-02-15,5263.34, USD
PO00099,POL2,V300,CAT03,EMEA,2024-08-18,16504.84,usd
PO00100,pol1,V281,cat10, NA,2024-02-04,82950.58, USD
PO00101,POL1 ,V222,cat07,emea,2024-02-08,81131.81,USD
PO00102,pol2, V316,CAT01 ,NA,2024-03-14,16039.25,usd
PO00103, POL3,V334,cat07,NA,2024-10-06,58646.83, USD
PO00104,POL2,V023,CAT06,NA,2024-05-26,61255.01,USD
PO00105, POL3,V182,cat06, LATAM,2024-12-27,5168.19,USD
PO00106,POL1 ,V500 ,CAT04,emea,2023-05-08,87019.41,usd
PO00107,POL3,V267,CAT10,NA ,2023-11-25,59982.94,USD
PO00108,POL3, V446,CAT07,latam,2024-02-24,7634.42,usd
PO00109,pol2,V433,CAT05,APAC ,2024-11-18,1360.1,USD
PO00110, POL3,V117,cat08,APAC,2024-10-07,,USD
PO00111,POL3,v226,CAT02 ,NA,2023-07-24,38048.23, USD
PO00112,POL2,v147,cat08, APAC,2023-01-20,57872.05,USD
PO00113, POL1,V186,CAT01 ,LATAM,2024-10-11,1854.27, USD
PO00114,POL1,V337,CAT01 ,EMEA,2024-03-25,75138.77,
PO00115, POL3,V461 ,CAT06 ,LATAM ,2024-01-09,63330.15,usd
PO00116,POL2,V466,CAT10, LATAM,2024-08-10,97894.91, USD
PO00117,POL2,V082,CAT10, EMEA,2023-05-22,51181.11, USD
PO00118,POL3, V268,CAT06 ,NA,2023-12-16,9560.86, USD
PO00119,POL3 ,V430,CAT03,LATAM ,2024-04-05,47185.9, USD
PO00120,POL1,v329,CAT04 ,APAC,2024-10-01,56039.13, USD
PO00121, POL2,V357 ,CAT09 ,NA,2024-04-14,29081.79, USD
PO00122,POL1, V055,CAT06,APAC ,2024-04-24,35952.24,usd
PO00123,POL1, V126,CAT08,APAC ,2024-10-25,31688.37,USD
PO00124,POL1,v087,CAT07,EMEA,2024-01-28,67212.2,USD
PO00125,POL2,V016 , CAT06,APAC,2024-01-25,14242.61, USD
PO00126,POL2,V370,CAT01 ,NA,2024-07-28,31159.32, USD
PO00127,pol3, V319,CAT01 ,latam,2023-02-19,52774.29,USD
PO00128,POL2,v236,CAT04,APAC,2023-02-04,58482.85, USD
PO00129,POL1, V150,CAT08,APAC,2023-01-20,70802.5,usd
PO00130, POL3,v051,CAT08,LATAM,2023-06-24,94077.67, USD
PO00131,pol3,v099,CAT03,LATAM,2024-04-04,95199.23, USD
PO00132,POL3,V207,CAT06,APAC,2023-08-01,14526.8, USD
PO00133,POL3,V110,CAT08,,2023-04-08,64355.43, USD
PO00134, POL1,V469 ,CAT09 ,LATAM,2023-09-02,29674.39,USD
PO00135,POL3,V048,CAT03,NA ,2024-04-21,35442.96,USD
PO00136,POL3,V473,CAT07,apac,2023-05-22,83212.12,
PO00137,POL2,V047,cat04,APAC ,2024-03-05,64070.94,usd
PO00138, POL3, V077,CAT10,LATAM,2023-12-06,19578.1,
PO00139,pol2,V454 ,cat03,LATAM,2023-03-14,48366.73, USD
PO00140,POL2,V421 , CAT05,na,2023-05-18,48485.33, USD
PO00141,pol3,V213,CAT10,EMEA,2023-11-28,28254.46,USD
PO00142,POL1,v429,CAT05 ,NA,2023-11-17,97601.98,
PO00143,POL1, V476,cat01,NA ,2024-07-28,89451.95,
PO00144,POL2, V236,CAT10,APAC,2023-12-15,98885.35,USD
PO00145,POL2,v335, CAT02,NA ,2024-04-25,85387.68, USD
PO00146,POL3,V320,CAT08,APAC,2024-09-25,79103.71,USD
PO00147,POL3, V014,CAT08 ,LATAM,2024-08-15,62821.53,USD
PO00148, POL1,V117,CAT03,NA,2023-05-23,,USD
PO00149,pol3,V294,CAT07,APAC,2024-01-18,, USD
PO00150,pol2,v417,cat02,LATAM,2023-05-14,59236.66, USD
PO00151,POL3 ,V162,cat04,LATAM,2023-09-10,53406.91,USD
PO00152,POL3 ,V410,CAT10,APAC ,2023-09-28,94819.42,
PO00153,POL3,V327,CAT08 ,APAC,2024-10-06,17558.52, USD
PO00154,pol2,V455,CAT10,latam,2023-02-18,16384.82,USD
PO00155,pol3,V239,CAT02,NA,2023-07-05,94793.98, USD
PO00156,POL1,V166,cat06,LATAM ,2024-12-07,27219.39,usd
PO00157,POL2 ,v322,CAT09,APAC,2023-03-28,,usd
PO00158,POL3, V255,CAT09,EMEA ,2023-05-04,75738.59, USD
PO00159,POL2,V304,CAT08,EMEA,2024-09-08,43124.52,
PO00160, POL3,V450, CAT09,EMEA,2024-09-18,3445.22,usd
PO00161, POL2,V320,CAT05,LATAM ,2023-03-03,41478.59, USD
PO00162,pol1,v232,CAT01, LATAM,2024-02-15,14545.46,USD
PO00163,POL2,V264, CAT08,NA,2023-10-21,72359.56,usd
PO00164,POL3,V034,CAT07,APAC ,2023-08-04,,USD
PO00165,POL1,V030 ,CAT03 , NA,2024-03-13,65167.82,USD
PO00166,POL1,V190,CAT10,EMEA,2024-10-01,87003.51,USD
PO00167,POL1,v391,cat01,APAC,2024-03-25,73714.93,usd
PO00168,POL2 ,V086,CAT10,LATAM,2024-04-13,78328.98,
PO00169,POL1,V108,CAT10,EMEA,2024-08-14,44653.86, USD
PO00170,pol1, V263,CAT03 ,APAC,2023-10-19,47515.74,usd
PO00171,POL3 , V269,CAT07,LATAM,2023-09-21,83905.82, USD
PO00172,POL3,v492,CAT04,APAC,2024-04-10,16115.61, USD
PO00173,pol1, V205,cat09, LATAM,2024-11-06,83275.09, USD
PO00174,POL1,V304,CAT10 ,LATAM,2024-04-21,50552.58,usd
PO00175,POL3,V093,CAT07,EMEA,2023-10-21,38490.17,
PO00176,POL3,V403,CAT06,na,2024-08-31,61645.72, USD
PO00177,POL1,V324, CAT03,EMEA,2023-06-16,9440.06,usd
PO00178,POL1,V046,CAT04,NA,2024-11-13,90033.28,usd
PO00179,POL1,V280,CAT01,LATAM,2023-02-14,17264.95,
PO00180,POL2 ,V332,CAT07,EMEA,2023-12-24,77269.85,usd
PO00181,POL3,V330,CAT07 ,LATAM ,2023-02-09,44427.18,usd
PO00182,POL1,V402,CAT03 ,NA,2023-08-08,4647.67,
PO00183,POL3,V393, CAT04,APAC,2023-04-16,12878.6,USD
PO00184,POL3,v014,CAT08,LATAM,2024-07-27,78267.61,usd
PO00185,POL3 ,v004,CAT05,EMEA,2023-06-28,13275.86,
PO00186,POL2 ,V367, CAT09,EMEA ,2024-05-09,76886.54, USD
PO00187, POL1,V019, CAT08,NA,2023-08-30,55803.83,USD
PO00188,POL2, V233,CAT05,APAC,2024-01-22,53194.83,usd
PO00189,pol1,V247, CAT06,emea,2024-08-15,25618.15,
PO00190,POL3,V285,CAT01,EMEA,2024-11-08,14273.63, USD
PO00191,POL3, V311,cat03,APAC,2024-11-15,31273.32, USD
PO00192,POL3,V141,CAT03,NA,2023-06-28,53865.97,USD
PO00193,pol3,v340,CAT08,LATAM,2023-04-19,78187.38,
PO00194,POL2,v339,CAT02 ,NA,2024-09-14,95321.87,usd
PO00195,POL1,V472,CAT01 ,APAC,2023-04-14,32865.78, USD
PO00196,POL2,v162,cat06,LATAM,2024-12-07,22296.31,
PO00197,POL1 ,V168, CAT08,EMEA,2024-03-15,48811.49,
PO00198,POL1,V212,CAT05,,2024-05-05,29786.77, USD
PO00199, POL1, V374,CAT05, LATAM,2024-12-31,5058.2,
PO00200,POL2 ,v174,cat09,EMEA,2024-04-19,61774.44,USD
PO00201,POL3,v007,CAT03,LATAM,2023-03-26,17618.51, USD
PO00202,POL2,V121,cat08,LATAM,2023-01-31,77179.28,USD
PO00203,POL2,V088,CAT10,LATAM,2024-06-20,76543.66,USD
PO00204, POL2,V461,CAT09, APAC,2024-02-11,48768.28,USD
PO00205, POL2,V166,CAT10,NA ,2024-02-08,91300.19,USD
PO00206,POL3,V022, CAT10,NA,2024-08-12,21963.28,USD
PO00207, POL3,V163,cat09, EMEA,2023-10-11,80942.39,usd
PO00208, POL2,V184,cat03, EMEA,2024-04-03,10611.96,usd
PO00209,POL3 ,V269,CAT05,LATAM,2024-09-08,76073.2, USD
PO00210,POL1, V346,CAT07,NA,2023-09-11,31764.94,
PO00211,POL1 ,V265,cat01,EMEA ,2024-07-18,75960.68,usd
PO00212,POL1,V144 ,CAT07,NA,2024-12-28,86693.77,USD
PO00213,POL1,V189,CAT03,EMEA,2023-02-26,,
PO00214,POL2,V108,cat10,APAC,2023-05-11,90494.44, USD
PO00215,POL3,v160,CAT06, EMEA,2024-07-23,81137.69,usd
PO00216,POL2 ,V487,CAT05 ,APAC,2023-07-21,73560.04,
PO00217,POL2, V053,CAT08,NA,2024-08-26,21475.36,
PO00218,POL2,V332,CAT09,EMEA ,2023-05-24,26895.31,
PO00219, POL3,V026,CAT05,NA,2024-04-19,15134.05,USD
PO00220,POL3,V228,CAT01,EMEA,2024-07-10,71993.61,USD
PO00221,POL2,V385,CAT10,NA,2023-04-16,57828.65,usd
PO00222,pol1,V274,CAT05,LATAM,2024-12-30,96974.37,usd
PO00223,pol3,v020, CAT04,apac,2024-04-26,55090.23, USD
PO00224,pol1,V450,CAT07,NA,2024-06-20,78208.34,
PO00225,POL2,V229,cat02,na,2024-08-18,3969.1,USD
PO00226,POL3,V452,CAT04 , NA,2023-12-30,19178.5,
PO00227,POL1,V499, CAT01,EMEA,2024-11-19,3578.19,usd
PO00228,POL2 ,v322,CAT06,LATAM ,2023-06-29,96969.64, USD
PO00229,POL1,v263,CAT02,EMEA,2024-04-28,74122.97,
PO00230,pol2,V500,CAT06 ,na,2024-06-10,88193.25, USD
PO00231,POL2,, CAT07,APAC,2024-03-19,70852.56,
PO00232,pol2,v119,cat02,latam,2024-08-12,,USD
PO00233,POL2,V372 ,CAT01,NA,2023-01-01,24654.5,usd
PO00234,POL1,v417,CAT02,na,2024-10-15,7184.81,usd
PO00235,POL1,V112, CAT08, LATAM,2023-07-20,85840.81,usd
PO00236,POL2,V164,cat02,NA,2023-02-01,9136.18, USD
PO00237, POL2, V256,CAT06,APAC,2024-10-11,18080.74,USD
PO00238,POL1,V445,CAT08,APAC,2023-01-26,36455.37,
PO00239,POL1,v484,CAT03,NA,2023-11-15,31825.96,
PO00240, POL1,V362, CAT08,apac,2023-12-20,71079.21,USD
PO00241,POL3, V466,cat04, APAC,2023-04-09,39407.03,usd
PO00242,POL2 ,V340,CAT01,,2023-06-25,6916.17, USD
PO00243,POL2,V261,CAT01 ,LATAM,2024-08-23,91425.2,
PO00244,POL1,V397, CAT10, EMEA,2024-03-28,54699.65,
PO00245,POL1,V020,CAT02,APAC ,2024-09-22,49452.55,usd
PO00246,POL2,V046 ,CAT10,LATAM,2024-11-22,35199.66, USD
PO00247,POL1 ,V472 ,CAT03, EMEA,2024-08-31,85531.28,
PO00248,POL2,V329,CAT05,APAC,2023-04-15,29053.56, USD
PO00249,POL3 ,V117 ,CAT07, APAC,2024-02-29,15464.74,USD
PO00250,POL2,V047,CAT07, NA,2024-04-14,74388.37,
PO00251,POL2,V191 ,cat10,NA ,2023-04-06,62285.96,USD
PO00252,POL1,V321,CAT01,APAC,2024-02-02,25002.61,
PO00253,POL3,V127,CAT06 ,LATAM,2023-03-18,72655.67,usd
PO00254,POL2,v200,CAT04,LATAM,2023-09-10,60467.0,usd
PO00255,POL3,V467 ,CAT01,LATAM,2024-05-07,92707.28,
PO00256,pol2,v407,CAT08,LATAM ,2023-02-09,43660.18,USD
PO00257,POL3, V364,CAT09, LATAM,2023-04-15,,usd
PO00258,POL1,V373,CAT01 ,LATAM,2024-05-30,60076.92,usd
PO00259,POL2,V324,CAT01 ,LATAM,2024-11-25,49661.47, USD
PO00260,POL3,V146,CAT04, NA,2023-05-05,45519.16,usd
PO00261, POL1,V250,CAT02 ,APAC ,2023-04-10,87938.1,USD
PO00262,POL2 ,v059,CAT10,na,2023-01-24,35625.11,
PO00263,POL3, V002, CAT07,APAC,2024-12-23,91458.23,
PO00264,pol2,V460,CAT08, LATAM,2024-03-30,53165.98,USD
PO00265,POL2,V341,CAT04,NA,2023-07-26,78667.53,
PO00266, POL2,V283,CAT05,APAC,2023-12-26,57970.96, USD
PO00267, POL1,V483,CAT08,apac,2023-12-23,,
PO00268,POL3,V117 ,CAT07,apac,2023-06-23,37294.58,USD
PO00269, POL3,v429,CAT06,LATAM,2024-05-20,95826.74,
PO00270,POL1,V198,CAT06 ,EMEA,2024-06-10,43139.58, USD
PO00271,pol1,V362,CAT08,LATAM,2023-09-20,20258.68,usd
PO00272,POL3,v288,CAT05 ,EMEA ,2024-01-12,83195.42,
PO00273,POL2,V416,CAT07,EMEA,2024-12-28,61034.41,
PO00274, POL1,V377,CAT01 , EMEA,2023-05-03,9598.8,USD
PO00275,pol1, V415,CAT09,na,2023-05-27,97722.71,usd
PO00276,POL2,V275,CAT08 ,NA,2024-03-29,83924.2, USD
PO00277, POL2, V327, CAT02, EMEA,2024-12-22,73128.26,usd
PO00278, POL1,V395,CAT08,NA,2023-03-06,72593.71,usd
PO00279,POL1 ,V078,CAT02,APAC ,2023-01-03,37502.2,USD
PO00280,pol2,V325,CAT02 ,APAC ,2024-01-15,64495.24,usd
PO00281,POL3,V016,CAT09,NA ,2024-11-05,66205.0,usd
PO00282,POL2,V300,CAT10,APAC,2024-12-20,1080.18,USD
PO00283,POL3, V096,cat06,NA,2023-08-12,77669.9,USD
PO00284,POL2,v213,cat01,na,2024-11-17,62203.59,USD
PO00285,POL3,v064,cat08,latam,2024-05-27,46064.1,
PO00286,POL3 ,V213,CAT06 ,APAC,2024-12-15,23559.5,USD
PO00287,POL2,V001 ,CAT05,APAC,2024-07-02,75715.09, USD
PO00288,POL1 , V383,CAT05 ,LATAM ,2023-07-28,57273.02,USD
PO00289,POL2 ,V143,CAT03 ,LATAM,2023-11-12,56248.0,USD
PO00290,,V069,cat03,LATAM,2024-09-21,,
PO00291,pol1,V066,CAT01,latam,2024-11-24,93680.58,
PO00292,pol3,V113,CAT06,LATAM ,2024-07-10,18064.7, USD
PO00293,POL2, V279, CAT06,latam,2024-04-01,13848.66, USD
PO00294,POL2,v372,CAT08,latam,2024-11-19,10841.34,usd
PO00295,POL1,v284, CAT07,NA,2024-04-20,89389.38,
PO00296,POL2,V250,CAT07,APAC,2024-07-12,24929.05,
PO00297, POL2,V009, CAT08,APAC,2024-10-28,2023.31,usd
PO00298,pol3,V232 ,CAT05, NA,2024-09-14,27810.79,USD
PO00299,POL2,V077 ,CAT10, EMEA,2023-10-06,84550.45,
PO00300,POL2,V417 ,CAT05,EMEA,2023-04-22,75987.12, USD
PO00301,POL3, V151,CAT08, NA,2023-12-22,85164.47,USD
PO00302,POL2,V109,CAT09,EMEA ,2024-02-01,96046.41,USD
PO00303,pol3,V180 ,CAT01, NA,2024-05-02,38451.32, USD
PO00304, POL1,V436 , CAT02,APAC,2024-08-29,92024.16,USD
PO00305,POL1, V223,cat07,APAC,2024-03-30,86176.81,USD
PO00306,POL2 ,V445, CAT03,EMEA,2024-11-29,35944.47,USD
PO00307, POL3,v027,CAT10,APAC ,2024-12-02,21948.95,
PO00308,POL2, V127,CAT08,APAC,2024-06-14,35774.45, USD
PO00309,POL3,V195,CAT02 ,EMEA,2023-01-23,58628.98, USD
PO00310,POL2,V300 ,cat05,NA,2024-06-02,91768.94,USD
PO00311, POL2,v377,CAT02,NA,2024-03-20,58348.92,
PO00312,pol1,V458 ,CAT08,EMEA ,2024-07-15,93948.16,
PO00313,POL1 , V183,CAT08,EMEA,2023-11-01,47948.05,usd
PO00314,pol2,V328,CAT09,apac,2024-04-21,48877.14,usd
PO00315,POL3 ,V225 ,CAT08,EMEA,2024-02-22,72130.3, USD
PO00316, POL1,V416,CAT05 ,apac,2023-05-09,17653.76,USD
PO00317,pol1,,cat06,NA,2023-12-14,78192.14, USD
PO00318, POL1,V496,cat02, NA,2024-12-13,93748.77,USD
PO00319,POL1 , V281,CAT08,NA ,2024-08-13,59968.65,
PO00320,POL2,V381 , CAT07,apac,2024-08-10,81444.96,USD
PO00321,POL3, V033, CAT02,NA,2024-02-16,1724.79,usd
PO00322,POL2,V426 , CAT03,NA,2024-04-05,41562.71,usd
PO00323,POL1,V400,CAT05,EMEA,2023-06-19,83157.19,USD
PO00324, POL1,v131,CAT05,NA,2023-09-12,97364.31, USD
PO00325,POL2 ,V247,CAT10,EMEA,2023-07-21,24851.78,usd
PO00326,POL2,V467, CAT06,EMEA,2023-11-10,15267.33, USD
PO00327,POL1,V001,CAT06,APAC,2024-01-31,82995.34,USD
PO00328,pol3,V124,CAT04,NA,2024-10-27,84778.62,usd
PO00329,POL3 ,V130 ,CAT08 , NA,2023-03-16,8989.27,USD
PO00330, POL1,V194,CAT01,NA,2024-12-10,28021.43,usd
PO00331,pol1,v043,CAT10,latam,2024-04-24,79193.66,
PO00332,, V150,CAT01,NA,2024-06-07,53589.21,
PO00333,pol2,V077,CAT05,EMEA,2024-08-06,58950.63,usd
PO00334,POL1,V134,CAT08,APAC,2023-04-10,46386.5,USD
PO00335,pol3,v235,CAT07, LATAM,2024-05-18,11478.66,usd
PO00336,POL3 , V302,CAT09,EMEA,2024-05-03,41192.98,
PO00337,pol1,V033,CAT01,EMEA ,2023-03-28,, USD
PO00338,POL1 ,V005,cat03,emea,2023-02-27,,USD
PO00339,POL3 ,v165, CAT03,APAC ,2024-11-26,34015.8,USD
PO00340,POL3,v254,CAT07, APAC,2024-10-22,48773.96,
PO00341, POL1,V049, CAT09,APAC ,2023-06-10,18384.31, USD
PO00342,POL2,V358 ,CAT06,APAC,2023-03-03,37374.89, USD
PO00343,POL3,V258,CAT01,APAC,2023-07-31,37325.83,USD
PO00344,POL2,v371, CAT07,na,2024-05-12,98042.92,
PO00345,POL3,V495 ,cat01,latam,2024-07-01,13613.64,usd
PO00346,POL1,V106 , CAT04, APAC,2024-03-20,42723.62,USD
PO00347,POL2,V048 ,CAT06,LATAM,2023-09-22,33974.7,usd
PO00348,pol2,V118,CAT06,NA,2023-04-23,54551.3,usd
PO00349,POL1,V212,cat02,NA,2023-05-08,63820.09, USD
PO00350,pol2,v484,CAT08,EMEA,2024-07-09,6296.35, USD
PO00351,POL2,V409,cat02, LATAM,2024-09-22,36131.15, USD
PO00352,POL3,V234,cat03,APAC,2024-12-02,75121.62,USD
PO00353,POL1,V344,cat06,EMEA,2023-10-30,73362.83,USD
PO00354,pol2, V164,CAT04,APAC,2024-04-08,44789.47,
PO00355,POL1,V170, CAT03,EMEA ,2023-10-04,55574.68,usd
PO00356,POL2,V028, CAT07,latam,2024-04-27,26563.88,
PO00357,POL3, V334,CAT03,EMEA,2023-03-21,8250.96,usd
PO00358,POL3,V443,CAT03,EMEA,2024-04-13,,USD
PO00359,POL1,V337,CAT05,LATAM,2024-07-31,71672.84,
PO00360,POL2,V370 ,CAT09,NA ,2024-08-08,13265.69,usd
PO00361, POL2, V092,CAT07,na,2023-07-24,74524.43,
PO00362,pol3,V007,CAT10,APAC ,2024-06-23,81619.96,usd
PO00363,POL3, V095,CAT08,LATAM,2024-06-27,96694.67,USD
PO00364,POL3,V491,CAT09,EMEA,2024-02-17,72382.66,
PO00365,POL1,V172,CAT09,NA ,2024-06-11,39469.4, USD
PO00366, POL1,V483,CAT05,NA ,2023-09-15,63233.2, USD
PO00367,POL1,V010,CAT01,emea,2024-07-01,23627.16,USD
PO00368,POL2,V071,CAT01 ,APAC ,2024-05-13,51739.67, USD
PO00369,POL3 ,V049,CAT09 ,APAC,2024-07-05,8733.02,
PO00370,POL1,v079,CAT04, EMEA,2024-02-27,31499.49,usd
PO00371, POL3,V246 ,CAT10,EMEA,2023-09-11,11695.09,
PO00372,POL3,V039,CAT01,na,2024-07-24,7328.43,usd
PO00373,POL1,V302,CAT04 ,NA,2023-06-15,,
PO00374,POL1,v049,CAT07,APAC ,2023-10-04,27548.45,usd
PO00375,POL2, V218,CAT10, LATAM,2024-02-04,31908.65,USD
PO00376,POL3, V435,cat08,NA ,2024-09-02,46831.02,usd
PO00377,POL2, V066,CAT05,EMEA,2024-07-13,75832.34,
PO00378,POL1,V143 ,CAT04, LATAM,2024-03-31,98837.42,USD
PO00379,POL1,V119,cat01,na,2023-04-03,23136.51,usd
PO00380,POL1, V067,CAT10,APAC,2024-10-06,90380.11,
PO00381,POL2, V025,CAT06,LATAM,2024-02-25,8199.55,
PO00382,POL3,V336,cat04, APAC,2024-06-30,4482.12,usd
PO00383,POL1,V379,CAT01,NA,2023-12-26,56673.82, USD
PO00384,POL2,V436, CAT09,NA,2023-12-25,88024.84,usd
PO00385,POL3,V107 ,CAT08 ,emea,2023-03-10,29199.95,usd
PO00386,pol2,V108,CAT02, LATAM,2023-08-18,69390.37,USD
PO00387, POL1, V099,CAT01,LATAM,2023-03-29,37492.98,
PO00388,POL3 ,v187,CAT01,LATAM,2023-06-17,73694.54,USD
PO00389,POL3,V490,CAT10 ,latam,2024-05-11,26621.63, USD
PO00390,POL2 ,V110,cat08,APAC,2024-10-10,35555.55, USD
PO00391,POL3 ,V307,CAT04, EMEA,2024-11-27,50492.22,USD
PO00392,POL2,V441 , CAT01,NA,2024-04-25,80325.22,usd
PO00393,POL2 ,V171 ,cat08, EMEA,2023-08-07,22165.08,
PO00394,POL3,V096 ,CAT03,na,2023-03-23,80187.07, USD
PO00395,POL1,V396,cat06,EMEA,2023-12-04,48507.68,USD
PO00396,pol3,V227, CAT03,EMEA,2023-05-11,43283.19,usd
PO00397,POL2,V089,CAT03,apac,2024-07-02,49974.6, USD
PO00398,POL3 ,V221 ,CAT03 ,NA,2023-03-30,56635.91,
PO00399, POL3,V090,CAT02 ,LATAM,2024-01-02,93086.15,
PO00400, POL2,V415 ,CAT01 ,emea,2024-09-14,82293.63,usd
PO00401,POL1,v127,CAT03,na,2023-01-01,4939.5,usd
PO00402,POL3,V326,CAT02,APAC,2023-10-13,48010.55, USD
PO00403,POL3, V464,CAT09,APAC ,2023-07-16,78890.28,
PO00404,pol1,V142,CAT06 , LATAM,2024-02-20,98052.87, USD
PO00405,POL2 , V327,CAT02,EMEA,2024-10-17,16483.98, USD
PO00406, POL2, V319,CAT10, NA,2023-04-07,43882.11,usd
PO00407,POL1 ,V183,CAT09,na,2023-05-24,11847.23,usd
PO00408,POL1, V048,CAT09,NA,2024-08-30,68234.08,usd
PO00409,POL1,v197,CAT02, EMEA,2023-04-18,55084.01,USD
PO00410, POL2,V190,CAT03,LATAM,2024-12-28,25072.83,
PO00411,POL2,v434,CAT01, EMEA,2023-11-30,1528.44,
PO00412,POL3, V392,CAT01,EMEA,2024-12-12,18799.33, USD
PO00413,POL3,V190,cat06,emea,2023-05-01,39592.61,USD
PO00414,pol3,V328,CAT10,LATAM,2024-11-25,15966.46,usd
PO00415,POL1,V470 ,CAT04,na,2024-02-01,74728.39,usd
PO00416,POL2,V054,CAT03,APAC,2023-08-05,22957.18,USD
PO00417,POL2,v190,CAT10,APAC,2024-09-10,26545.62, USD
PO00418, POL1,V435 ,CAT07,LATAM,2024-12-19,16116.75,usd
PO00419,POL3,v082,CAT05, LATAM,2023-10-21,52430.1,
PO00420,POL1,V399 , CAT08,LATAM,2023-12-15,81173.57,USD
PO00421,POL2,v473, CAT01,NA,2023-03-29,59822.09,USD
PO00422,POL1, V369, CAT06,emea,2024-11-26,51903.17,USD
PO00423,POL1,V174,CAT10,NA ,2023-06-15,76231.31,
PO00424,POL1,v358,cat06,EMEA,2024-07-12,76887.26,
PO00425,pol3,V066, CAT01,NA,2023-12-13,88731.93,
PO00426,POL3,V296 ,CAT05,APAC,2024-12-14,13637.87, USD
PO00427,POL1,V383 , CAT02,NA,2024-06-14,72468.31,usd
PO00428,POL2 ,V104,CAT10,EMEA ,2024-07-31,43266.07,
PO00429,POL1,v387,CAT02 ,LATAM,2023-03-18,1789.99, USD
PO00430,POL1 ,V473 ,CAT09,APAC,2023-07-18,52225.0,usd
PO00431,pol1,V053,cat10,NA,2023-01-05,71340.57, USD
PO00432, POL3,V081,CAT07,apac,2024-05-28,70064.01, USD
PO00433,pol2,v331, CAT04, APAC,2024-09-05,56596.12,USD
PO00434, POL2,V487,CAT07,APAC,2024-06-13,36131.05,USD
PO00435,POL3,V281 ,CAT04 ,LATAM,2023-03-26,63625.43,USD
PO00436,POL3,V139,CAT06,EMEA,2024-05-24,7863.47,USD
PO00437,POL2 ,V147 ,cat05,EMEA,2024-09-28,87737.84,
PO00438,POL3, V257,CAT09 ,NA,2023-04-14,11732.0,USD
PO00439,pol1,v343,CAT01,EMEA,2023-05-03,23336.01,USD
PO00440,POL2 ,V402,CAT06 ,APAC ,2024-12-19,23414.88,USD
PO00441,POL2,V276,CAT07,APAC,2023-12-01,23817.73, USD
PO00442,POL2 , V241,CAT02,NA,2024-09-13,86821.53,usd
PO00443,POL3,V316,cat09,LATAM,2024-11-12,72362.98,USD
PO00444,pol2,V280,CAT04,NA ,2024-06-06,51198.79,
PO00445, POL1,V213,CAT01,LATAM,2024-04-02,24157.09,usd
PO00446, POL1,V115,CAT05,EMEA,2023-05-27,63498.61,USD
PO00447,POL3,V043, CAT04,emea,2023-09-27,,USD
PO00448,POL3,V264,CAT09,APAC,2024-06-24,27656.88,
PO00449,POL1, V237,CAT04,emea,2023-08-04,55923.59,usd
PO00450,POL2, V012, CAT07, APAC,2023-10-24,11499.6, USD
PO00451,pol1,V243,CAT06,,2023-08-29,66500.12,
PO00452,POL1,V242,CAT03 , EMEA,2023-02-24,6792.03,
PO00453,POL3,V426,CAT01 , APAC,2024-10-05,68293.45, USD
PO00454,POL3,v141,CAT04,NA,2024-02-24,61853.22, USD
PO00455, POL2,V418,cat07,EMEA,2024-04-26,63073.87,usd
PO00456,POL3,V463,CAT09,LATAM,2023-10-31,22583.57,USD
PO00457,POL2,V459,cat08,NA,2023-03-08,69790.95,
PO00458, POL3,V141,cat01,LATAM,2024-02-09,20170.88, USD
PO00459,POL1,V068 ,CAT06,NA ,2024-05-15,37418.15, USD
PO00460,POL3,V204,cat10,APAC,2023-04-29,39813.65, USD
PO00461,POL2,V394,CAT04,LATAM,2023-05-10,88586.96, USD
PO00462,POL1 ,V227 ,cat06,NA,2023-08-30,13549.88,usd
PO00463,POL3, V329,CAT04,NA ,2024-08-30,4558.17,usd
PO00464,POL2,V384, CAT09,EMEA,2024-06-20,59646.67,USD
PO00465,POL2,V325,CAT04,emea,2024-07-15,54977.9,usd
PO00466,pol2,V360,CAT01,APAC,2024-09-18,98106.84,
PO00467,POL3,V208,CAT02,NA,2023-04-15,13461.74,USD
PO00468,POL2,v098,cat09,NA,2023-08-08,82876.33, USD
PO00469, POL3,V072,CAT08,NA,2024-12-25,12757.83,usd
PO00470,POL3,V441,CAT08,APAC,2024-09-09,20528.21, USD
PO00471, POL3, V461,CAT07,LATAM,2024-10-03,65482.45,USD
PO00472,pol3,V203 ,CAT10,APAC,2024-08-28,9925.72, USD
PO00473,POL2,V259,cat07, LATAM,2024-05-25,63751.46,
PO00474,POL2 ,V342,CAT08,NA,2024-09-18,19157.15,USD
PO00475,POL3,v212,CAT03,EMEA,2024-02-04,38217.79,
PO00476,POL2,v368,CAT02, LATAM,2024-06-27,36557.45,
PO00477,POL2,v046,CAT10,EMEA,2024-06-28,18957.3,usd
PO00478,POL1 ,V345,cat07,APAC,2024-05-08,25600.41,usd
PO00479,pol1, V456,CAT09,NA ,2024-06-08,97640.53,usd
PO00480,POL3,V169, CAT02, LATAM,2024-09-23,32416.19, USD
PO00481,POL2,v017,CAT08 ,EMEA ,2024-09-12,69790.79,USD
PO00482,POL3,V056,CAT03,apac,2024-05-22,57523.21, USD
PO00483,POL1,V396,CAT05,EMEA ,2023-07-01,18138.05,USD
PO00484,POL1 , V206,CAT01,LATAM,2023-10-09,18574.6,usd
PO00485,POL3,V291,CAT02,LATAM,2023-07-21,54824.33,
PO00486, POL1,,CAT03 ,LATAM ,2024-05-19,11462.69, USD
PO00487,POL3, V042,CAT02,LATAM,2023-05-09,33463.4,USD
PO00488,POL1 , V140,cat08,apac,2023-11-14,67598.97,USD
PO00489,POL3,v244,CAT01,EMEA,2024-12-11,52171.12,usd
PO00490,POL1,V427, CAT09,LATAM,2024-10-16,17106.49,USD
PO00491,POL1,V106 ,CAT05,EMEA,2024-12-09,27597.9, USD
PO00492,POL1,V274 ,CAT10,LATAM,2023-08-05,13701.85, USD
PO00493,POL3,V024,CAT06 ,LATAM,2024-03-20,82536.07,usd
PO00494, POL1,V409,cat05,NA,2024-04-22,43809.27,USD
PO00495,POL3 ,V373,CAT09,NA,2023-12-11,6172.05, USD
PO00496,POL2 ,V443,CAT05,APAC,2023-05-10,55909.14,
PO00497,POL2,V111 ,cat04,LATAM ,2023-07-27,30618.23,USD
PO00498,POL3 ,V466,CAT06,EMEA,2024-01-11,43506.27,usd
PO00499,POL1,V206 ,CAT08,LATAM,2024-03-01,52553.25,usd
PO00500,POL1,V297, CAT03,LATAM ,2023-09-05,19159.77,USD
PO00501,POL3,V340,CAT02, LATAM,2024-04-23,83595.58,USD
PO00502,POL3,V013 ,cat09,NA,2023-04-13,60340.99, USD
PO00503,POL1, V336,cat07,NA,2023-01-17,,
PO00504,POL2, V458,CAT05,emea,2024-11-10,89434.33, USD
PO00505,POL2,v272,cat10,APAC ,2024-10-11,26471.01, USD
PO00506,POL3,V437,CAT05,APAC,2024-12-05,4132.62,
PO00507,pol2,V207,CAT09,NA,2024-06-07,38620.62,
PO00508, POL2,V383, CAT01,LATAM,2024-11-28,45390.98,
PO00509,pol1,V309 ,CAT08,APAC,2024-07-31,59219.2, USD
PO00510,pol1,V074,CAT06,LATAM,2024-03-29,55912.68, USD
PO00511, POL1,V395, CAT04,NA,2023-07-15,69709.93,
PO00512,pol1,V459 ,CAT07,LATAM,2023-07-27,91829.57, USD
PO00513,POL3 , V155,CAT09, EMEA,2023-12-17,73946.16,USD
PO00514,pol2, V031,CAT05,NA,2024-03-03,63005.82,usd
PO00515,POL2,V039,CAT06 ,APAC,2023-03-18,63365.86,USD
PO00516,POL3,V245,CAT08, NA,2023-07-18,95789.55,usd
PO00517,POL2,V050,CAT02,NA,2024-10-12,51838.95,
PO00518,POL3,V052,CAT08,EMEA,2024-11-12,57695.4,usd
PO00519,POL3,V196 ,CAT05,EMEA ,2023-01-10,82855.21,
PO00520,pol1,V404,cat08,APAC,2024-06-29,30029.83,
PO00521,POL2,V360,CAT03, EMEA,2023-12-08,39171.38,
PO00522,pol1, V254,CAT10,apac,2023-05-25,81942.13,usd
PO00523,pol3,V401,CAT05,NA,2023-10-26,43606.79,
PO00524,POL3,V350,CAT02, APAC,2024-05-24,13138.64, USD
PO00525,pol1, V419,CAT03,EMEA,2023-03-20,11079.28, USD
PO00526,POL2 ,V156,CAT01,EMEA,2024-08-12,76221.13,usd
PO00527,POL2 ,V445,cat10,APAC,2024-01-19,33606.09,usd
PO00528,POL3,V285,CAT03 ,,2023-08-23,69676.8,USD
PO00529,pol3, V149,cat01,LATAM,2023-12-25,37223.52,
PO00530,POL3,V431,cat09,EMEA,2023-08-04,89054.23, USD
PO00531,POL3, V324,CAT05,latam,2023-02-15,50979.41,
PO00532,POL3,V466,cat02,APAC,2024-04-11,90901.94,USD
PO00533,pol3,V039,cat05,APAC,2024-04-05,56086.31, USD
PO00534, POL2,v110,CAT03,LATAM ,2023-05-14,90771.48,USD
PO00535,POL2,v435,CAT08 ,APAC ,2023-05-03,5218.26, USD
PO00536,POL1,v195, CAT07,APAC,2024-06-10,99474.59,
PO00537,POL2, V097,CAT06,EMEA,2024-04-22,70659.34,
PO00538,POL3,V284,CAT05 ,NA,2023-04-19,63288.49,usd
PO00539,POL3,v020,cat09,APAC,2024-01-22,28178.4,
PO00540,POL3 ,V155, CAT08,NA,2024-11-09,5382.69, USD
PO00541,pol1,V337,cat10,APAC,2023-07-20,86047.1, USD
PO00542,POL3,V401 ,CAT03,EMEA,2023-10-27,67155.91,USD
PO00543,pol3, V087,CAT07 , LATAM,2023-11-17,44789.3,usd
PO00544,POL3,V061,CAT01,NA ,2024-10-23,54308.71,USD
PO00545,POL1,V039,CAT02,NA ,2024-05-13,40365.51,usd
PO00546, POL3,V472 ,CAT05,APAC ,2024-06-09,62879.97,USD
PO00547,POL1,V027, CAT03,APAC,2023-09-29,84651.62,USD
PO00548,POL1 , V222,CAT09,APAC,2024-06-09,35666.02,USD
PO00549,pol3,V199, CAT09,emea,2023-08-25,24435.93, USD
PO00550,POL2,V130 , CAT10, NA,2024-08-04,,USD
PO00551,POL1, V086,CAT09, NA,2024-08-03,27644.29,
PO00552,POL3,V388, CAT09, LATAM,2024-12-22,94808.29,
PO00553,pol2,V160,CAT06 ,LATAM,2024-04-27,16020.84, USD
PO00554,POL3,V072 ,CAT07,NA,2023-10-24,85388.63,
PO00555,POL2,V250,cat07,LATAM,2023-05-01,3555.71, USD
PO00556,pol3,V479,CAT07,na,2023-08-09,70530.64,usd
PO00557,POL2,V278,CAT04 ,NA,2024-01-08,50556.6,usd
PO00558,POL1,V142 ,CAT08,EMEA,2023-08-27,64664.66,usd
PO00559,POL2,V219 ,CAT01 ,NA,2023-05-06,19346.3,USD
PO00560, POL1,V260,CAT04,LATAM,2024-12-30,92247.33,USD
PO00561,POL1,V114,CAT05, EMEA,2023-05-14,52260.15, USD
PO00562,POL1,V190,cat03,NA,2023-07-13,76146.29, USD
PO00563,POL3 ,v359,CAT04,NA,2024-11-28,77618.65,USD
PO00564,POL2,V232,CAT07,LATAM,2023-09-24,24421.16,
PO00565, POL1,V470 ,cat02,NA,2024-02-22,63609.51,
PO00566,POL1,V187 ,CAT07,NA,2024-10-10,61554.0, USD
PO00567,POL3, V454,CAT07, APAC,2024-09-05,49576.56, USD
PO00568, POL3,V230,CAT10,EMEA,2023-06-21,71760.61,
PO00569,POL2 ,v234,CAT05,LATAM,2024-07-31,34701.18, USD
PO00570,POL1 ,V069 ,CAT10,NA,2024-05-17,44652.43,
PO00571,pol2,V208 ,CAT01,NA,2024-06-08,6887.47,
PO00572,POL1,v196,CAT07,EMEA,2023-08-20,64492.37,
PO00573,pol3,V012,CAT10 ,APAC,2024-03-29,87701.89,usd
PO00574,POL1,V151,CAT06,EMEA,2023-02-20,71022.77,USD
PO00575,pol2,V472,CAT04,APAC,2023-03-15,84688.27, USD
PO00576, POL3,,CAT08,APAC,2023-05-15,81793.35, USD
PO00577,POL3,v194, CAT05,EMEA,2023-10-14,36130.54, USD
PO00578,POL3,V441,CAT08,APAC ,2024-05-16,11320.5,
PO00579,POL1,v404,CAT03,LATAM,2023-05-03,94984.21,usd
PO00580,POL3,V399,CAT06,NA,2023-03-03,32197.14,usd
PO00581,POL2,V002,CAT03,NA,2023-04-05,, USD
PO00582,POL2,V211,cat09,EMEA,2023-02-18,94960.55,
PO00583, POL3,V031,CAT04,emea,2023-08-18,63872.69,
PO00584,POL3, V389,cat04,EMEA,2024-06-05,4926.3,usd
PO00585,pol3,v275,CAT07,APAC,2023-09-05,27444.67,
PO00586, POL1,V209,CAT07,NA,2024-10-25,58161.69, USD
PO00587, POL3,V369 ,CAT01,APAC ,2023-08-09,57431.46,
PO00588,pol1, V446,cat09,EMEA,2023-08-14,71534.33,
PO00589,POL3,V072,CAT02,EMEA ,2023-03-27,12442.98, USD
PO00590,pol1,V076,CAT08,NA,2023-03-24,30013.64,
PO00591,POL2 ,V080, CAT05,LATAM,2023-06-10,2974.93, USD
PO00592, POL3,V143,CAT06,APAC,2024-08-26,28047.4,USD
PO00593,POL1,V080 , CAT07,LATAM ,2024-04-04,69545.6,usd
PO00594,POL2,V311 ,CAT08,apac,2024-09-13,85186.81, USD
PO00595,POL2,V017,CAT05, LATAM,2024-04-24,32366.56,
PO00596,POL2,V020,CAT10,na,2024-10-23,85222.59,usd
PO00597,pol3,V138,cat07,EMEA,2023-09-17,10258.27,USD
PO00598,POL3,V060,CAT06 ,NA ,2023-09-19,11950.2,
PO00599,POL1, V053,cat04,NA,2023-12-14,66060.58, USD
PO00600,pol2,V178,cat05,apac,2023-06-27,28301.92,
PO00601,POL2,V437 ,CAT01 ,emea,2024-05-12,,USD
PO00602,POL1,V100, CAT10,APAC,2024-10-13,21011.99,USD
PO00603,POL2, V484,cat09,apac,2024-03-14,45131.24,usd
PO00604,POL2,V085,CAT06,LATAM,2024-11-14,98878.07,USD
PO00605,POL2,V304,CAT09 ,APAC,2024-09-09,78034.04,USD
PO00606,POL3,v004, CAT10, NA,2024-02-27,84463.65,usd
PO00607,POL3,V149,CAT01,LATAM ,2024-01-27,41184.08,usd
PO00608,POL1,v480, CAT06,EMEA,2024-12-02,20464.53,
PO00609,POL2,V285,CAT09,NA ,2023-07-07,20218.07,usd
PO00610, POL2, V389,CAT03,APAC,2024-11-01,4986.9,usd
PO00611,POL2 ,V015,CAT02 ,NA,2023-11-08,89884.73,usd
PO00612,POL2,V009,CAT04,LATAM,2023-06-03,83421.44,USD
PO00613,pol1,V459, CAT04,latam,2024-06-04,17189.61,
PO00614,POL1,V148,cat10,emea,2023-06-30,55428.72, USD
PO00615,POL2 ,V483 ,CAT05,APAC,2023-07-27,45409.57, USD
PO00616,pol3,V040,CAT05,EMEA,2024-05-15,26456.71,USD
PO00617, POL1,V389,CAT03 ,APAC,2024-03-22,53231.67,usd
PO00618,POL2 ,V262,CAT06,APAC,2024-02-16,73983.32, USD
PO00619, POL1,V477 ,cat07,NA,2023-08-13,12766.25,usd
PO00620,POL1,V241,CAT05,LATAM,2024-04-04,11376.25,
PO00621,pol1,V233,cat05, NA,2024-06-07,28267.75,
PO00622,pol3, V066,CAT08,latam,2024-07-09,29856.18,
PO00623,POL3 ,V044,CAT07, LATAM,2023-09-13,8297.47,
PO00624,POL2, V285,CAT08,EMEA ,2023-04-01,29566.77, USD
PO00625, POL2,V012,CAT09,LATAM,2023-08-17,87520.08,USD
PO00626,POL1,V177,CAT05, LATAM,2023-02-07,,
PO00627, POL3,V329,CAT01,LATAM,2024-03-15,5560.36,USD
PO00628,pol3,v345,CAT02, LATAM,2024-03-07,11676.63,
PO00629,POL3,V286,CAT10 ,APAC,2024-05-10,16223.67,USD
PO00630,POL1, V342,CAT05,EMEA,2023-04-16,16465.28,
PO00631,POL3,V422,CAT09,latam,2023-05-26,29169.27,usd
PO00632,POL1,V464 ,CAT04,LATAM,2024-10-10,5022.81,
PO00633,POL1, V477, CAT05,EMEA ,2023-07-28,40868.07,
PO00634,POL3,V421,CAT09 ,EMEA,2024-12-10,23557.77, USD
PO00635, POL2,,CAT09,APAC ,2024-05-14,,USD
PO00636,POL2 ,V170 ,CAT08,EMEA ,2024-06-28,94057.99,
PO00637,POL2,V469 ,CAT03,NA,2024-02-24,58572.65,usd
PO00638,POL2 ,V304,CAT02,APAC,2024-07-21,84994.5,usd
PO00639,POL1,,CAT06,LATAM,2024-07-31,61375.87,
PO00640,POL1,V143,CAT10,NA,2023-09-14,16780.75,
PO00641,POL3,V001, CAT09,EMEA,2023-08-18,85467.28,
PO00642,POL2 ,V494,CAT05 ,APAC,2023-07-25,82007.9,USD
PO00643,POL1,V026 ,CAT07,EMEA,2024-07-29,14735.57,usd
PO00644, POL2,V458, CAT03,NA,2023-07-16,64120.51, USD
PO00645,POL1 ,V411,CAT05 , LATAM,2024-03-14,8390.44,USD
PO00646, POL3,V194,CAT05,NA,2024-12-25,79768.45, USD
PO00647,POL1,v199,CAT08,NA,2023-09-26,78648.38,USD
PO00648,POL1,V124,CAT01,NA ,2024-11-13,79581.57,usd
PO00649, POL1,V140,CAT04,NA ,2023-12-31,6122.57,
PO00650,POL3, V043,CAT04,APAC ,2024-11-08,13691.11, USD
PO00651,POL3, V228,cat05,NA,2023-11-15,69469.16,USD
PO00652,POL2 ,V215,CAT09,LATAM,2024-12-19,21912.51,
PO00653,POL2,V154,CAT05,LATAM,2024-07-10,26745.67,usd
PO00654,POL3, V030, CAT01,LATAM ,2023-06-04,95387.25,usd
PO00655,POL2,V326 , CAT02,APAC,2024-03-30,11915.31,
PO00656,pol3,v100,CAT02,apac,2023-09-08,54624.99,
PO00657,POL2,V316,CAT02 ,APAC,2024-10-09,60455.25,
PO00658, POL2,V314 ,CAT03, LATAM,2024-09-03,61520.66,USD
PO00659,POL1,V138,CAT09 ,APAC,2024-01-06,5308.83, USD
PO00660,pol2, V429,CAT05,LATAM,2023-09-22,98358.76,usd
PO00661,POL1,V166,CAT09,,2024-07-16,68829.08,USD
PO00662,POL2 ,V005,cat08,APAC,2024-11-16,45788.69,
PO00663,POL2, V095,CAT01 ,NA,2024-10-28,26312.19, USD
PO00664,pol2, V462,CAT01,EMEA,2023-04-12,64156.71,usd
PO00665,POL2 ,V155,CAT06,APAC,2024-02-29,6607.68,usd
PO00666, POL2,v017, CAT01, APAC,2024-02-12,51517.16,usd
PO00667,POL3,V364, CAT07,NA,2023-04-07,,USD
PO00668,POL3 , V369,CAT08 ,LATAM,2023-10-12,88620.39,USD
PO00669,POL3,V483,CAT04 , LATAM,2024-07-30,28047.34,USD
PO00670,pol2,V056 ,CAT08,EMEA,2024-06-15,4555.54,USD
PO00671,POL3,V162,CAT08,latam,2024-05-02,78139.55,
PO00672,pol1,V490,CAT05,LATAM,2024-12-13,36834.84,
PO00673, POL2,v197,CAT08,NA,2023-04-10,56117.08,USD
PO00674,POL3,V289,CAT04,LATAM,2023-01-28,27265.66,
PO00675,POL2 ,V084 ,CAT08 ,NA,2024-06-11,29249.11, USD
PO00676, POL3,V232,CAT03,NA ,2023-06-16,48015.6,
PO00677,POL3, V110,CAT04,NA,2024-09-25,21477.78,USD
PO00678,pol3,V318, CAT07,NA ,2024-03-19,25716.56,usd
PO00679,pol1, V308,CAT07,apac,2024-06-01,61626.46,usd
PO00680,POL2,V477,CAT09 , EMEA,2024-10-16,16064.18,usd
PO00681,pol2,V165,CAT05,LATAM,2023-06-01,30495.55,usd
PO00682,POL1, V072, CAT10,NA,2024-09-26,37755.54,usd
PO00683,pol3,V024,cat09,latam,2023-05-11,75818.97, USD
PO00684,POL2,v072, CAT10,LATAM,2023-11-15,7520.78,
PO00685,POL1,V095,CAT07,LATAM,2024-10-26,76995.48,usd
PO00686,POL1,v317,cat10,LATAM,2023-12-23,1443.92,
PO00687,POL3,V081 ,CAT06,APAC ,2024-09-03,96537.91,USD
PO00688,pol1, V488,cat10,na,2023-03-03,13819.58,usd
PO00689,POL3,V425 ,CAT05, APAC,2024-08-24,23787.03, USD
PO00690, POL3,V045,cat09,NA,2023-10-02,84439.96,
PO00691,POL3 ,V475,CAT02 ,LATAM,2024-04-25,59736.11,USD
PO00692,POL3,V184, CAT04,APAC,2023-06-02,3016.57,USD
PO00693,pol2,v091,cat02, APAC,2023-04-21,45117.53, USD
PO00694,POL3 ,V310, CAT10,LATAM ,2023-12-17,,usd
PO00695,POL1, V428, CAT02,LATAM,2023-12-19,45119.73,
PO00696, POL3,V065,CAT05 ,NA,2024-01-21,73694.84,USD
PO00697,POL2,V017,CAT07,EMEA,2023-08-31,4539.74,usd
PO00698,POL1, V430,CAT07,apac,2023-05-25,74863.49,USD
PO00699,POL2 ,V257,CAT08,LATAM ,2024-12-14,74350.16,usd
PO00700,POL1,V400 ,CAT01,apac,2023-12-12,27163.67, USD
PO00701,POL3 ,V004,CAT01,LATAM,2023-06-01,9964.73,usd
PO00702,pol3,V215,CAT01,APAC,2024-01-18,47201.36, USD
PO00703,POL2, V025,CAT07,APAC,2024-06-05,89233.45,usd
PO00704, POL1,V330 ,CAT10,APAC,2024-12-31,72052.49,usd
PO00705,POL3 ,V317,CAT09,EMEA,2024-12-01,99689.67,usd
PO00706,POL2,V250,CAT08,latam,2024-05-27,41154.52,USD
PO00707,POL3,V002, CAT06,LATAM ,2024-06-10,51824.21, USD
PO00708, POL1,V095,CAT06,NA,2024-01-10,59800.68,
PO00709,POL3,v175,CAT01,APAC,2024-10-25,19711.75,usd
PO00710, POL2,V075 ,CAT07, NA,2024-06-06,77147.25,USD
PO00711,POL1,V193, CAT01,LATAM,2023-05-14,63745.33,USD
PO00712,POL2,V144,cat08,EMEA,2023-03-07,43872.53,USD
PO00713,pol3,V264 ,CAT10,EMEA ,2023-05-26,25298.73,usd
PO00714,POL3,V497,CAT09,EMEA,2024-11-04,,usd
PO00715,pol2,V373,cat03,LATAM,2023-10-23,60744.76,USD
PO00716, POL2, V416,CAT05,APAC,2023-03-02,,USD
PO00717,POL2,V001, CAT07, NA,2023-05-27,16300.54,usd
PO00718, POL2, V177,CAT07,APAC,2023-08-06,53465.3,USD
PO00719,pol3,V070, CAT10, EMEA,2024-05-28,58950.97,
PO00720,POL3,V493,CAT02 ,LATAM,2023-04-28,76336.79,USD
PO00721,POL1,V240,CAT03, LATAM,2023-09-14,26979.62,usd
PO00722,pol2,V274 , CAT04,EMEA,2023-01-23,95226.93,
PO00723,POL3,v170,cat01,LATAM,2024-11-11,14374.45, USD
PO00724,POL3, V376,CAT10, NA,2023-09-14,53314.95,USD
PO00725,POL2,V228,CAT05 ,latam,2024-09-25,36071.16,usd
PO00726,POL3,V061,CAT05 ,NA,2023-02-18,22149.62,usd
PO00727,POL1,V181,CAT02,NA,2024-09-02,39113.95,
PO00728,POL3,V359,CAT07 ,NA,2024-07-02,35424.24, USD
PO00729,POL3,v344,CAT10,LATAM,2024-04-21,56811.91,USD
PO00730,POL3,V220,CAT07 ,NA ,2023-08-29,91456.23,usd
PO00731,POL2,V220 ,CAT04,apac,2023-03-30,,usd
PO00732,pol2,V091,CAT10,NA,2023-08-21,29275.1,USD
PO00733,pol3,V459,cat03, APAC,2023-07-26,84408.76,usd
PO00734,POL2,V065,cat02,APAC,2023-04-21,30144.09, USD
PO00735,POL2,V082,cat04,NA ,2024-11-10,70775.8,
PO00736,POL3,v359,CAT09, EMEA,2023-06-07,52533.53,USD
PO00737,POL2,V281,CAT08,NA,2024-11-17,32512.77,USD
PO00738,pol2,V038, CAT02, NA,2023-12-10,1609.94,USD
PO00739,POL3, V031,CAT06,NA,2024-02-29,2945.7,usd
PO00740,POL3,v036,CAT01, NA,2024-12-20,58083.04,
PO00741,POL3 ,V245, CAT09, LATAM,2024-07-20,94682.43,usd
PO00742,POL2,v475,CAT01,NA,2023-01-04,20327.29,usd
PO00743,POL1 ,V323,CAT02, LATAM,2024-08-24,88113.17,USD
PO00744,POL2 , V219,CAT06,EMEA,2024-01-29,77547.79,usd
PO00745,POL2,V070,cat10,emea,2023-09-04,25868.35,
PO00746, POL3,V249 ,CAT08,APAC,2024-11-01,67568.63,
PO00747,POL3,V300,CAT01,EMEA,2023-09-18,27977.0, USD
PO00748, POL2,V071,CAT06 , EMEA,2024-05-29,68178.98,usd
PO00749, POL2,V265,CAT04,LATAM,2024-09-11,80864.53,
PO00750,POL2, V263, CAT02,APAC,2023-08-31,47958.02,usd
PO00751,POL1,V467,CAT07 ,APAC,2024-03-01,72842.99, USD
PO00752,POL1,V147,CAT08 , NA,2023-12-15,48096.91,
PO00753,POL1,V160,CAT08,EMEA,2024-08-12,, USD
PO00754, POL2, V015,cat07,APAC,2023-10-27,7955.08, USD
PO00755,POL3,V233,CAT04,APAC,2024-01-17,5487.44,
PO00756,POL1,V466,CAT08 ,EMEA,2024-10-04,30170.83,USD
PO00757,POL2 ,V276,CAT02 , LATAM,2024-12-18,50737.86,usd
PO00758,pol1,V077,CAT01 ,EMEA,2024-11-15,67032.01,
PO00759,pol2, V358,,APAC,2023-12-24,60701.0, USD
PO00760,POL3,V133,CAT03,APAC,2024-04-26,55289.22,USD
PO00761,POL1,V338,CAT10,LATAM,2023-01-03,88139.88,
PO00762, POL2, V195, CAT07,,2023-03-24,68972.01,
PO00763,POL3,V065,cat02,emea,2024-11-09,62293.88,USD
PO00764,pol2,V494 ,CAT01,APAC ,2024-04-17,31570.43,
PO00765,POL2,V053,CAT02,EMEA ,2023-06-19,27782.06,
PO00766,POL3,v104,CAT06,LATAM,2024-04-28,81756.77,usd
PO00767,POL3,V212,CAT08,EMEA ,2024-06-05,21777.64, USD
PO00768,POL2, V452,CAT01,APAC,2023-12-28,6818.06, USD
PO00769,POL2 ,V471,CAT05,LATAM,2023-08-05,25562.13, USD
PO00770,POL1,V049 ,CAT01,latam,2024-08-10,23746.77,usd
PO00771,POL2,V342,CAT09,LATAM,2024-06-25,77291.32,USD
PO00772,POL3, V199, CAT07,APAC ,2024-12-29,8520.38,USD
PO00773,POL3,V359 ,CAT01, LATAM,2024-04-21,55082.31,USD
PO00774, POL2,V095,CAT07,EMEA,2023-09-26,53752.48,
PO00775,POL2,V407,CAT01,LATAM ,2023-12-12,50799.38,usd
PO00776,POL1,V455,CAT01,APAC,2024-12-11,54691.68,usd
PO00777,POL2,V074 , CAT07,emea,2024-05-24,65361.78,USD
PO00778, POL3, V162,cat07,APAC,2023-08-06,20912.02, USD
PO00779, POL3, V493,CAT01,APAC ,2024-03-17,27536.75,
PO00780,POL1,V251 ,cat05,NA,2023-10-01,86410.47,USD
PO00781,POL1,V345,CAT10,EMEA,2023-05-04,75585.45,USD
PO00782,POL1,v198,cat08,NA,2023-09-15,87756.57,USD
PO00783,POL1,V134,CAT04,apac,2024-09-07,90542.56,usd
PO00784, POL1, V151,CAT05,LATAM,2023-05-23,56559.92,USD
PO00785,POL2,V085,cat10, EMEA,2024-07-01,68281.66,usd
PO00786, POL3,V296 ,CAT01 ,APAC,2024-02-18,75746.45, USD
PO00787,POL1 ,V426 ,CAT10,LATAM,2023-10-16,29067.86,usd
PO00788,POL2,V209 ,CAT03,LATAM,2024-11-07,31105.45,usd
PO00789,POL3 ,V003,CAT09,APAC,2023-01-05,,USD
PO00790,POL2,v067,CAT08 ,EMEA,2023-04-29,12398.27, USD
PO00791,POL2,V168 ,CAT08,NA ,2024-07-26,90207.92,usd
PO00792,POL1,V440,CAT09,na,2023-03-24,20760.84,USD
PO00793,POL2,v345, CAT03, EMEA,2023-01-18,57249.99,
PO00794,POL2 ,v393,cat08,LATAM ,2023-03-25,92628.14,USD
PO00795,pol1,v449,CAT09,NA,2024-11-04,98324.61,USD
PO00796, POL1, V092,cat07,apac,2023-06-19,86827.01, USD
PO00797, POL3,V379, CAT05,NA,2024-08-20,7689.96,usd
PO00798, POL3,V315,,LATAM,2023-01-28,77927.27,usd
PO00799,pol3,V111 ,cat01,na,2023-02-19,46746.69,usd
PO00800,POL3, V444,CAT02 ,LATAM,2023-07-09,80364.02,USD
PO00801,POL1,v295,CAT08,NA,2024-11-22,64555.38,usd
PO00802,POL2,V445 ,,NA,2023-03-26,38780.09,USD
PO00803,POL2, V462,CAT04,LATAM,2023-01-29,24729.34,USD
PO00804,POL1,v404,CAT04,APAC,2024-03-31,, USD
PO00805,POL2,V237,CAT03, EMEA,2024-08-04,83303.13,
PO00806,POL2,V354,cat02,NA,2024-03-02,68500.05,usd
PO00807,POL1,V343,CAT08,LATAM ,2024-10-30,88644.96, USD
PO00808,pol2,v147,CAT02, NA,2023-09-07,85519.98, USD
PO00809,POL3,V371, CAT03,EMEA,2024-01-21,65117.16, USD
PO00810,POL1,V450,cat05,NA,2024-02-06,24455.93,
PO00811,POL2,V443,CAT05,na,2024-09-13,86851.24,usd
PO00812,POL2,V336,cat02,APAC ,2023-01-02,31642.22, USD
PO00813,POL2 ,V105,CAT02 ,NA,2023-05-17,57738.12,
PO00814,POL2,V272 ,CAT01,LATAM,2023-01-05,78712.29, USD
PO00815,POL1,V232,CAT03,APAC ,2023-12-09,38255.26,USD
PO00816,pol2, V485,CAT04 ,latam,2023-04-08,50437.72,USD
PO00817, POL2,v397, CAT10, LATAM,2023-01-14,67222.96, USD
PO00818,pol3, V331,CAT08,LATAM,2024-09-07,62174.63,USD
PO00819,POL3,V356,CAT04,LATAM,2024-10-08,,
PO00820,POL2,V358 ,CAT10,APAC,2023-07-20,57240.96,USD
PO00821,POL3,v033,CAT09, LATAM,2023-07-09,24755.33, USD
PO00822, POL3,V250,CAT04,APAC ,2024-06-25,29101.54,usd
PO00823,POL1, V228,cat01,APAC ,2023-06-17,28019.63, USD
PO00824, POL3,V209,cat10,LATAM ,2023-04-17,47274.02,
PO00825,POL2,V072,CAT05 ,EMEA,2023-07-01,43546.12,usd
PO00826,pol3, V414,CAT01,LATAM ,2024-12-23,50323.35,usd
PO00827,POL3, V003,CAT09,NA,2023-12-30,64969.72, USD
PO00828,POL2, V453,CAT10,EMEA,2023-05-17,88333.31,USD
PO00829,POL1 ,V014,cat05, NA,2024-07-27,39191.97, USD
PO00830,POL3,V026,CAT09,apac,2023-12-23,79220.06, USD
PO00831,POL1,V347,CAT02,emea,2024-01-03,,USD
PO00832,POL3,v471,CAT03,na,2023-07-05,93301.45,usd
PO00833,POL3,V419,CAT09,EMEA,2023-01-27,68082.39, USD
PO00834,POL1,V279,cat10,NA ,2023-05-13,,
PO00835,POL3,v109,CAT01,apac,2024-08-23,20409.83,usd
PO00836,POL1,V346,CAT09,APAC,2024-05-27,56067.63,USD
PO00837,POL1, V485,CAT05,APAC,2023-03-17,4608.86,USD
PO00838,POL1,V481,cat07, NA,2023-08-10,96854.64, USD
PO00839,POL1,V310,cat07, LATAM,2023-12-10,37121.54, USD
PO00840, POL1,V379,CAT08,EMEA,2023-05-17,22422.9,USD
PO00841,POL3,V106,CAT10,LATAM,2024-07-20,40598.8,
PO00842,POL1,V172 ,cat07,NA,2024-10-28,86573.0, USD
PO00843,POL3,v311,CAT01,NA,2023-09-13,45297.15,
PO00844,POL1, V449,CAT06, NA,2023-09-09,13203.94,
PO00845,POL3 ,V013 ,CAT06 ,APAC,2024-06-15,66827.29,
PO00846,POL1,V470,CAT01,apac,2024-06-27,83639.5, USD
PO00847,POL3,V367,CAT08,emea,2023-05-20,43103.91,
PO00848,POL1,V444 ,CAT10 ,EMEA,2024-07-09,57756.73, USD
PO00849,POL1,V319,CAT08,APAC,2023-12-12,28578.68,
PO00850,pol2, V048, CAT01,apac,2023-11-23,98652.86,USD
PO00851,POL1,V192,CAT02,LATAM,2024-11-22,44117.07,
PO00852,POL1,V497,CAT09,APAC,2024-12-21,73298.15,usd
PO00853,POL1,V040 ,CAT08,EMEA,2024-10-26,79560.56, USD
PO00854,POL3,v150,CAT10,NA,2024-05-12,34363.8,USD
PO00855,pol1,V177,CAT03,APAC,2024-07-29,97010.07, USD
PO00856, POL1,V367,cat05,APAC,2024-03-06,32615.14, USD
PO00857,POL1,V329,CAT07,EMEA,2024-05-04,89151.3,usd
PO00858,POL2,V111,CAT10,EMEA,2024-09-23,93503.63,USD
PO00859, POL2,V261, CAT06,EMEA,2024-02-01,96228.25,USD
PO00860,POL1,V373 ,CAT03,NA ,2024-12-29,40329.35, USD
PO00861, POL2,V131,CAT10,LATAM,2023-07-25,66445.4,usd
PO00862,POL3, V145,CAT01,LATAM,2023-02-25,17364.52, USD
PO00863,POL1,v033,CAT07 ,EMEA ,2023-06-13,19970.71,usd
PO00864,POL1,V458, CAT10,LATAM,2023-08-24,45969.78,USD
PO00865,POL2,V352 ,cat08,latam,2023-12-29,15489.26,USD
PO00866,POL3,V098,CAT08 ,APAC,2024-08-14,81626.0,USD
PO00867,POL3,V053,CAT10,LATAM ,2024-06-15,15912.19,
PO00868,POL2,v112, CAT03, LATAM,2024-06-19,85781.83,USD
PO00869,POL3,V164,CAT04,APAC,2024-11-25,80921.9,usd
PO00870,POL3 ,V101,CAT06 , APAC,2024-02-11,30974.72,usd
PO00871,POL1,v007,CAT04 ,emea,2023-01-02,38401.23,
PO00872,pol1,v265,CAT09,APAC,2023-02-28,82470.33,USD
PO00873,POL2,v145,CAT04,APAC ,2023-02-26,63691.87, USD
PO00874,POL1 ,V431,CAT02,emea,2023-01-06,21786.19,
PO00875,POL2 ,V135,CAT06,EMEA,2023-01-20,37862.55,usd
PO00876,POL2,v020,CAT05,LATAM,2023-10-14,24706.52,usd
PO00877,POL2,V405,CAT06,APAC,2024-11-11,22233.75,
PO00878, POL1,V208,CAT04,NA ,2024-02-08,25300.64, USD
PO00879,pol1,V356,CAT06,latam,2024-06-12,40433.29, USD
PO00880, POL3,V105, CAT04, NA,2023-07-27,20751.55, USD
PO00881,POL3,V224 ,CAT08,NA,2024-01-03,8835.52, USD
PO00882,POL2,v265, CAT04,LATAM,2023-05-28,39524.15,USD
PO00883, POL3,v410, CAT02,LATAM,2024-12-28,53315.92,usd
PO00884,POL1,V058,CAT06,NA,2023-11-08,92311.11, USD
PO00885,POL1,v241, CAT04,NA,2023-04-08,5421.61,usd
PO00886, POL1,V225,CAT05,NA,2024-10-21,19096.21,USD
PO00887,pol1,V365,CAT04,APAC,2023-12-14,63259.57, USD
PO00888, POL1,V102,cat08,LATAM,2023-02-26,19897.05,USD
PO00889,pol1,V244, CAT06,NA,2024-04-12,94517.45,
PO00890, POL1,V165 , CAT09,APAC,2024-03-05,28862.6, USD
PO00891,POL2, V497,CAT04,LATAM,2024-01-03,61096.79, USD
PO00892, POL2,V192 ,CAT07,LATAM,2023-06-12,9743.16,USD
PO00893,POL2,V330,CAT06,EMEA,2024-12-15,11980.55,
PO00894, POL3,v179,CAT09 ,EMEA,2023-08-06,37804.96,usd
PO00895,pol1,V362 ,CAT09 ,EMEA,2023-07-26,20602.07, USD
PO00896,POL2 , V127,CAT01,APAC,2023-11-21,23573.98,USD
PO00897,POL1,V127,cat09,LATAM,2024-05-09,33274.91,USD
PO00898,POL1, V395,CAT03 ,APAC,2023-02-17,45383.67, USD
PO00899,POL3,v145, CAT09,LATAM,2023-04-25,30039.21,USD
PO00900,POL3,v338,CAT10,emea,2024-08-16,16959.93,usd
PO00901,pol2,v464,cat08,EMEA,2023-04-15,45870.76,usd
PO00902,POL1,V172,CAT03 ,EMEA,2024-03-05,23103.56,
PO00903,POL2,V349,CAT09, APAC,2023-11-24,19035.08,
PO00904, POL2,v138,CAT04,LATAM ,2023-02-18,24225.84, USD
PO00905,POL1,V281,CAT01, APAC,2024-07-30,97168.67,USD
PO00906,POL1,, CAT03,APAC,2023-05-21,23279.54, USD
PO00907,POL1, V398, CAT07,EMEA,2024-09-05,11074.66, USD
PO00908,POL2, V404,cat02,latam,2024-06-17,92601.21,USD
PO00909,POL2,v081,CAT06,LATAM ,2024-12-03,89722.62,usd
PO00910,pol1,v092,CAT02, NA,2023-02-25,99069.5,usd
PO00911,POL2,V221,cat03,EMEA,2024-02-18,93459.64,USD
PO00912, POL1,V332 , CAT01,NA ,2024-12-13,87987.26,USD
PO00913,POL1,V036,CAT05,LATAM,2023-12-23,37245.43,USD
PO00914, POL3, V379,cat05,NA,2023-04-11,42966.54,USD
PO00915, POL1,V164,CAT08,APAC ,2023-12-25,84887.76,USD
PO00916,POL3,v190,CAT07,NA ,2023-05-17,72768.02,USD
PO00917, POL2,V055,cat09, EMEA,2024-04-03,25368.31,usd
PO00918,POL3,V412,CAT04,EMEA,2023-02-03,1115.83,USD
PO00919,pol3,V098,CAT04,EMEA,2023-04-07,45940.72, USD
PO00920,POL2,v275,CAT10,APAC,2024-11-02,94647.04,usd
PO00921,POL3,V065,,EMEA ,2023-06-05,31941.92,USD
PO00922,POL2,V005, CAT06,EMEA,2024-12-14,55631.39,USD
PO00923,POL3,V425,CAT09, APAC,2024-05-10,54183.24,USD
PO00924,POL1,v367,CAT02, LATAM,2023-10-10,30563.54,USD
PO00925,POL2 ,v407,CAT03,NA,2023-01-02,35988.29,
PO00926,POL2,V471,CAT04,NA,2023-04-28,5834.93, USD
PO00927,POL3,V060,CAT10,latam,2023-05-29,7330.91,
PO00928,POL1,V257 ,CAT06,NA,2024-08-31,47205.89, USD
PO00929,POL3,v066,CAT06,na,2024-03-10,69966.26, USD
PO00930,POL1,v335,cat08,NA,2024-10-17,90081.73,
PO00931,POL2,V102,CAT05 ,EMEA,2024-04-23,68495.62,usd
PO00932,POL2,V032,CAT02 ,LATAM,2024-03-03,40115.63, USD
PO00933, POL1,V075, CAT07,NA,2023-09-30,58703.13, USD
PO00934,POL3,V073 ,CAT03,APAC,2023-05-18,23546.65,
PO00935, POL3,V073,CAT04, EMEA,2023-09-30,3065.41,
PO00936, POL1,V149,CAT07,NA,2024-09-04,43453.71,USD
PO00937,pol3,V494, CAT05,EMEA,2023-11-21,65153.33,usd
PO00938,POL3,V338,CAT10,APAC,2023-11-04,92283.86,
PO00939,POL3,v355,CAT07,EMEA,2024-05-18,44494.01,
PO00940,POL1 ,V049,CAT01,APAC ,2024-02-27,84520.31,
PO00941,POL3 ,v476,CAT07,apac,2024-05-19,14679.38,
PO00942,POL1 ,V479,CAT07, NA,2023-03-28,36270.82,usd
PO00943,POL2,V299,CAT04 ,EMEA,2024-08-21,96091.58,
PO00944,POL1,V193,cat06,NA,2023-06-04,98462.26,USD
PO00945,POL3 ,v223,CAT09, LATAM,2023-05-21,76654.68,USD
PO00946,POL2,v207,CAT03,EMEA,2023-11-03,21846.49,
PO00947,POL3,V152,CAT07,APAC,2024-04-09,84014.62,
PO00948,pol1,V371,cat09,EMEA,2024-07-07,62704.91, USD
PO00949, POL1,V438 , CAT01,NA,2023-06-04,89099.15,usd
PO00950,POL2,V399,CAT08,APAC,2023-06-19,18652.69,
PO00951,POL1, V315,CAT08,LATAM,2023-05-02,87170.81,
PO00952, POL3,V083,CAT01,NA,2024-11-18,34340.34,usd
PO00953,POL1,V145,CAT04 ,LATAM,2023-08-29,79144.35,
PO00954,POL1,V195 ,CAT07,EMEA,2024-12-03,15262.88,USD
PO00955,pol3,V101,CAT07 ,LATAM,2023-05-23,30319.02,
PO00956,POL2, V103,cat01,NA,2023-12-21,57432.87, USD
PO00957, POL3,V066, CAT10,EMEA ,2024-07-12,74527.49,
PO00958,, V039,CAT04,APAC,2024-06-18,90172.47,usd
PO00959,POL1,v320,CAT09,EMEA,2023-01-26,71575.47,usd
PO00960,POL3,V011 ,CAT01,NA,2024-05-26,82073.53,USD
PO00961,POL2,v245,CAT09, EMEA,2024-02-19,31093.83,
PO00962,POL2,V026 ,CAT07,EMEA,2023-04-09,40114.14,
PO00963,POL3,V253,CAT02,APAC,2024-11-28,74730.2,usd
PO00964,POL2,V059 ,CAT08,EMEA,2023-05-11,80561.35,
PO00965,POL1 ,V020, CAT03,NA,2024-08-23,20758.28,
PO00966, POL1,V023,, APAC,2023-05-13,24773.51, USD
PO00967,POL2 ,v425,CAT07,LATAM,2024-05-04,90213.96, USD
PO00968,POL1 ,V005,CAT06,EMEA,2023-01-01,35900.33, USD
PO00969,POL2,V069,CAT09,NA,2024-03-15,80517.56,usd
PO00970,POL1 ,V293,CAT05,APAC,2024-11-11,75396.64,USD
PO00971,POL1,V134 ,CAT08,APAC,2024-01-19,78992.68,
PO00972,POL3,V307,CAT04, NA,2023-08-19,,usd
PO00973,POL1, V471,CAT08,APAC,2024-10-23,28306.76,usd
PO00974,POL1,V164,CAT07,LATAM ,2024-01-29,1779.51,
PO00975,POL1 ,v366,CAT04,EMEA,2024-02-10,32636.0, USD
PO00976,POL1, V458,CAT10,APAC,2023-04-18,7051.51,
PO00977,POL1 ,v056, CAT01,EMEA,2023-05-31,31229.65, USD
PO00978,POL1,V242,CAT09,APAC,2024-12-17,53062.28,
PO00979,POL1,V130,CAT04,NA,2023-03-27,11530.47,
PO00980,pol1,V259,cat08,LATAM,2023-04-28,46212.66,
PO00981,POL1 ,V199,cat06, APAC,2023-05-21,22038.08,USD
PO00982,POL1, V426,CAT09 ,APAC,2023-08-10,67638.14,usd
PO00983,POL3 ,V012,CAT03,APAC ,2024-04-18,46047.28, USD
PO00984,pol3,v483,CAT09,EMEA,2024-09-05,2641.76,USD
PO00985,POL2,V355,CAT02,LATAM,2023-06-06,46936.7,usd
PO00986,POL3, V209, CAT08,APAC,2024-05-29,85281.66,usd
PO00987,pol3,V399 ,CAT10,APAC ,2023-04-03,19321.68, USD
PO00988,POL2,V202 , CAT04,emea,2023-09-29,83198.54,USD
PO00989, POL2, V440,CAT07,na,2024-12-06,74181.24,USD
PO00990,POL3 , V369,CAT08,EMEA,2024-06-19,79090.94,USD
PO00991,POL1,,CAT04, APAC,2023-02-18,18296.33,usd
PO00992,POL1,V018,CAT04, EMEA,2023-06-08,88225.68,USD
PO00993,POL2,V346,cat08, LATAM,2023-06-18,15469.52,USD
PO00994, POL1,V280,CAT01, EMEA,2024-09-30,95264.74,usd
PO00995,POL2,V045,cat04,NA,2024-06-09,24077.1,
PO00996,POL3,V194 ,CAT06,EMEA,2023-07-21,55498.05,USD
PO00997,POL3,V045,CAT02,na,2023-12-11,63383.08,USD
PO00998,POL2 , V393, CAT06,LATAM,2024-06-09,85969.42, USD
PO00999,POL3,V422,CAT01,LATAM,2024-04-20,51116.54,
PO01000, POL3, V206,CAT05 , APAC,2023-09-28,19696.81,usd
PO01001,POL3 ,V374, CAT03,LATAM,2024-04-10,13855.02, USD
PO01002,POL2 , V357,CAT07,NA,2023-11-01,55149.41,USD
PO01003,pol2,V164,CAT02 ,APAC,2023-10-02,39119.25,usd
PO01004,POL3,v336,CAT04,na,2023-05-06,61608.45,
PO01005,pol2,V307,CAT01, EMEA,2024-11-02,, USD
PO01006,POL2,V460,CAT02, EMEA,2023-05-11,76644.02,USD
PO01007,pol3,V046,CAT03,NA,2023-10-24,79633.63, USD
PO01008, POL3,V370,CAT04,latam,2023-01-17,83591.74,USD
PO01009, POL3,V270,CAT03,EMEA,2023-10-14,6013.1,
PO01010,POL1,v121,CAT01,LATAM,2023-09-10,94942.94,usd
PO01011,POL3,V267, CAT08,LATAM,2024-06-28,34940.21,USD
PO01012,POL3,V415,CAT01,LATAM,2023-09-23,45598.11, USD
PO01013,POL1 ,V422,CAT09,EMEA,2023-07-11,48595.31,
PO01014,pol2, V089,CAT10, APAC,2024-12-31,96973.13,
PO01015, POL3,V172 ,cat05,EMEA ,2024-06-24,65165.49, USD
PO01016,pol1,V034, CAT02,NA,2024-06-11,80816.05,USD
PO01017,POL2,V388,cat07,EMEA,2023-08-29,13352.54,usd
PO01018,POL2 , V026,cat08,LATAM,2023-09-03,28152.19, USD
PO01019,pol2,V026,CAT03,NA,2023-12-24,81368.46,USD
PO01020,POL1,v113,CAT05,apac,2024-11-12,32751.37,
PO01021,POL1,V218,CAT10,EMEA,2023-03-21,73449.45,
PO01022,POL3,V214, CAT07,NA,2023-03-24,47117.56,USD
PO01023,pol3,V470, CAT06,APAC ,2023-12-27,12869.59,
PO01024,POL1, V404,cat06,NA,2024-07-09,15043.33, USD
PO01025,POL3,v071,CAT03 ,EMEA,2024-11-01,22021.51,
PO01026,POL2,V267,,apac,2023-06-25,51259.36,
PO01027,POL3,V443 ,CAT10,APAC,2024-05-01,53066.87,usd
PO01028,POL2,V400,CAT08 ,LATAM,2023-01-09,,
PO01029,pol2,V132,CAT02 ,LATAM,2023-06-10,87822.27,USD
PO01030,POL3 ,V002,CAT02,LATAM,2023-09-19,59192.56,usd
PO01031,POL3,V113,cat03,EMEA,2024-10-06,9481.02,
PO01032,POL2,V442,CAT08, APAC,2024-12-20,37312.49, USD
PO01033,POL1, V179,CAT10,EMEA ,2024-01-06,53573.85,USD
PO01034,POL1, V346,CAT03,EMEA ,2023-06-19,59423.86,
PO01035,POL2,v005,CAT08,EMEA,2024-06-18,66000.68, USD
PO01036,POL2 ,V255,CAT04,emea,2024-01-13,3151.38, USD
PO01037,POL3,V230 , CAT07,EMEA,2024-07-31,56351.23, USD
PO01038,POL3,V072, CAT04,EMEA,2023-06-29,60382.53,usd
PO01039,POL1, V064,CAT07,NA,2023-08-14,16048.45,usd
PO01040,POL1, V342, CAT06,NA ,2023-10-24,32406.16, USD
PO01041,POL2,V243,CAT04,APAC ,2023-10-17,18823.34, USD
PO01042,POL2,V443,CAT06,NA,2024-03-06,27787.67,USD
PO01043,POL3,v388,CAT01,NA,2023-08-23,68485.24, USD
PO01044, POL3,v416, CAT05,NA,2024-12-25,11479.52,usd
PO01045,POL1 ,V354,CAT07,LATAM,2023-08-07,68277.47,usd
PO01046,pol2,V254,cat02,EMEA,2023-06-25,64047.46,
PO01047, POL2,V460,CAT09,NA ,2023-04-04,27689.87, USD
PO01048,POL1, V278,CAT05,NA,2023-03-18,15043.27,USD
PO01049,POL1,v210,CAT01 ,NA,2023-03-18,80581.66, USD
PO01050,POL3,V279,CAT06 ,EMEA,2024-09-23,2769.27,
PO01051,POL3,V342,CAT09,NA ,2023-09-17,89608.78,usd
PO01052,POL3,V374,CAT05,NA,2024-05-07,21118.93,USD
PO01053,POL1,v401,CAT05, EMEA,2023-02-03,86469.72,usd
PO01054,POL1,V474,CAT02,APAC,2023-03-11,20316.34,usd
PO01055,POL2,v082, CAT10,LATAM,2023-03-14,37207.19,
PO01056,pol2,V223,cat03,NA,2024-05-21,17114.35, USD
PO01057,POL3 ,V354,CAT06, NA,2023-06-01,73813.97,
PO01058,POL1,v359,CAT09, EMEA,2024-11-03,31899.86,
PO01059, POL3,v330,CAT07,EMEA,2023-09-01,85916.92, USD
PO01060, POL1, V419,cat10,na,2024-08-05,52021.62,
PO01061, POL3,V282,CAT06 ,NA,2024-01-27,1777.57,
PO01062,POL1,V347,CAT02,LATAM,2023-08-17,25181.6,usd
PO01063,POL2,v496,cat10,NA ,2024-10-15,34012.39,usd
PO01064,POL1, V150,CAT08 ,,2023-03-29,28842.91, USD
PO01065,POL2,V414,CAT01,NA,2024-12-31,9779.05,usd
PO01066,POL1,V055 ,CAT07,LATAM,2024-08-28,16825.26, USD
PO01067,POL3,v319,CAT03,LATAM,2024-10-29,50809.12,
PO01068,POL2 ,V078,CAT05,EMEA,2023-01-18,22714.1, USD
PO01069,POL1,V429 ,CAT10 ,APAC ,2024-11-28,55560.3,usd
PO01070,POL1, V013,CAT07, EMEA,2024-11-15,77479.69,usd
PO01071, POL1,V468,CAT09,APAC,2023-04-19,69695.43,
PO01072, POL3,V273, CAT08, NA,2024-12-12,85431.09,
PO01073,POL3,V474,CAT01,apac,2024-12-12,56925.55,usd
PO01074,POL1 ,V482,CAT05,LATAM,2024-10-15,82377.86,USD
PO01075, POL3,V396,CAT08,NA,2023-02-13,61633.48,USD
PO01076,POL3,V199,CAT04,LATAM,2024-04-14,52151.89,USD
PO01077,POL1,V299,cat06,APAC ,2024-10-09,15041.48,usd
PO01078,POL1,V489,CAT07,EMEA,2024-03-20,51552.76,usd
PO01079,POL1,V491 , CAT05,apac,2023-06-06,67887.46, USD
PO01080, POL1,V445,CAT08,NA,2023-08-29,94319.96,usd
PO01081,POL3,v048,CAT08 ,NA,2024-05-18,39167.41, USD
PO01082,POL1,V042,CAT04 ,NA,2024-06-01,, USD
PO01083,POL3,V158,CAT06 ,NA ,2024-01-19,1030.39,usd
PO01084,POL3,V029 ,CAT01,latam,2023-12-21,4269.59, USD
PO01085,POL1 ,V397,CAT01, EMEA,2024-03-12,94445.36, USD
PO01086,POL2,V309 ,CAT01,EMEA,2024-04-17,17119.98, USD
PO01087,POL1, V305,cat10,LATAM ,2023-04-23,85037.11,usd
PO01088,POL2,V268,cat04,LATAM ,2023-06-25,20424.69,
PO01089,POL3,V428 ,cat05,APAC,2023-08-11,89034.3, USD
PO01090,POL2,V328, CAT03,LATAM ,2024-10-29,95233.62,
PO01091,POL3 ,V321,CAT07,LATAM,2024-10-11,78129.3, USD
PO01092,POL2 , V397,CAT10,na,2023-02-17,44343.91,
PO01093,POL2 ,V010,CAT03, NA,2023-03-19,21521.08,usd
PO01094,pol3,V450,CAT09,EMEA ,2024-03-22,47960.08,usd
PO01095,POL1 ,V007,cat07,LATAM,2024-05-24,88989.17,
PO01096,POL2,V201, CAT01,APAC,2023-11-11,89631.09,USD
PO01097,POL2 ,V253,CAT07 ,latam,2023-08-19,85718.28,usd
PO01098,POL1,v387,CAT02, EMEA,2023-02-04,33262.88,USD
PO01099,pol2,V339 , CAT07,NA,2023-06-06,5235.81,USD
PO01100,POL2, V077,CAT06 , LATAM,2023-04-17,77715.92,
PO01101,pol1,v117,CAT04,na,2023-05-11,20030.69,USD
PO01102,POL2,V310,CAT04,EMEA ,2023-01-30,15771.89,usd
PO01103, POL3,v325, CAT08, APAC,2024-03-22,36382.84, USD
PO01104, POL1,V087,CAT09,EMEA,2024-02-18,6054.76,USD
PO01105,POL2,V401,CAT06,NA,2023-08-29,46825.87,
PO01106,POL2, V101,CAT08,NA,2023-06-24,67523.49,
PO01107,POL2 , V416, CAT01, EMEA,2024-03-23,27395.87, USD
PO01108,POL3,V464,CAT08 ,LATAM,2024-04-07,6566.55,USD
PO01109,POL2,V217, CAT09,apac,2023-08-28,13270.32, USD
PO01110,POL3 ,V413 , CAT09,LATAM,2024-08-24,55679.42,
PO01111,pol2,V123,CAT10,APAC ,2024-01-16,30274.37,USD
PO01112, POL2,V377,CAT10,NA ,2024-06-17,37214.2,
PO01113,POL2 ,v358,,APAC,2024-09-29,,USD
PO01114,POL2,V453,CAT09,NA,2023-10-22,62223.42,USD
PO01115,POL1,V414 ,CAT07 ,apac,2024-06-09,10160.7, USD
PO01116,pol1,V157, CAT07,APAC ,2023-09-08,37973.56, USD
PO01117, POL3,v493,cat01,LATAM,2023-06-07,77215.03, USD
PO01118,POL2 ,v348,CAT05,LATAM,2024-06-16,33913.83, USD
PO01119,POL1,v131,cat07,na,2024-12-13,3212.07,USD
PO01120,POL1,V278,CAT07,NA,2024-01-20,23135.75,
PO01121,POL3,V107 ,CAT06 ,apac,2023-11-01,6274.47, USD
PO01122,POL2, V130,CAT01 ,EMEA ,2024-12-08,13597.86,usd
PO01123,POL2 ,V131,CAT01,emea,2024-02-26,27284.27, USD
PO01124,POL3,v144,CAT05,latam,2023-10-05,64453.42,
PO01125,POL3,V459, CAT10,APAC,2023-05-08,26050.4,
PO01126,POL1,V340 ,CAT06, EMEA,2023-05-09,20616.16,USD
PO01127,POL2, V475, CAT10,LATAM ,2024-02-03,27054.59,usd
PO01128,POL2,V342 ,CAT09, LATAM,2024-03-07,40088.23,
PO01129,POL1,V260 ,CAT03,APAC,2023-09-12,24588.65,usd
PO01130, POL2, V288,CAT06, APAC,2023-01-29,, USD
PO01131,POL2 ,V339 ,CAT05,LATAM,2023-12-12,,USD
PO01132,POL3,v336,CAT03 ,EMEA,2024-08-27,97026.61,
PO01133,pol1,v323, CAT03,EMEA,2024-02-26,96471.84,usd
PO01134,POL3,v427,CAT09 ,LATAM ,2024-06-01,76366.92,
PO01135,POL3,V201,CAT10,latam,2024-10-21,11718.27,
PO01136,pol1,V161,CAT02,NA,2023-08-14,53893.52,usd
PO01137,pol2,v441,CAT09 ,latam,2023-06-18,,usd
PO01138,POL3,v243, CAT03, NA,2024-06-21,85380.12,
PO01139,POL2,V003,CAT10,EMEA,2023-06-05,32249.47,
PO01140,,V149,cat06,EMEA ,2023-08-28,,USD
PO01141,POL2,V453,CAT08,NA ,2023-08-14,49902.15,USD
PO01142,POL3, V412,CAT09,LATAM,2023-03-07,53075.04,
PO01143,pol2,V337 ,CAT04,NA,2024-05-06,83097.59,
PO01144,pol2,V154,CAT05,LATAM,2024-04-28,30299.07,USD
PO01145, POL2,V221,cat07,EMEA ,2024-05-22,10311.65,usd
PO01146,POL1 ,V173,CAT07,APAC,2023-08-25,75400.41,USD
PO01147,POL3,V183,CAT02,na,2024-03-18,77036.75,USD
PO01148,POL1,V405,CAT02 , APAC,2023-10-30,84633.74,
PO01149,POL2,V031,CAT01,EMEA,2024-08-27,65716.12, USD
PO01150,POL2,V017,CAT10,APAC,2024-10-19,85646.24,USD
PO01151,pol2, V138,CAT06 ,EMEA,2023-09-01,5085.31,USD
PO01152,pol2,V376,CAT05,APAC,2023-08-04,31036.19, USD
PO01153,POL3 , V235,cat05,LATAM,2023-11-21,26698.28,usd
PO01154,POL2 ,V470,CAT10, NA,2024-12-20,6449.43,usd
PO01155,pol3,V389,cat05,APAC ,2023-09-24,,usd
PO01156, POL1, V357,CAT07, APAC,2024-02-09,51168.92,
PO01157,POL2, V469,CAT05,LATAM,2024-07-17,37421.21,USD
PO01158,POL3,V433 ,CAT06 ,LATAM ,2023-03-30,33703.65,
PO01159,pol2,V139 ,CAT07,NA,2024-04-29,28404.62,usd
PO01160,POL1,V342,cat06,APAC,2024-10-20,58682.57,usd
PO01161,POL1,V003,cat10,EMEA,2023-12-18,66371.05,
PO01162,POL1,V033 , CAT03,LATAM,2024-11-01,31224.3,
PO01163,pol2,V287, CAT03,LATAM,2023-12-17,52997.0,
PO01164,POL1, V182, CAT03,APAC,2024-05-01,3540.97,USD
PO01165,POL3,V353, CAT08,NA,2024-09-29,,USD
PO01166,POL3,V154,CAT10,latam,2023-11-24,,USD
PO01167,pol3,V337,cat01,APAC,2024-07-22,4324.48,USD
PO01168,POL2,V049 ,CAT06,LATAM ,2024-05-25,18541.36,USD
PO01169,POL1 , V117, CAT05,na,2024-10-27,4751.96,
PO01170,pol3,V466 ,cat05,APAC,2024-07-14,23144.69,usd
PO01171, POL3,V396,CAT07,APAC,2023-02-18,14207.03,
PO01172,POL2, V351,CAT04,APAC,2024-01-26,61243.84,USD
PO01173,POL3,V385,CAT09,na,2024-01-22,57194.48,USD
PO01174,POL3, V427,CAT09,NA,2024-06-02,30526.92, USD
PO01175,POL3,V041,CAT07 ,LATAM,2024-11-01,46866.39,usd
PO01176, POL1, V464,cat02,NA,2024-01-22,21202.45, USD
PO01177,POL3,V123,CAT01 ,APAC,2024-01-23,84792.17,usd
PO01178,POL2,V015,cat03,EMEA,2023-02-24,95132.32,usd
PO01179,POL3, V086,CAT04,EMEA,2024-08-31,8002.09, USD
PO01180,POL2,V454 ,CAT04,EMEA,2024-02-03,60883.84,USD
PO01181, POL3,V077,CAT01,EMEA ,2024-10-29,93534.74,USD
PO01182, POL2, V346, CAT09,NA ,2024-07-21,19126.82,usd
PO01183,POL1,V413,CAT05 ,APAC,2023-12-29,1091.23,usd
PO01184,pol2,V355 ,CAT08, LATAM,2023-01-27,54047.95,USD
PO01185,POL2, V254, CAT07,APAC,2024-05-10,81708.29, USD
PO01186,pol3,V284 ,CAT07,NA,2024-01-15,49979.8,
PO01187,POL2,V179, CAT05,NA,2024-02-03,68063.8,usd
PO01188,POL1,v133,CAT01 , LATAM,2024-03-05,38471.42, USD
PO01189,POL1,V021,CAT08,NA,2023-08-03,68236.99,USD
PO01190, POL1,V466,CAT04 ,latam,2024-07-02,39342.74,USD
PO01191,POL2,V119,CAT02 ,EMEA,2024-02-06,79469.14,USD
PO01192,POL2,V245 ,cat06,EMEA,2023-06-28,22675.89,usd
PO01193, POL1,V177 , CAT05,latam,2023-08-20,44655.91,usd
PO01194,POL1,V387,CAT02,LATAM,2023-07-19,73972.69,USD
PO01195, POL2,V233,CAT07 ,LATAM,2024-07-01,29469.29, USD
PO01196,POL3, V214,cat10,EMEA,2024-07-19,45338.33, USD
PO01197,POL2,v279,CAT04,NA,2023-10-03,46324.15,
PO01198,POL1 ,v234,,EMEA,2023-03-19,80141.69,usd
PO01199,pol1,V129,CAT09 ,NA,2023-02-16,56378.68,usd
PO01200,POL2,V072,CAT04,APAC ,2024-11-09,69978.09,
PO01201,POL2,V163 ,CAT02, APAC,2023-03-15,69902.08,USD
PO01202,POL1,V494,CAT06,NA,2024-04-23,3007.29,
PO01203,POL3, V391,cat02, LATAM,2024-08-07,78398.49,USD
PO01204,POL3,V390,CAT01,emea,2023-12-23,40021.81,
PO01205,POL3,V089,CAT05, EMEA,2024-07-02,15493.84,USD
PO01206,POL1,V264,CAT10, NA,2023-01-06,95071.3, USD
PO01207,POL2,V262,cat03,NA,2024-12-12,, USD
PO01208,POL3,V227,CAT03,EMEA ,2023-10-08,51287.52,usd
PO01209,pol3,V302,cat03, LATAM,2024-09-12,57109.68,usd
PO01210, POL1,V218,cat04,APAC,2024-01-14,12334.08,usd
PO01211,pol1, V309,CAT01,LATAM,2024-03-01,58704.3,usd
PO01212,POL2, V011,CAT09,emea,2024-11-13,96460.71,
PO01213,POL1 ,V473 ,CAT07,EMEA,2024-03-04,70399.57,USD
PO01214,POL3 ,V487,CAT05,LATAM ,2023-02-24,26596.28,usd
PO01215,POL3,V253 , CAT02,NA,2023-08-12,93404.78,USD
PO01216,POL1,V172 ,CAT08, NA,2023-11-20,46769.06, USD
PO01217,POL1,V370, CAT03,APAC,2024-03-12,53566.5,USD
PO01218,POL2,V277,CAT09,LATAM,2024-12-19,22300.89,USD
PO01219,POL3,V065,CAT05,APAC,2023-07-05,39340.01,
PO01220,POL1, V371,CAT04,LATAM,2023-07-17,14491.69,USD
PO01221,POL1, V347, CAT09,LATAM ,2024-11-26,86140.76,USD
PO01222,POL3,V488 ,CAT05,EMEA ,2024-07-17,76389.89,USD
PO01223,POL2,V401,cat02,EMEA,2023-01-26,96003.02, USD
PO01224,POL2,V272, CAT07,latam,2023-06-07,68362.12, USD
PO01225, POL1,V491,CAT08,APAC ,2023-12-14,44748.49, USD
PO01226,pol2,V177,CAT07,latam,2023-11-27,26834.47,USD
PO01227,POL2, V337,CAT04,APAC,2024-01-16,60141.08, USD
PO01228,POL1,V030,CAT08,APAC,2024-05-07,86986.97,
PO01229,POL1,V418 ,CAT03,APAC,2024-07-19,67622.38,USD
PO01230,POL2,V188,CAT09, EMEA,2023-03-30,82270.75,usd
PO01231,POL3,V075, CAT06,emea,2024-05-09,72739.88,
PO01232,POL2, V370,CAT10,LATAM,2024-08-28,47125.8,usd
PO01233,pol2,V131 ,CAT09,NA,2023-10-20,28881.85,USD
PO01234,POL2,v393,cat03,APAC,2024-02-18,35221.64, USD
PO01235,POL1,V239,CAT08, EMEA,2023-07-17,83558.38,USD
PO01236,POL2 ,V033 ,CAT04 ,NA,2023-06-03,33612.43,usd
PO01237,POL2,V150,cat02,LATAM,2024-11-13,33080.73, USD
PO01238,pol3, V147,CAT09,NA,2024-09-17,96855.69, USD
PO01239,POL3,V459,CAT03 ,APAC ,2023-12-20,13855.64,
PO01240,POL3,V363 ,cat10,NA,2023-04-30,79635.02,USD
PO01241, POL2,V128,CAT03,APAC,2023-10-13,47557.72,
PO01242,POL1,V191,CAT05,EMEA,2024-11-07,60686.39, USD
PO01243,POL2,V044,CAT01,APAC,2024-02-24,90438.75,USD
PO01244,POL1,V335,cat04,emea,2024-04-12,63693.35,usd
PO01245,POL3,V300, CAT08, NA,2023-11-13,48855.81,usd
PO01246,POL3,V348 , CAT09,EMEA,2024-04-10,99558.95,
PO01247,POL3,V009, CAT08,na,2023-02-26,52187.51, USD
PO01248,POL2,V300,CAT10 ,latam,2024-10-29,11054.79, USD
PO01249, POL3, V480,CAT10,EMEA,2023-06-03,53466.02,usd
PO01250,POL3 ,V200 , CAT01, APAC,2023-07-28,9748.66,USD
PO01251,pol2,v415,CAT03,LATAM,2024-04-22,88907.11, USD
PO01252,pol2,V110,cat09,LATAM ,2024-01-08,1533.72, USD
PO01253,POL3, V058,CAT10,LATAM ,2024-02-16,14182.45,USD
PO01254,POL3,V351,CAT06,EMEA ,2024-11-22,78224.05,usd
PO01255,pol1,v028,CAT07,APAC,2023-04-21,,
PO01256,POL1, V118,CAT03,emea,2024-09-26,,
PO01257,POL1,V081, CAT03,APAC,2023-02-11,70045.62,USD
PO01258, POL2,V127,cat05,NA ,2023-09-14,14286.21,usd
PO01259, POL1, V403,CAT02,EMEA ,2023-07-08,37115.54,
PO01260,POL3,V348,CAT06, LATAM,2023-10-12,35399.66,
PO01261,pol3,V248,CAT03,APAC ,2023-09-25,,USD
PO01262, POL3,V184,CAT07,EMEA,2024-10-14,93140.73, USD
PO01263,POL3,V350,CAT02 ,NA,2024-10-26,12400.64, USD
PO01264,pol2,V227 ,CAT07,LATAM,2024-02-19,99219.27,USD
PO01265,POL2,V436,CAT05,NA,2023-05-10,93652.68,usd
PO01266,POL1,V431 ,CAT03,EMEA,2023-11-08,42835.14, USD
PO01267, POL2,V443 ,CAT05,LATAM,2023-04-03,28626.44,USD
PO01268,POL2,V141,CAT03,apac,2024-03-12,24178.23,usd
PO01269,POL1 ,V415, CAT04, NA,2024-12-31,4467.59,USD
PO01270, POL1,v068,CAT05 ,EMEA,2024-10-28,39575.39,
PO01271,POL2, V381, CAT09,na,2024-05-25,43898.28,usd
PO01272,pol2,V287,CAT04,LATAM,2023-10-06,14229.31,usd
PO01273,POL1,V018,CAT09,NA,2024-08-13,16072.7,
PO01274,POL2,V482 ,CAT08,emea,2024-04-18,19164.34,usd
PO01275,POL2,V451,cat03,NA,2023-10-10,78740.68,usd
PO01276,POL3,v162,cat07,NA,2024-06-27,96456.92,
PO01277,POL3 , V390,CAT04,EMEA,2024-09-11,98293.83,usd
PO01278,POL1 ,V333 ,CAT06,APAC ,2024-09-27,38255.87,USD
PO01279,POL3,V005,CAT04,emea,2024-01-02,88818.49, USD
PO01280,POL3,v404,CAT10 ,EMEA,2024-07-16,65219.25, USD
PO01281,POL1,V351,CAT08,APAC,2023-08-24,26390.72,
PO01282,pol3,V179,CAT07 ,LATAM,2024-08-01,7044.42,USD
PO01283,POL3, V275,cat04,NA,2024-01-30,94019.96, USD
PO01284,POL1 ,V123, CAT07,LATAM,2023-02-14,2931.02, USD
PO01285,POL1 ,V259,CAT04,APAC,2023-09-29,96031.96,
PO01286,POL2 ,V455,CAT06,NA,2024-06-03,1419.65,usd
PO01287, POL3, V341, CAT09,EMEA ,2023-07-26,68161.25,
PO01288,POL2,,cat06,EMEA,2023-04-25,87027.31,USD
PO01289,POL1, V161,CAT08 ,APAC,2024-06-09,63970.56,usd
PO01290,pol2,V144,CAT10,LATAM,2023-05-21,73155.05,
PO01291,POL2 , V280,CAT05,EMEA,2023-03-09,17544.94,
PO01292,POL3 ,V002,CAT04,EMEA,2023-04-20,12641.26,USD
PO01293, POL3,V337 , CAT09,apac,2024-07-13,65499.34,usd
PO01294,pol2,V408,CAT08,latam,2023-05-05,78703.53, USD
PO01295,POL1, V395, CAT10,NA,2023-11-02,81195.51,usd
PO01296,POL3,V351,cat10,na,2024-06-14,23020.59,USD
PO01297, POL1,V345,CAT01 ,NA,2024-01-17,71986.93, USD
PO01298,POL1 ,v371, CAT05,na,2023-02-02,48675.14,usd
PO01299,pol1,V114,cat06,LATAM,2024-03-09,15495.7,
PO01300,pol1,V122, CAT08,apac,2023-04-18,56977.22,
PO01301,POL1,V342,CAT02, LATAM,2024-07-29,33936.22,USD
PO01302,pol3, V481,CAT09 ,LATAM,2024-03-24,47820.86, USD
PO01303,POL1,V378,CAT10,NA,2024-08-15,69049.73,
PO01304,POL1,V239,CAT07,EMEA ,2024-08-22,55349.32, USD
PO01305, POL1,v362,cat01,latam,2024-03-12,47780.42,
PO01306,POL1,V220, CAT07,NA ,2023-09-12,76378.93,USD
PO01307,POL2, V022, CAT10,latam,2023-09-17,93742.72,usd
PO01308,POL3,V042,CAT09, LATAM,2024-11-05,60394.1,
PO01309, POL3,v052,cat01,LATAM,2023-10-15,4696.21, USD
PO01310, POL2,V468, CAT05,EMEA,2023-01-24,8549.98,USD
PO01311,POL2 ,V223,CAT07,APAC,2024-02-22,91351.86, USD
PO01312,POL1,V187,CAT09,EMEA,2024-12-23,74666.76,USD
PO01313,POL1,V407,CAT07,LATAM ,2023-02-08,53004.65,usd
PO01314, POL1,V430,cat02,LATAM,2024-06-21,79175.17,
PO01315,POL1,V093,CAT02,NA,2024-07-28,98761.74,USD
PO01316,pol3,V271,CAT08,APAC ,2023-07-02,15807.89,usd
PO01317,POL3,V057,CAT08,apac,2023-11-14,86192.69,
PO01318,POL3,V386 ,CAT09,emea,2024-04-26,90494.76,USD
PO01319,pol3,V409 , CAT04,LATAM,2024-11-13,9054.6,usd
PO01320,POL2,v133,CAT03, APAC,2024-08-27,78233.57,usd
PO01321,POL3,V311,CAT03,LATAM ,2023-05-16,50059.2,USD
PO01322,POL1 ,v203, CAT06, LATAM,2024-10-30,69663.39,USD
PO01323,POL2, V422,CAT06,EMEA,2023-05-25,1209.33,
PO01324,POL1,V233,CAT07 ,APAC,2023-06-18,51890.24,
PO01325,POL2 ,V121,CAT06 ,emea,2024-09-20,75423.44, USD
PO01326,POL1,V351,CAT09, EMEA,2024-05-22,28189.1,USD
PO01327,POL2,V387,CAT03,LATAM,2024-06-29,33448.92,USD
PO01328,POL1,V213,CAT08, APAC,2023-07-30,29951.11,usd
PO01329,POL2,V218 ,cat01,NA,2023-01-22,87213.66,USD
PO01330,POL3 ,V206,CAT01 ,LATAM,2024-10-03,76762.61,
PO01331,POL2,v206,CAT06,NA ,2024-12-31,56252.74,
PO01332,POL2,V473,CAT05,LATAM,2024-08-15,50763.23,usd
PO01333,POL1,V113 ,CAT07,APAC,2024-09-24,58913.45,USD
PO01334,pol2,v187,CAT07, NA,2023-03-27,36619.44,usd
PO01335,pol2,V051,CAT02,apac,2024-04-01,25237.14,USD
PO01336,pol2,V437, CAT02,emea,2024-08-08,43021.5,usd
PO01337,POL1,V147,cat02,LATAM,2023-06-29,27997.47,usd
PO01338,pol2, V085, CAT01,APAC,2024-11-27,84635.66,
PO01339,POL3,V352,CAT05 ,APAC,2023-07-05,54264.15,
PO01340,pol3,V390,CAT07,EMEA ,2024-09-19,51286.42, USD
PO01341,POL3,V195 ,CAT10, NA,2023-07-26,58745.45,usd
PO01342,pol3,v153,CAT05,LATAM,2024-11-23,59153.67, USD
PO01343,POL3, V091,cat07, APAC,2024-08-22,24196.25,USD
PO01344,pol1,V373 ,CAT06,NA,2024-07-07,38308.61,usd
PO01345,pol1,V488,CAT06,LATAM,2024-09-02,5007.51, USD
PO01346, POL2,V413, CAT01,EMEA ,2024-12-30,87009.08,usd
PO01347,POL3, V050, CAT05,APAC,2023-03-05,23870.75,
PO01348,POL1 ,V321 , CAT07,NA,2024-06-08,73107.36,
PO01349,POL3, V096,CAT04,NA,2023-12-27,22623.48,usd
PO01350,POL1,V058,CAT03 ,NA ,2023-12-22,76747.26,USD
PO01351,pol2,v378,cat10, NA,2023-08-18,87843.07, USD
PO01352,POL3,V135,CAT10,latam,2023-06-15,,USD
PO01353,POL2,v129,CAT01,NA ,2024-05-05,79496.12,usd
PO01354,POL1,v276,CAT02,emea,2024-05-23,98365.93,USD
PO01355,pol1,v304,CAT06,LATAM,2024-11-27,26956.63,usd
PO01356,POL1,v475,CAT05,NA,2024-04-22,55378.33,usd
PO01357,pol2, V283, CAT01,EMEA,2024-04-30,4086.7, USD
PO01358,POL3,V002,CAT05 ,EMEA,2023-02-03,23881.04,
PO01359,POL3,V113,CAT06,APAC,2024-01-01,53779.16,USD
PO01360,POL2 ,v472,CAT07, EMEA,2024-01-17,2761.87,
PO01361,POL2,V374,CAT04,LATAM,2024-11-08,80329.73, USD
PO01362,POL1,V041, CAT01,EMEA,2023-02-21,12601.3,
PO01363,POL3 , V500,CAT10,NA,2023-08-04,39418.02,
PO01364,POL3,V400,CAT10 ,APAC ,2024-04-21,80298.41,
PO01365,POL1, V059,CAT05,NA,2023-04-04,78373.55,USD
PO01366,pol1,v248, CAT03, APAC,2024-07-02,43965.51,
PO01367,POL2,V169 ,CAT05, APAC,2023-03-19,20723.63,USD
PO01368,POL3,V033 ,cat06,LATAM,2024-11-23,25588.16,usd
PO01369,POL3,V026,CAT10, APAC,2024-10-06,71728.12, USD
PO01370,POL3,V075,CAT01 ,APAC,2024-09-01,13096.29,
PO01371,POL3, V279,CAT07,LATAM ,2024-01-27,16875.97,
PO01372, POL2,v263, CAT09,NA,2023-05-27,1555.93,
PO01373,POL1,V064, CAT01,emea,2023-11-12,57487.04,USD
PO01374, POL1,v045,CAT07,APAC,2024-12-12,23298.72, USD
PO01375,POL1,v357,cat09,NA,2024-04-29,24553.42, USD
PO01376,pol1,V334,CAT02 ,LATAM,2024-03-13,73646.17,
PO01377,POL3,v246,CAT02,APAC ,2024-02-22,23967.08,usd
PO01378,POL1,V270,cat05,LATAM ,2024-11-29,76564.41,usd
PO01379,pol2,V429,cat08,EMEA,2023-11-20,83259.22, USD
PO01380, POL1,v130,CAT08,EMEA ,2024-12-25,16608.66,USD
PO01381,pol3,V458,CAT10,LATAM ,2024-08-27,10379.4, USD
PO01382,pol2,V230,CAT04,EMEA,2023-01-08,89674.88,USD
PO01383,POL3 ,V162,CAT03, EMEA,2023-12-13,86792.63,usd
PO01384,pol3,V070,cat07,APAC ,2023-07-25,2315.93,usd
PO01385,POL1,V057,cat02,na,2023-10-01,33335.18,
PO01386,pol3,v210,cat06,LATAM,2024-09-01,49928.29, USD
PO01387,POL2,V183,CAT10,EMEA,2024-10-28,4436.69,
PO01388,POL3,V284,CAT03,,2024-05-07,15597.35, USD
PO01389,pol2,V053,CAT05,APAC ,2023-12-31,94608.1,
PO01390,POL2, V222,CAT01,NA ,2024-03-25,66059.32,USD
PO01391,POL3,V324,CAT10 ,EMEA,2023-09-15,88942.27,USD
PO01392,POL2,V491 ,CAT05,EMEA,2023-10-25,34242.17, USD
PO01393,POL3,V209,CAT09,LATAM,2023-12-02,53281.31,
PO01394,POL2 ,V209,CAT10,EMEA,2023-03-20,73833.41,USD
PO01395,pol3,V087 , CAT05,LATAM,2023-02-26,22886.14,USD
PO01396,POL1,V427,CAT07 ,NA,2023-04-21,62888.5,usd
PO01397,pol2,V092,CAT09,LATAM,2024-10-08,43975.56,usd
PO01398,POL1,V213,CAT09,apac,2024-11-22,73546.98, USD
PO01399,pol1, V157,CAT07,apac,2024-01-01,73921.12,USD
PO01400,POL1,V250,CAT09,NA,2024-08-06,67682.11,
PO01401,POL3,V037,CAT07,APAC,2024-07-25,8469.32,
PO01402, POL3,V457,CAT05,apac,2023-09-15,52359.31,
PO01403,pol2,V354,CAT04, EMEA,2023-12-15,5907.54, USD
PO01404,POL2,V298,CAT10,LATAM,2024-01-05,36202.01,usd
PO01405,POL3, V201,CAT05 ,LATAM ,2023-12-23,50134.16,usd
PO01406,POL2,,cat08,LATAM,2023-09-15,51706.41, USD
PO01407,POL1 ,V107,CAT01 , LATAM,2023-12-09,29094.28,USD
PO01408,POL3,v256,CAT05,APAC,2024-02-29,14312.17,usd
PO01409, POL2,V179,cat03,apac,2023-05-20,96057.73, USD
PO01410,POL1,v357,CAT02 ,APAC,2023-08-08,87802.73,
PO01411,pol2,V114,CAT05,NA,2023-06-29,8715.01,
PO01412,POL2,V100,CAT03 ,NA,2023-03-13,65796.87,
PO01413,POL1 ,V411,CAT01,NA,2024-04-11,,
PO01414, POL2,V241,CAT10,apac,2024-08-06,80625.65,USD
PO01415,POL1,V169,CAT05,apac,2023-04-11,17254.87, USD
PO01416,POL1 ,V387 , CAT04,APAC ,2023-10-09,17889.04,usd
PO01417, POL2,V353,CAT09,LATAM,2024-12-09,35066.43,
PO01418,pol1, V125,CAT04,APAC,2024-11-22,34228.98,
PO01419,POL2,V308 ,CAT10, LATAM,2023-01-14,54714.49,usd
PO01420,POL2,V191 ,CAT01,EMEA,2023-04-17,52225.33,USD
PO01421, POL3,V258,cat06,EMEA,2024-06-15,,
PO01422,POL3,V216,CAT08, LATAM,2024-10-24,56675.64,USD
PO01423,POL3,V445,CAT08,APAC ,2024-01-30,29364.29, USD
PO01424,POL2,V470,CAT04,LATAM,2023-09-21,89724.1,
PO01425,POL1,v426,CAT10,EMEA,2023-07-14,24072.35, USD
PO01426,POL3,V436,CAT10 ,NA,2023-12-20,27144.07,usd
PO01427,POL1, V112,cat07, EMEA,2024-04-25,23570.53,
PO01428,POL3,V075,cat10, LATAM,2023-03-18,26172.36,
PO01429,POL1 ,V493,CAT05,EMEA,2024-02-21,1424.39,usd
PO01430,POL1,V225,CAT07, APAC,2023-03-19,37762.34, USD
PO01431,pol2,V427,CAT08,NA,2024-05-25,73216.98, USD
PO01432, POL3,V095,cat09,NA,2023-01-16,66879.25, USD
PO01433,POL3,V323,CAT07,LATAM,2023-05-29,69359.88,usd
PO01434, POL1,V131,cat09,EMEA,2024-09-06,53081.23,
PO01435,POL2,V216,CAT04,LATAM,2024-04-28,40200.72,USD
PO01436,POL1, V420,CAT09,APAC,2023-07-03,,USD
PO01437,POL2,V362,CAT09,emea,2024-05-26,6849.15, USD
PO01438,POL1 ,V020,CAT04,NA,2023-05-23,74517.21,USD
PO01439,POL3 ,V203,CAT07,APAC ,2023-02-26,70331.22,usd
PO01440, POL3,V134,CAT10 , EMEA,2023-05-17,43006.48,USD
PO01441, POL3,V423,cat01,LATAM,2024-08-09,21896.93,USD
PO01442,pol1, V285,CAT07,NA,2023-09-21,88568.66,USD
PO01443,POL2, V049,cat05,EMEA,2024-01-03,49510.91, USD
PO01444,POL3 , V398, CAT01,apac,2023-12-15,79059.84, USD
PO01445,POL1,V005,CAT07, APAC,2024-11-29,4446.93,USD
PO01446,POL1,V241,CAT04, APAC,2023-10-23,72310.86,
PO01447,POL1 ,V339, CAT06,EMEA,2024-03-20,43608.11,usd
PO01448, POL2,V491,cat02, EMEA,2024-08-13,43094.39, USD
PO01449,POL2,V301,CAT03,EMEA,2024-04-25,25681.34,USD
PO01450,POL1,V157,CAT01,LATAM,2023-06-26,58491.52, USD
PO01451,POL1, V297,CAT03,emea,2024-03-17,47132.37, USD
PO01452,POL3,V323,CAT04,APAC ,2023-03-31,94358.4, USD
PO01453,POL3 ,V017,CAT03,NA,2023-09-28,36199.03,USD
PO01454,POL2, V313,CAT10,na,2023-05-26,39232.7,usd
PO01455,POL3 ,v360,cat06, NA,2023-10-03,3632.34,usd
PO01456,POL3 , V326,CAT06, NA,2023-11-12,25453.93, USD
PO01457,POL1,V169,cat06,LATAM,2024-06-16,52153.93,usd
PO01458,POL3,v474,CAT10,APAC,2023-08-05,97770.85,usd
PO01459, POL2, V261,CAT01,EMEA ,2024-09-24,5118.07,
PO01460,POL3,v111, CAT03,APAC,2023-09-19,2769.36, USD
PO01461,POL3 ,v099,CAT02 ,APAC,2023-04-13,57380.97,usd
PO01462, POL3, V015,CAT03,APAC,2024-04-08,17268.17,usd
PO01463,POL2, V062,CAT05,latam,2024-01-08,75665.07,USD
PO01464,POL2,V362,CAT06 ,LATAM,2024-05-21,91820.25,
PO01465,POL3,V362 ,CAT09,EMEA,2023-06-14,67036.61, USD
PO01466,POL3,V068,CAT03,APAC,2023-08-10,,USD
PO01467,POL3,V088 ,CAT07,NA ,2023-02-21,39126.41,
PO01468, POL2,V049,CAT03,NA ,2024-07-23,32532.8,USD
PO01469,,V451, CAT10,EMEA ,2024-09-20,53433.47, USD
PO01470, POL3,V118,CAT04,emea,2024-02-08,16854.76,USD
PO01471,POL2, V211,CAT06,emea,2023-03-10,40455.59,
PO01472,POL1,v095, CAT10, NA,2024-11-29,29776.18, USD
PO01473,POL2,V161,CAT01 ,NA,2023-05-23,13758.43,USD
PO01474,POL2,V049,cat05,LATAM,2024-10-18,44306.58, USD
PO01475,pol3,V333 ,CAT07,emea,2024-02-26,24482.05,USD
PO01476,POL2,V138,CAT07,NA ,2024-08-24,41687.25,
PO01477, POL2,V498,CAT03, EMEA,2023-10-17,52612.73,usd
PO01478,POL3,V139,cat06,APAC,2023-10-09,28754.83,usd
PO01479,POL3,V016 , CAT05,EMEA,2024-01-28,97325.93, USD
PO01480,POL3,V126,CAT02,NA ,2023-12-23,65715.73, USD
PO01481,POL1 ,V189,CAT08,apac,2024-01-06,86234.23,usd
PO01482,POL3,V158 ,CAT03 ,APAC,2023-04-05,85436.1,
PO01483,POL3,V360,CAT03,NA,2024-04-21,21177.26, USD
PO01484, POL2,V061,CAT07 ,latam,2023-08-10,24954.8,usd
PO01485,POL1,V219 ,CAT05, NA,2024-04-28,46936.46,usd
PO01486,POL1 ,V214,CAT03,LATAM,2023-05-18,61139.56,USD
PO01487,POL2,V314 ,CAT01,LATAM,2023-09-13,96761.19, USD
PO01488,POL2,V053 ,cat09, EMEA,2023-10-19,37143.08,usd
PO01489, POL1,V099,cat08, LATAM,2023-05-18,55144.89,USD
PO01490,POL2, V362,CAT05,NA,2024-11-21,32882.01,
PO01491,pol2,V240 ,CAT02,NA,2023-08-27,74890.92,USD
PO01492,POL3,V426 ,CAT09,EMEA,2024-06-03,32523.56,USD
PO01493,POL2,V430,CAT09,NA,2023-05-31,81343.08,usd
PO01494,pol2,V351,CAT05,LATAM,2023-07-27,89353.13,USD
PO01495,pol3, V261,CAT06 ,NA,2024-07-12,57642.56, USD
PO01496,POL3,V198,CAT05 ,NA ,2024-09-18,38495.83,usd
PO01497, POL1,V462,CAT07,na,2023-06-08,1132.74,USD
PO01498, POL2,V014 ,CAT07,APAC ,2023-12-08,28005.81,USD
PO01499,POL3,V197 ,CAT01, LATAM,2024-02-23,51968.17,
PO01500,pol1,V093, CAT02,latam,2023-12-16,31243.78, USD
PO01501, POL2, V090,CAT09,APAC ,2024-07-20,70910.56,usd
PO01502,POL3,V124,CAT08,APAC,2023-09-16,21397.85,USD
PO01503,POL3,V196,CAT02,APAC,2024-03-18,16523.74,usd
PO01504,POL1 ,V480,cat05, NA,2024-01-25,42937.09,USD
PO01505,POL1,V089,CAT05,APAC,2023-07-22,96077.64, USD
PO01506,POL2 ,V178,CAT06,NA,2024-05-08,11078.91, USD
PO01507,POL2,V197 , CAT09,na,2024-12-24,68564.51,
PO01508,POL1,V048,CAT05 ,NA,2024-02-21,56254.25,USD
PO01509,POL2 ,V422,cat06,APAC,2024-12-18,96948.5,usd
PO01510,POL2,V099,CAT06,NA,2024-05-27,46704.65, USD
PO01511,POL3, V428,CAT07, APAC,2023-06-07,91243.53, USD
PO01512,POL3, V402,CAT07,EMEA,2024-06-24,99258.74, USD
PO01513,POL1,V144,cat06, EMEA,2024-04-28,80017.24,
PO01514,POL2 ,v077, CAT04,LATAM,2023-10-08,41599.73,USD
PO01515,POL2,V218,CAT06,LATAM,2024-10-23,10628.12, USD
PO01516, POL3,v382,CAT04,LATAM,2023-06-07,61865.41, USD
PO01517,POL3,V098 , CAT05, LATAM,2024-10-17,83804.26,usd
PO01518, POL2,V346,CAT10 ,latam,2023-11-19,40019.24, USD
PO01519,POL3,V118 ,CAT03,APAC,2024-09-18,60375.43,USD
PO01520,pol3,V107,CAT06,LATAM,2023-10-14,15109.83,
PO01521,pol2,V481, CAT01,emea,2023-07-23,1569.59,
PO01522,POL2,V196,CAT04 ,NA ,2024-05-06,10643.12, USD
PO01523,POL2,V131,CAT01,latam,2023-09-09,80721.06,USD
PO01524,POL1,V223 ,CAT08,APAC,2024-01-14,64150.68,USD
PO01525,POL1,V416 ,CAT06,NA,2024-08-04,62411.9, USD
PO01526,POL3, V128, CAT01,EMEA,2024-10-14,28934.4, USD
PO01527,POL1, V197,CAT05, EMEA,2023-04-30,79048.66,
PO01528,POL1,V284,CAT04,apac,2024-06-28,10128.25,USD
PO01529,POL3,V231 ,cat10,EMEA,2023-03-07,3285.74,
PO01530,pol3,V421,CAT03 ,LATAM,2023-12-25,10032.94,
PO01531,POL3,V442,CAT06 ,EMEA,2024-06-02,32548.73, USD
PO01532, POL3,V437,CAT06,NA,2023-01-02,89053.0,
PO01533, POL1,V414 ,CAT07,APAC,2024-05-28,79127.95,usd
PO01534,POL1,v312,CAT05 , EMEA,2023-09-18,42067.79, USD
PO01535,POL3,V432,CAT07,APAC ,2024-08-26,31738.74,usd
PO01536,pol3,V128, CAT08,EMEA,2024-12-03,56093.59,usd
PO01537,,v464,CAT04,APAC ,2024-11-24,20284.43, USD
PO01538, POL1,V146 , CAT10, APAC,2024-10-10,2995.8,usd
PO01539,POL2,V308,CAT02,EMEA ,2024-08-27,19466.0,usd
PO01540,POL2,V241,CAT06,apac,2023-10-09,59054.12,usd
PO01541,POL1,V133,CAT09,LATAM,2024-05-17,3949.81, USD
PO01542, POL1,V282,CAT08,EMEA,2024-03-12,27612.76,USD
PO01543, POL2,V020,CAT03,emea,2024-10-05,54118.47,USD
PO01544,POL2, V302,CAT01,APAC,2024-01-28,12596.52,USD
PO01545,POL1 ,v282,CAT06, NA,2024-10-04,85769.38,USD
PO01546,POL1,V109 ,cat09,NA,2023-06-15,94719.1, USD
PO01547,POL2 ,V379,CAT09,APAC,2024-05-09,77798.17,
PO01548,POL1 ,V206,CAT02, APAC,2023-08-19,89516.86,usd
PO01549,POL2,v493,CAT07,APAC,2024-07-10,74927.06,
PO01550, POL1,V302,CAT10,APAC,2024-04-21,44965.39,
PO01551,pol3,v133,CAT09, EMEA,2023-05-14,74476.62,USD
PO01552,pol3,V359,CAT01,NA,2023-09-26,20215.48, USD
PO01553,POL1 ,V437,cat05, LATAM,2024-07-17,8139.37, USD
PO01554,POL2,V447,CAT03,APAC,2024-07-09,96369.27,
PO01555,POL2,V222,CAT07,LATAM ,2024-02-21,63567.73,
PO01556,POL1,v434,cat04,NA,2023-07-15,81835.5,usd
PO01557,POL2,V465,CAT02,APAC,2023-11-24,23405.62,usd
PO01558,POL3,V494,CAT09,APAC,2024-11-14,24765.15,USD
PO01559, POL3,V269,CAT08,APAC,2024-08-26,98885.03,
PO01560,pol2,V478,CAT10,LATAM,2023-06-01,4482.23,
PO01561,POL1,V173,CAT03 ,APAC ,2023-07-05,73453.13,
PO01562, POL1,V184,cat03,APAC,2023-04-25,69938.06,USD
PO01563, POL2,V167 ,cat10,APAC,2024-02-23,32363.89, USD
PO01564,pol1,V040,CAT05,NA,2024-08-13,44033.21,USD
PO01565,POL3,V217,CAT07,NA,2023-08-21,82467.45, USD
PO01566,POL2,V050,cat05,EMEA ,2023-08-18,97063.53,USD
PO01567, POL2,V150,CAT04,APAC,2024-05-20,50987.85,
PO01568,pol1,V350 ,CAT03,emea,2024-01-04,32375.6,usd
PO01569,POL2,V356 ,CAT05,NA,2024-11-11,13855.03,
PO01570,POL3 ,v313,cat05,EMEA,2024-10-15,3327.97,usd
PO01571,POL3,V295,CAT04,APAC,2023-07-12,45699.11,usd
PO01572, POL3,V453 ,CAT08,LATAM,2024-02-20,41202.8,usd
PO01573,POL3,V166,CAT10,LATAM,2023-03-26,33498.66, USD
PO01574,POL2,v331,CAT02, NA,2023-09-30,27536.7, USD
PO01575,POL1,V210,cat04,LATAM,2023-07-28,25120.17,usd
PO01576,pol3,v405,CAT03,APAC ,2023-06-25,91502.49,usd
PO01577,POL1, V176,CAT02,APAC ,2024-02-06,71952.99,USD
PO01578,POL2 ,V423 ,cat05,LATAM,2024-09-07,23447.85, USD
PO01579,POL3,V462,CAT02,APAC ,2024-09-17,54788.58,USD
PO01580, POL3,V223,cat07,LATAM,2024-01-15,89696.79,USD
PO01581,POL3 , V360,CAT05,NA,2023-08-12,98599.81,
PO01582,POL1,v461, CAT08, NA,2024-04-25,3781.62,
PO01583,POL2,V064,CAT06 ,NA,2024-03-08,55676.59,
PO01584,POL1,V433,CAT07, EMEA,2024-06-08,84656.03,usd
PO01585,POL3, V442,CAT01,LATAM ,2024-07-06,68403.48,USD
PO01586,POL3,V276,CAT04,LATAM,2024-12-02,,usd
PO01587,POL3, V252,CAT02,APAC,2023-06-07,79212.07,USD
PO01588,POL2,V387,CAT09,EMEA,2023-10-26,22928.0, USD
PO01589,POL3,V155,CAT06,NA,2023-02-25,85150.33,usd
PO01590,POL1,V037,cat01,APAC,2024-09-17,23793.67,
PO01591,POL3,V388,CAT05,emea,2024-12-01,85332.06,usd
PO01592,pol2,V148,CAT07,emea,2023-04-01,24729.97, USD
PO01593, POL3,V384,CAT05,NA,2024-09-09,59689.61,
PO01594,POL3,v445,CAT09,NA ,2023-09-30,45597.97,usd
PO01595, POL2,V101 ,CAT05,APAC ,2024-10-04,20685.55,
PO01596,POL2,,cat04,NA,2023-04-30,, USD
PO01597,POL1,V044,CAT03,latam,2023-06-23,38144.1,
PO01598,POL3,v436,CAT05,latam,2023-06-16,51755.05, USD
PO01599,POL3,V282,cat05,latam,2024-08-19,98517.45,
PO01600,pol3,V171,CAT02,APAC,2023-11-27,29478.99,
PO01601,pol2,V313,cat07,LATAM,2023-10-21,26427.74,usd
PO01602, POL3,V389,cat04,NA,2024-04-09,21418.73, USD
PO01603,POL1,V441,CAT09,apac,2023-01-22,76782.2,USD
PO01604,POL3,v463,CAT03,EMEA,2023-09-06,21561.0,usd
PO01605,pol2,V180,CAT09,na,2023-09-20,48837.44,USD
PO01606,POL1, V244,CAT08,EMEA,2024-10-06,12945.63,USD
PO01607,POL3, V199,CAT01 ,na,2024-07-18,72712.54,usd
PO01608,POL3,V027,CAT08,apac,2024-09-11,86882.55, USD
PO01609,POL3,V217 ,CAT09,latam,2024-09-14,6062.98,USD
PO01610,POL1,V349,cat02,APAC,2024-12-30,91846.32, USD
PO01611,POL1,V305,CAT01,NA,2023-07-16,67332.14,USD
PO01612,POL2,V400,CAT07,LATAM,2023-03-31,37109.04,
PO01613,POL1, V379,CAT07,LATAM,2024-08-24,14832.6,usd
PO01614,POL3 ,V054,CAT06 ,APAC ,2023-07-09,71407.1, USD
PO01615,pol3, V494, CAT08,EMEA ,2024-02-14,53247.32,usd
PO01616,POL1,v190,cat04,NA,2024-12-11,96105.53,usd
PO01617,POL3,V046,CAT06, EMEA,2023-11-13,84445.17,
PO01618,pol2,v381,CAT05,LATAM,2024-09-23,17027.22,USD
PO01619,POL2,V452,CAT02,NA,2024-09-08,22727.58, USD
PO01620,POL2,V454 ,CAT10, APAC,2023-06-19,11917.19,usd
PO01621, POL1,v444,CAT10,EMEA,2024-07-20,72281.65,usd
PO01622,pol1,V454,cat04,NA ,2024-08-09,1884.27,USD
PO01623,POL3,v212,CAT09,NA,2024-05-31,64114.18,USD
PO01624,POL2,v126, CAT07,emea,2023-06-14,18625.95, USD
PO01625,POL3,V276,CAT01 ,LATAM ,2023-04-02,36277.93,
PO01626,pol1,V261, CAT06,LATAM,2024-04-10,18602.14,
PO01627, POL1,v469,CAT05,LATAM,2023-09-15,43450.25,USD
PO01628,POL1,V417,CAT05, EMEA,2023-10-20,52145.92,usd
PO01629,POL3,V254,cat03,LATAM,2024-09-26,57282.02,
PO01630,POL2,V192, CAT01,LATAM,2023-09-29,40842.14,USD
PO01631,POL3 ,V147 ,cat07,LATAM,2024-01-02,60827.62,usd
PO01632,pol2,V430 ,cat06, EMEA,2024-09-17,64847.18,usd
PO01633,POL1,V071,CAT06,APAC,2024-10-20,49945.07,USD
PO01634,POL1,v098,CAT10 , LATAM,2024-06-04,55432.62, USD
PO01635,POL1,V404, CAT02,NA,2024-02-10,83418.55, USD
PO01636,POL3,,CAT09,APAC,2024-05-09,20738.24,USD
PO01637,POL1,v402,CAT02,LATAM,2023-08-09,66824.79,
PO01638,POL1,v239,CAT03,,2024-08-09,61025.52,
PO01639,POL1,,CAT04,na,2023-05-09,6826.77, USD
PO01640, POL3,,CAT06,,2023-04-10,95597.66,
PO01641,pol1,V246 , CAT08,APAC,2023-04-20,81856.31, USD
PO01642,POL1,v042,CAT07, APAC,2023-05-24,2102.33,
PO01643,POL2,V180,CAT04,NA,2023-04-23,14851.8,USD
PO01644,POL1 ,v039,CAT01,EMEA,2024-08-09,64346.4,usd
PO01645,POL2,V393,CAT05,LATAM,2024-02-05,51159.18,usd
PO01646,POL2,V107,CAT01,NA,2023-03-10,54819.32,USD
PO01647,pol3,V030,CAT09,APAC,2024-06-17,52544.97,
PO01648,pol2,,CAT02,APAC ,2024-04-22,35221.69,usd
PO01649,POL3 ,V143,CAT06 ,APAC,2023-07-11,39836.92,usd
PO01650,POL3,V210 , CAT05, APAC,2023-02-01,66619.06,usd
PO01651,POL1 , V372,CAT01 ,EMEA,2023-03-03,41532.61,usd
PO01652,POL3,V382 , CAT08,LATAM,2023-03-16,76812.73,USD
PO01653,POL1,V176,cat02, APAC,2023-01-14,86858.41,usd
PO01654, POL3,v171,CAT02,EMEA,2023-05-21,25750.15,usd
PO01655,POL3, V188,CAT02,EMEA,2024-09-05,, USD
PO01656,pol2,V468,CAT02,LATAM,2023-07-09,25397.21, USD
PO01657, POL3,v067,cat08,NA,2024-04-23,52402.44,usd
PO01658,POL1,V017, CAT04, NA,2023-04-23,5309.93,USD
PO01659,POL1,V391,cat02,apac,2024-07-05,78890.94,USD
PO01660,POL2,V134,CAT08,NA,2023-05-21,51894.71,USD
PO01661,POL2,V293,CAT08,LATAM ,2023-05-17,74400.76,
PO01662,POL1 ,V031,cat08, LATAM,2024-12-05,95886.16,
PO01663,POL3 ,V158,CAT09,LATAM,2024-09-25,, USD
PO01664,POL1,v341,CAT07,APAC ,2023-01-15,55436.01,USD
PO01665, POL3,V040,cat05, EMEA,2024-08-17,24965.33,
PO01666,POL3,V392,CAT04,LATAM,2023-11-08,29890.01, USD
PO01667, POL1,V303,CAT05,APAC,2023-09-28,90224.93,USD
PO01668, POL1,V161,cat06,EMEA,2024-01-26,29237.91, USD
PO01669,POL1,V281 ,CAT05 ,APAC,2024-05-18,59588.56,
PO01670,pol2,v258,cat03,EMEA,2023-12-19,34940.47,usd
PO01671,POL3,v404,CAT07,EMEA,2023-01-23,89104.54, USD
PO01672,POL3 ,V219,cat10,LATAM,2024-05-13,71380.71,usd
PO01673,POL3 ,v157, CAT08,na,2024-01-11,37942.87, USD
PO01674,POL1,V473,cat10,NA,2023-01-30,82457.42, USD
PO01675,POL1,V392,CAT07,LATAM,2023-10-03,35801.35,USD
PO01676, POL3,V250 ,CAT03,LATAM,2024-02-18,10661.51,
PO01677, POL2,V369,CAT04,APAC,2023-03-15,90746.69,
PO01678,POL2,V211,CAT01,LATAM ,2024-12-27,75305.06,usd
PO01679,pol2,v440,CAT01 ,LATAM,2023-05-18,82565.48,USD
PO01680,POL1,V281,CAT01, NA,2024-11-21,62311.66,usd
PO01681,POL1,V315 ,CAT02,EMEA ,2023-05-09,66862.97, USD
PO01682,POL2,v365,cat02,APAC,2023-09-16,38112.76,USD
PO01683, POL1,V176,CAT04,APAC,2024-05-19,7936.21, USD
PO01684,POL3,V192,cat05, EMEA,2023-04-22,60610.85,usd
PO01685,POL2,V317,CAT03,NA,2023-10-14,49813.21, USD
PO01686, POL1,V085,CAT07, APAC,2023-03-25,52593.91,
PO01687,POL1, V119,CAT06,LATAM,2023-03-21,75362.58,usd
PO01688,POL1,v295,CAT10 ,LATAM ,2024-02-15,,usd
PO01689,POL1,V217,CAT04,APAC,2024-05-21,93279.65, USD
PO01690,POL1,V009,CAT09,EMEA,2023-07-29,71692.39,
PO01691, POL1,V247,CAT07,latam,2024-09-19,89633.92, USD
PO01692,POL2, V274,CAT10,apac,2024-10-07,93709.89,usd
PO01693,POL2 ,V035 ,CAT01,APAC ,2024-12-07,51197.25,usd
PO01694,POL2,V035,CAT09,na,2024-03-13,3692.09,
PO01695,POL2,V273,CAT07,NA,2024-12-31,38370.84,
PO01696,POL3,v158,CAT04,EMEA,2023-11-10,43718.76, USD
PO01697, POL1,V445,CAT09, LATAM,2023-12-15,56496.99,USD
PO01698,pol1,V303 , CAT09,LATAM,2023-02-14,75551.82, USD
PO01699,POL3,V233, CAT05,EMEA,2024-02-10,98857.41, USD
PO01700, POL2,v174,cat07,NA ,2024-05-26,27644.52,usd
PO01701,POL1,V154,CAT09,APAC,2024-03-18,33338.03,USD
PO01702,POL1 ,V066 ,CAT08,NA,2023-03-24,57075.82, USD
PO01703,POL1,V311, CAT04,NA,2023-11-11,65326.15,USD
PO01704,POL3,V009,CAT05 ,apac,2024-02-20,28158.42,
PO01705,POL1,V448,cat02,APAC,2024-12-11,33842.75,
PO01706,POL2,v116,CAT07,LATAM,2023-04-23,8195.0, USD
PO01707,POL2,V331 ,CAT09 ,EMEA,2023-04-11,29590.03,
PO01708,pol1,V043,cat04,APAC,2024-04-10,31346.73,
PO01709,POL3 ,V350, CAT05,APAC,2024-04-18,12069.77,USD
PO01710, POL2,V209, CAT10,EMEA,2024-01-25,,USD
PO01711,POL2,V443 ,CAT07, LATAM,2024-08-07,78815.91,USD
PO01712,pol3, V049,CAT05,LATAM ,2024-01-23,61647.9,USD
PO01713,pol2,V471,CAT10,EMEA,2024-08-20,84140.0, USD
PO01714,POL3, V346,CAT03 ,apac,2023-08-04,4317.54,usd
PO01715, POL3, V182, CAT02,emea,2024-09-29,41062.13,USD
PO01716, POL1,v137,CAT09,EMEA,2023-03-24,39894.06, USD
PO01717,pol2,V396,CAT09 ,LATAM,2023-04-26,50897.09,
PO01718,POL2,V041,cat09,EMEA,2023-01-31,60110.14, USD
PO01719,POL2,V480, CAT03,LATAM,2024-09-17,, USD
PO01720,POL1 ,V187, CAT04, LATAM,2024-07-22,36861.89,USD
PO01721, POL2,V061, CAT06,APAC,2024-10-14,62777.34,usd
PO01722,POL3,V168,cat09,LATAM ,2024-12-20,9610.5,USD
PO01723,pol3,V414,CAT07,EMEA,2024-09-02,11385.17,
PO01724,POL2 ,V296,CAT05,NA,2024-12-09,29210.9,USD
PO01725,pol2,V454,CAT08,EMEA ,2024-07-11,4550.84, USD
PO01726, POL1,V470,cat05,emea,2023-07-20,74510.54,usd
PO01727,POL2 ,V193, CAT07,apac,2024-12-08,87985.28,
PO01728,POL1,V266,CAT03,NA,2024-10-04,16187.59,USD
PO01729,POL3,V057 ,CAT10,latam,2024-09-15,72939.68,USD
PO01730,POL2, V389,CAT06,NA,2024-04-09,44620.36,usd
PO01731,POL1,V276,CAT07,NA,2023-07-15,28379.1, USD
PO01732, POL3,V050 ,cat08, APAC,2024-08-04,52635.53,
PO01733,POL3 ,V273,CAT02,latam,2023-12-12,53953.59, USD
PO01734,POL3,V047,CAT03 ,EMEA ,2023-06-07,28147.48,usd
PO01735,POL2,V392,cat06,LATAM,2024-04-13,19186.02, USD
PO01736,POL1,V101,CAT01,EMEA,2023-08-11,68559.96,
PO01737,POL3 ,v420,CAT06,EMEA,2024-02-24,80169.85,usd
PO01738,POL1 ,V097,cat06,LATAM ,2024-05-07,86056.85,USD
PO01739,pol2, V311,CAT05,apac,2023-11-04,82431.39,
PO01740,POL2,V160,cat09, EMEA,2023-04-09,,
PO01741,POL3,V353 ,CAT07,APAC,2023-07-14,28718.04,USD
PO01742, POL3,V295,CAT08,apac,2023-02-16,1918.49,
PO01743,POL2,V124, CAT04,EMEA,2023-10-04,64092.66,
PO01744, POL3,V027,cat02,APAC,2024-01-02,38061.77, USD
PO01745,POL3,V473,CAT01,emea,2023-01-01,76875.42,USD
PO01746,pol2,v264,CAT04, LATAM,2023-09-25,35561.55, USD
PO01747,POL2 ,V464,CAT05,APAC,2024-04-10,87046.08,usd
PO01748,POL1,v045,CAT03 ,APAC ,2023-09-17,22273.8,USD
PO01749,pol2,V046,CAT03,APAC,2023-10-09,10477.69, USD
PO01750, POL3,V171 ,cat09,emea,2023-05-21,13711.6,
PO01751,POL3 ,V186,CAT01 ,NA ,2023-09-29,,USD
PO01752,, V488,cat04, EMEA,2023-07-14,74167.62, USD
PO01753,POL3 ,V020,CAT07 ,LATAM ,2024-06-21,17871.13,usd
PO01754,POL1,v158,CAT05, NA,2023-08-22,88399.36,
PO01755,POL2,V226,CAT05,NA,2024-03-28,79530.61,USD
PO01756,POL3,V365,CAT10,NA ,2023-09-02,93486.75,
PO01757,POL1,V316,CAT02,na,2024-08-21,79197.24, USD
PO01758,POL1 ,V209,CAT08,na,2023-01-03,77924.1, USD
PO01759,POL3,V156 ,CAT02,LATAM,2023-01-15,53228.02,USD
PO01760,pol3,V164,CAT10,EMEA,2024-05-16,30084.11,USD
PO01761,pol2, V430,CAT04 ,latam,2023-05-06,93198.16,usd
PO01762, POL1,V384 ,CAT09,APAC,2024-11-06,32144.46,USD
PO01763,POL2,V454, CAT01, NA,2023-08-03,85362.46,USD
PO01764,POL2 , V286, CAT08, EMEA,2024-03-03,1391.04,
PO01765,POL1, V306,CAT08,EMEA,2024-12-11,52991.18, USD
PO01766,POL3,V209,cat02,APAC,2023-11-21,86876.77, USD
PO01767,POL3,V464 , CAT09,NA,2024-11-26,68844.17,
PO01768,pol1,V079 ,CAT10,na,2024-08-17,75763.57,
PO01769,POL2 ,V351,CAT02 ,APAC,2023-04-28,52025.63, USD
PO01770,pol3,V470,CAT05 ,LATAM,2024-10-05,43670.9,
PO01771,POL1,V012,CAT01,LATAM,2023-02-27,60517.5,USD
PO01772,pol1,v470,,APAC,2024-03-18,63161.3, USD
PO01773,POL2,V329, CAT09, EMEA,2023-04-18,47880.99,
PO01774,pol1,,CAT03,latam,2024-06-22,77328.34,
PO01775,POL3,V455,CAT07, LATAM,2023-07-29,57551.88,USD
PO01776, POL1, V373,cat10,EMEA,2023-12-07,2997.53, USD
PO01777,POL2, V082,CAT06 ,EMEA,2023-12-21,77918.95,
PO01778,POL3,v410,CAT01,LATAM ,2023-09-23,53045.77,USD
PO01779,POL3,V275,CAT04 ,APAC,2024-09-11,75343.71,usd
PO01780,POL1, V258,cat06,NA,2024-03-22,42162.48,usd
PO01781,POL2,V352, CAT06,NA ,2024-08-16,11413.29,usd
PO01782,POL1,V256, CAT09,LATAM,2024-12-23,49851.73,USD
PO01783, POL2,V206,cat04,APAC,2023-09-24,42452.22, USD
PO01784,POL3,V196,cat06,APAC,2023-10-14,43654.17,usd
PO01785,POL2, V399,CAT01,NA,2024-04-24,32684.38,USD
PO01786,POL1 ,V016,CAT01,APAC,2023-04-26,72895.2,
PO01787,pol3,V139,CAT01,LATAM,2023-01-04,69840.22, USD
PO01788,POL2,V478,CAT09,NA,2024-04-28,56011.52,usd
PO01789,POL2,V002, CAT01,APAC,2024-10-26,72184.03,usd
PO01790, POL1,V118, CAT01,LATAM,2024-09-09,74824.25,usd
PO01791,pol3,V325,CAT08,apac,2024-12-24,45851.05,USD
PO01792, POL2,V181,CAT07,EMEA ,2024-11-05,28258.65,
PO01793,pol3,v068,CAT08, APAC,2023-06-10,56196.22,
PO01794, POL3, V026,CAT03, LATAM,2023-09-05,9568.78,
PO01795,POL1,V075,CAT04,NA ,2024-01-03,86438.59, USD
PO01796,POL3,V339,CAT01,LATAM,2024-09-14,7083.73,usd
PO01797, POL3,V137,cat02,NA,2023-12-10,46808.54,USD
PO01798,POL2,V253 , CAT10,apac,2023-11-25,91669.88,usd
PO01799,POL3 ,v413,CAT04,NA,2023-05-02,16155.85, USD
PO01800,POL1,V481,CAT08,NA,2023-02-22,66644.48,
PO01801, POL2,V180 ,CAT07 ,APAC ,2024-04-09,38541.31,USD
PO01802,POL2,V096,CAT05,APAC,2023-06-19,36624.94,usd
PO01803,POL2,V023,CAT02,EMEA,2023-12-03,82533.37,
PO01804,pol3,V453,CAT01, APAC,2024-12-28,46147.86, USD
PO01805,pol2, V012, CAT03,LATAM,2023-09-18,79352.26,USD
PO01806,POL1,V468,CAT10,APAC,2024-11-01,94951.01,USD
PO01807, POL2,v205,CAT10,NA,2024-12-30,48811.88,
PO01808,pol2,V023,cat03, LATAM,2024-01-16,91496.52, USD
PO01809,POL2,V089,CAT04, EMEA,2024-04-10,93545.6,
PO01810,POL3,v094, CAT04,APAC,2023-01-08,8181.02,usd
PO01811,POL2,V401 ,CAT07,EMEA,2023-06-20,71181.79,
PO01812, POL2,v454,CAT09,apac,2024-05-20,77132.08, USD
PO01813, POL1,V489,CAT05 ,NA,2024-11-25,24020.53,usd
PO01814,POL2,V311,CAT10,apac,2024-07-26,81971.67,USD
PO01815,POL2,V368 ,CAT03, NA,2024-09-09,43967.87,
PO01816, POL1,V446,CAT04 ,LATAM,2023-07-08,45010.69,
PO01817, POL2,V498,CAT06, NA,2024-12-05,39475.58,usd
PO01818,POL3,V170, CAT06,LATAM,2024-11-07,61288.22, USD
PO01819,POL3,V133,CAT09 ,emea,2024-08-28,18610.61,USD
PO01820,POL1,V462,CAT07,EMEA ,2023-05-29,81210.75,
PO01821,POL3,V431,CAT09,emea,2023-04-26,72925.88,
PO01822,pol3,V069,CAT07, EMEA,2023-11-12,9003.87, USD
PO01823,POL3,V252,CAT01,latam,2024-04-11,7768.54,usd
PO01824,,v227,CAT08, EMEA,2024-01-25,74950.6,usd
PO01825, POL2,V178,CAT03,EMEA,2023-05-13,60631.4,usd
PO01826, POL2,V320,CAT05,emea,2023-06-12,98463.31,USD
PO01827,POL1,V106,CAT01,APAC,2024-06-14,79995.54,usd
PO01828, POL1, V214,cat10, EMEA,2024-09-28,80457.4,usd
PO01829, POL3,V432,CAT08,LATAM,2024-11-08,88641.51,usd
PO01830,POL1,V051, CAT03,LATAM ,2024-06-17,87431.53, USD
PO01831, POL3,V100,CAT08,EMEA ,2024-08-06,85322.84,
PO01832,POL1,V473,CAT10, APAC,2024-08-24,19972.67,usd
PO01833,POL2,V302,CAT02,APAC,2023-07-11,56637.32,USD
PO01834,POL1,V229,CAT05,APAC,2024-12-05,89083.67,
PO01835,POL2,V386,CAT02,APAC,2023-10-15,11252.9, USD
PO01836,POL1 , V110, CAT02,EMEA,2023-06-28,65396.89, USD
PO01837,pol2,V169,CAT09,EMEA,2024-07-24,42039.91,
PO01838,pol3,V374,CAT09, EMEA,2023-01-16,7744.8,USD
PO01839,POL1,V301,CAT08 ,na,2023-07-22,2719.05,
PO01840,POL3,V166,CAT01,NA,2023-04-12,31440.59,usd
PO01841,POL3,V087,CAT03,EMEA,2024-10-23,85860.65,USD
PO01842,POL1,V149,CAT09 ,EMEA,2023-02-14,97080.36,
PO01843,POL3,V365 ,cat09,NA,2024-12-29,99527.06,USD
PO01844,POL3,V236,CAT03,APAC,2024-06-08,6838.14,
PO01845,POL3, V025,CAT01,emea,2023-10-23,60862.3,usd
PO01846,POL3,V158,CAT01,LATAM ,2024-03-12,73642.83,usd
PO01847,POL3,V123,cat01,APAC ,2023-05-03,40899.16,USD
PO01848, POL3,v491,CAT05,NA,2024-03-30,31233.2,USD
PO01849,POL3,V111,CAT06,NA,2023-12-23,8063.32,usd
PO01850,POL2, V289,CAT03,NA,2024-08-08,99683.01,usd
PO01851,POL2,v065,CAT03,latam,2023-07-02,30255.31,usd
PO01852,pol3,V253,cat06, EMEA,2024-03-03,92532.06, USD
PO01853,POL2,V131,CAT09, EMEA,2023-11-18,94262.48,usd
PO01854,POL1,V265,CAT09, NA,2024-08-05,63353.76,usd
PO01855,POL1,v271,CAT10,LATAM ,2024-08-24,50453.29,
PO01856,POL1,v428,CAT02,LATAM,2023-08-11,37184.89,usd
PO01857,POL2,V353,CAT09,EMEA ,2024-06-10,59699.93,USD
PO01858,POL1 ,V457, CAT04,APAC,2024-10-08,74899.64,usd
PO01859, POL2,V340,CAT05 ,EMEA,2024-10-03,46526.02,usd
PO01860,POL2, V340,CAT10,apac,2024-11-17,97958.42,usd
PO01861,POL1,V270,CAT05, NA,2024-04-03,39800.72,usd
PO01862,POL2 ,V275,CAT01 ,latam,2024-10-17,46529.74,USD
PO01863,POL1, V392,CAT02,LATAM ,2024-06-07,49880.18, USD
PO01864,pol1, V079,cat07,latam,2024-07-01,84713.94, USD
PO01865,POL3,V022,CAT03 ,apac,2024-06-18,67628.39,USD
PO01866,POL1,V264,CAT07 ,APAC,2023-11-24,77297.68,usd
PO01867, POL2,V373, CAT08, APAC,2024-07-27,99752.98, USD
PO01868,POL3,v217,cat05, EMEA,2024-07-10,39422.93, USD
PO01869,POL1,V328, CAT05, EMEA,2024-10-31,45298.05,
PO01870,POL3,V313 ,CAT01,NA,2024-12-11,45551.8, USD
PO01871, POL2, V166, CAT04,EMEA,2024-12-28,79254.51, USD
PO01872,POL2,V246,CAT09,NA,2023-05-21,94753.75,
PO01873, POL2,V144,CAT02, APAC,2024-07-13,26324.12,
PO01874, POL1, V295,CAT01, NA,2023-05-02,24739.15,usd
PO01875, POL1,V041,CAT07,LATAM,2024-06-14,38569.73,usd
PO01876,POL3,v103,CAT08,EMEA,2024-07-23,83379.2,usd
PO01877,POL1,V166,CAT02,EMEA,2024-08-24,84570.04,
PO01878,POL2 ,V404, CAT05,LATAM,2024-02-08,10043.75,
PO01879, POL1,V322, CAT01,EMEA,2024-01-28,16302.33,USD
PO01880, POL2,V359 ,,LATAM,2024-04-10,63971.97,usd
PO01881,pol2,V276 ,CAT10 ,LATAM,2023-06-03,31504.08, USD
PO01882,POL3,V045,CAT08,LATAM,2024-03-25,99994.24,USD
PO01883,POL2 ,V362,CAT07,LATAM,2023-04-25,18389.49, USD
PO01884,pol2, V198,CAT03,LATAM,2024-06-12,95028.55, USD
PO01885,POL2,V220,cat08,LATAM,2023-11-30,7988.32, USD
PO01886, POL3,V062,CAT06 ,latam,2023-01-26,57653.31,usd
PO01887,pol2,V061,cat03,APAC,2024-11-12,26072.11,usd
PO01888,POL2,V253 ,cat09,NA,2024-05-30,8183.03, USD
PO01889, POL2,v115,CAT09, APAC,2024-12-22,63722.06,usd
PO01890,POL3 ,V183,CAT07 , NA,2023-03-29,43029.36,usd
PO01891,pol2,V393, CAT09,EMEA,2023-11-15,74068.71,usd
PO01892,POL2,V224,CAT07,emea,2024-03-09,84785.83,usd
PO01893, POL2,V314,CAT08,NA,2023-09-13,40700.55,
PO01894, POL3,V307,CAT01 ,LATAM,2023-12-22,,
PO01895,,V005,CAT06,LATAM,2024-07-06,39126.33,USD
PO01896,POL3 ,V290 , CAT05,EMEA,2023-02-26,93694.63,USD
PO01897,pol2, V378,CAT04,EMEA,2024-07-14,88002.65,usd
PO01898,POL2 ,v032,CAT09,APAC,2023-01-16,55653.94,
PO01899,POL2,V402,CAT05, NA,2024-01-08,10569.92,USD
PO01900,POL3,V044 ,CAT05,EMEA,2024-10-14,25988.31, USD
PO01901,POL1,V295,CAT05,LATAM,2024-05-04,41809.4,usd
PO01902,pol1,V080 ,CAT05 ,APAC,2024-08-28,64500.93,
PO01903,POL2,V075 , CAT07,LATAM,2023-03-20,78064.4,USD
PO01904,POL3,V389,CAT08,APAC ,2024-03-21,84160.88, USD
PO01905,POL2 ,V111,CAT06,apac,2023-07-30,54127.32,USD
PO01906,pol3,v308,CAT02,NA,2023-09-01,3905.31, USD
PO01907, POL2,V211, CAT07,NA,2024-10-23,91383.88,
PO01908,,V322 ,CAT09, NA,2024-08-28,19936.67,usd
PO01909,POL2,V224,CAT06 ,EMEA,2023-07-04,2400.54, USD
PO01910,POL1,V489, CAT06,NA,2024-10-18,34285.65,USD
PO01911,pol1,V448,CAT03,latam,2024-10-12,71399.42,
PO01912, POL3, V141,CAT04,APAC,2024-07-13,8930.4, USD
PO01913,POL3,V101,CAT03,APAC,2023-06-18,21895.19, USD
PO01914,,V003,cat10,emea,2024-09-18,98755.29,
PO01915,pol1,v171,CAT02,APAC,2024-06-21,94064.76,usd
PO01916,POL2,V383,cat02,NA,2023-04-05,31336.65,USD
PO01917,pol3,v452,cat08,EMEA,2023-03-17,, USD
PO01918,POL1 ,V383 , CAT05,EMEA ,2024-06-24,80870.38,
PO01919,POL3,v168,CAT07 ,LATAM,2024-02-02,56883.55,usd
PO01920,POL3, V451,CAT09, APAC,2023-06-25,37996.41, USD
PO01921,POL2,v300,CAT10, EMEA,2023-10-02,33435.35,
PO01922,POL3,v021,CAT03 ,APAC,2024-12-27,54604.19,USD
PO01923,POL3,V249,CAT04,NA,2023-08-02,97265.13,
PO01924,POL2 ,V423,CAT05,emea,2024-06-28,42409.1, USD
PO01925,POL3, V359,CAT04 ,APAC,2023-01-23,1902.47,
PO01926,POL2,V025,CAT08,APAC,2024-12-15,34366.09,usd
PO01927,POL1,V106,CAT09,LATAM,2023-04-08,23106.91,usd
PO01928,POL1,V437,cat09, EMEA,2023-04-06,83732.64,USD
PO01929,POL2,V294,CAT02,APAC,2024-06-01,34795.24,USD
PO01930, POL2,V354,cat08,APAC ,2023-02-21,58664.4,usd
PO01931,POL1,v421,CAT05 ,apac,2024-12-29,66621.65,
PO01932, POL1,V228,CAT09,APAC,2024-12-02,76286.76, USD
PO01933,pol3,V079 ,CAT05,LATAM ,2023-07-19,57992.36, USD
PO01934, POL3,V378,CAT10 ,LATAM ,2024-06-24,14185.38,usd
PO01935, POL1,V451 ,CAT03,EMEA,2024-11-09,26724.6,USD
PO01936,POL1,V497,CAT08,latam,2024-02-07,98050.25,USD
PO01937,POL2,V402,CAT01,latam,2023-12-10,13637.25, USD
PO01938, POL1,V112,CAT06,EMEA,2023-02-16,32826.23,
PO01939,pol1,v011,CAT03,APAC ,2023-07-28,94549.5,USD
PO01940,POL1 ,V175,CAT06,NA,2023-02-06,4442.56,USD
PO01941,pol1, V072, CAT08, NA,2024-02-02,5167.36, USD
PO01942,POL2,V198 ,CAT09 ,LATAM,2024-10-12,,usd
PO01943,POL1,V112 ,CAT06,EMEA,2024-01-24,75963.12,usd
PO01944,POL1,V204,CAT08 ,na,2024-02-19,63485.05,USD
PO01945,POL1,v137,CAT06,EMEA ,2024-10-28,37086.17,usd
PO01946,POL1,V002,cat02,apac,2023-12-11,49401.45,usd
PO01947,pol2,V398,CAT09,EMEA,2024-10-30,97870.26,
PO01948,POL2 ,V247,cat08,emea,2023-12-16,79413.68,USD
PO01949,POL2 ,V342,CAT04,NA,2024-05-23,8164.69,
PO01950,POL2 ,V357,CAT04 ,NA,2023-12-14,25406.77,usd
PO01951,POL3,v311, CAT02,NA,2023-04-11,7447.35, USD
PO01952,POL1,V248,CAT05,LATAM,2024-07-21,99721.32, USD
PO01953,POL2,V079,CAT03,NA,2023-09-23,70006.5,usd
PO01954,pol2,V142,CAT06,EMEA,2024-12-23,60825.93,usd
PO01955, POL3, V158,CAT03 ,apac,2023-05-16,48374.84,usd
PO01956,POL1,V174,CAT08,LATAM,2023-07-25,71548.71,usd
PO01957,POL3,V220,CAT07,LATAM,2024-06-22,88328.92,usd
PO01958,POL1,V278, CAT08, LATAM,2024-10-14,44611.63, USD
PO01959,pol3,V345,CAT06,EMEA,2023-03-29,52316.14,usd
PO01960, POL3,V400,CAT05,NA,2023-11-11,87528.84,
PO01961,POL1,v293,cat07,na,2024-09-23,83745.0,USD
PO01962,POL2 ,v228,CAT01,emea,2023-01-24,43941.98,
PO01963,POL1,V400,CAT08, APAC,2023-01-15,30250.74,USD
PO01964, POL2,V247 ,CAT03,APAC,2024-02-17,67272.84,USD
PO01965,POL3,V156 ,CAT01,NA,2024-02-19,93152.66, USD
PO01966,POL3 , V333,CAT08,EMEA,2024-02-28,35433.01,usd
PO01967,pol2, V327, CAT05, EMEA,2023-09-05,38659.19,usd
PO01968,POL3,v393,CAT05, NA,2024-12-29,84386.53,USD
PO01969,POL3,V337 ,CAT03,EMEA,2023-05-22,77492.53,USD
PO01970,POL1,V441, CAT07, EMEA,2023-05-14,8272.81, USD
PO01971,POL3,V090,cat04, NA,2024-01-11,33645.16, USD
PO01972, POL3,V002 ,cat05,EMEA,2024-07-10,27183.97,
PO01973,POL2 ,V394,CAT03,APAC,2023-04-23,93275.25,usd
PO01974,POL3,V250, CAT08, NA,2024-03-22,12431.04,USD
PO01975,pol2,V124,CAT06 ,EMEA ,2023-01-05,63316.22,usd
PO01976,POL1,V178,CAT02,LATAM,2023-05-12,92605.87,usd
PO01977, POL1,V238,CAT04,na,2023-06-03,83919.19, USD
PO01978,POL3,V340,CAT02,,2023-08-01,94064.7,USD
PO01979,POL2,V487 ,CAT04,LATAM,2024-05-03,15656.94,usd
PO01980,POL1 , V237,CAT06,EMEA,2024-12-28,43113.7,USD
PO01981, POL2,V393 , CAT05,LATAM ,2024-05-19,72188.78,USD
PO01982,pol3,V124,CAT07,EMEA,2024-08-19,25521.85,USD
PO01983, POL3,V458, CAT03,NA,2024-10-03,76064.0, USD
PO01984,pol3, V275,cat06,EMEA,2024-08-18,31509.77,
PO01985,POL1 ,v181,CAT03 ,APAC,2023-09-28,28086.91,
PO01986,POL1,v493,CAT01,LATAM ,2023-12-28,42870.93,USD
PO01987,POL3 ,V131 , CAT06,LATAM,2023-03-01,26274.31,
PO01988,POL2,V139,CAT01, APAC,2024-01-07,57395.18,usd
PO01989,POL3,V325,CAT02,LATAM,2023-09-19,63404.26, USD
PO01990,POL3,V202,CAT01 ,LATAM,2024-12-10,94061.53,usd
PO01991, POL2,V192, CAT09,NA,2024-08-26,63104.63,USD
PO01992,POL2, V341,CAT08,apac,2023-12-28,57882.96,
PO01993,POL1,V441 ,CAT03,LATAM ,2023-06-20,74067.37,
PO01994,POL3,V495,CAT09,LATAM,2024-12-23,25713.98,usd
PO01995, POL1,V010,CAT06,LATAM,2023-06-06,44484.36, USD
PO01996,POL2,V384,CAT04 ,NA,2023-05-15,13442.31,usd
PO01997,POL3,V177,CAT06,LATAM ,2023-09-17,17335.66,usd
PO01998,POL3,V155 ,CAT06,latam,2024-10-07,52970.24,USD
PO01999,POL2 ,V476,CAT09,NA,2024-08-10,48300.86,usd
PO02000,POL2, V210,CAT05, APAC,2024-07-18,67992.57,
PO02001,POL1,V404,CAT10 ,latam,2024-11-17,23512.21,
PO02002,pol3,V396,CAT09,NA,2024-02-02,57225.98,USD
PO02003,pol1, V328,,NA,2024-04-18,8421.85,usd
PO02004,POL2 , V211,cat06,EMEA ,2024-09-24,16333.57,usd
PO02005,pol1,V380,CAT04, NA,2024-10-27,83475.82, USD
PO02006, POL1,v493,CAT04,na,2023-11-15,23635.66,USD
PO02007,POL3,v001,CAT08,EMEA,2023-06-13,52680.36,
PO02008,POL3 ,V053,cat03,emea,2023-05-25,67418.07,USD
PO02009,POL2,v304,CAT01 ,EMEA,2023-01-12,15974.6,
PO02010,POL1,V325 ,cat01,EMEA,2024-01-06,66938.61,
PO02011,POL3,V374,cat06, APAC,2024-12-02,95638.09,
PO02012,POL1,V303,cat06,NA,2024-06-01,61346.18,
PO02013,POL2, V413,CAT07 ,apac,2023-12-19,86730.84, USD
PO02014,POL2,V499,CAT09,NA ,2024-08-01,19423.64, USD
PO02015,POL1,V179,CAT01 ,emea,2023-06-22,55060.23,
PO02016,POL1,V175,CAT09,APAC,2024-05-18,50039.12,
PO02017,POL1,V365 ,CAT10,LATAM,2024-04-25,62474.05,USD
PO02018,POL2,v191, CAT03,LATAM,2023-12-24,17700.95, USD
PO02019, POL3,V019,CAT05 ,EMEA,2023-05-03,2648.66,usd
PO02020,POL1 ,v098,cat04,APAC,2023-08-26,49768.57,usd
PO02021,POL2 ,v052,CAT04,APAC ,2023-01-07,80967.62,USD
PO02022,POL2,V179,CAT02,EMEA,2024-10-20,85921.85, USD
PO02023,POL3,V338,cat07,LATAM,2024-08-29,55644.03,
PO02024,POL1,V054, CAT02,APAC,2024-11-11,69591.56,usd
PO02025,POL2 ,V482,CAT07 ,APAC,2023-09-04,13750.77,usd
PO02026,POL3,V405,CAT10, NA,2024-11-21,2730.6,usd
PO02027,POL3,v018,CAT02,EMEA ,2024-05-11,73933.13,
PO02028,pol1,V359,CAT03,APAC,2023-08-24,12243.53,usd
PO02029, POL3,V161,CAT03,NA,2023-06-05,64287.83,USD
PO02030,POL1, V204, CAT03,latam,2024-08-01,28721.7,usd
PO02031,POL1,V057 ,CAT03,APAC,2024-04-28,92348.94,
PO02032,POL2, V297,CAT02,LATAM,2023-06-20,81035.17,
PO02033,POL1,V341,CAT03 ,NA,2024-08-02,24685.98,usd
PO02034,pol1,v473,CAT05 ,apac,2023-04-01,56317.38,
PO02035,POL3,V206 ,CAT10 ,latam,2024-12-30,66716.1,USD
PO02036,pol1,v102, CAT04,EMEA,2023-11-03,72617.16,
PO02037,POL1,V123,CAT03,APAC,2023-03-05,58177.29,usd
PO02038,POL3,V408, CAT01,latam,2023-07-06,36280.48,
PO02039,POL2,v305,CAT03,na,2024-11-14,28956.7,usd
PO02040,POL3, V030,CAT03,NA ,2023-06-03,15239.78,USD
PO02041,pol1,V274 , CAT03,latam,2024-03-23,48314.3,USD
PO02042, POL2, V399,CAT06,APAC,2024-06-03,41476.1,
PO02043,POL3,V119,CAT08,APAC,2023-02-02,75528.38,USD
PO02044,POL3,V055,CAT04,NA,2024-07-06,31258.09, USD
PO02045,pol3, V004,cat03,LATAM,2023-05-04,55417.79, USD
PO02046,POL3,V025,cat02,LATAM,2023-10-23,47024.82, USD
PO02047,POL3,V159,CAT07 ,APAC,2024-02-12,71989.38, USD
PO02048,POL1, V159,CAT09,NA ,2023-09-10,25276.25, USD
PO02049,POL2,V222,CAT08 ,APAC,2023-11-26,94778.74, USD
PO02050,POL1,v473,CAT01,EMEA,2023-12-04,69205.71, USD
PO02051,POL3,V365,cat10,LATAM,2023-01-18,61407.94,usd
PO02052,POL3,V212, CAT10,EMEA,2024-02-10,85236.81,usd
PO02053,POL1,V453,CAT07 ,APAC ,2024-10-27,74175.67,
PO02054,POL3,V138,CAT01, NA,2024-03-15,42838.89,
PO02055,POL1,V101,CAT08,emea,2024-03-11,18900.97, USD
PO02056,POL3,V499, CAT07,emea,2024-10-02,68405.98,
PO02057,POL3,v341,cat07,LATAM,2024-10-14,75448.64,usd
PO02058,POL3,V345,CAT04,APAC,2023-11-21,31396.78,USD
PO02059,POL3,v187,CAT06, LATAM,2023-10-18,34378.93,
PO02060,POL2,V432,cat03,LATAM,2023-02-17,97723.61,USD
PO02061,POL3,V079,CAT04,apac,2024-05-09,11854.67,usd
PO02062,POL3,V263,CAT03,latam,2024-08-25,56189.92, USD
PO02063,POL1,V176,CAT10,apac,2023-04-29,42147.63,USD
PO02064,POL1,V213,CAT08,LATAM ,2023-09-05,93945.73,
PO02065,pol1,V242 ,CAT08, NA,2024-11-03,61108.03, USD
PO02066, POL2,V363, CAT03,APAC ,2024-04-17,2238.47,
PO02067, POL3,V073,CAT09 ,EMEA ,2023-01-28,71422.11, USD
PO02068,POL1,v391, CAT07,apac,2023-12-09,69739.15,usd
PO02069,POL1,V481, CAT03,APAC,2024-04-26,68746.88, USD
PO02070,POL3, V415, CAT09,emea,2024-10-04,28052.52, USD
PO02071,POL1,V490,CAT09, EMEA,2023-04-23,69011.21, USD
PO02072,POL1,V086,CAT04 ,EMEA ,2023-05-04,75206.93,USD
PO02073,POL3 ,V337, CAT03,NA ,2023-08-25,90112.22,usd
PO02074, POL3,V082,CAT06,APAC ,2023-06-19,86974.41,usd
PO02075,POL3 ,v473,CAT07,NA,2024-03-30,89738.94,USD
PO02076,POL3 ,V405,CAT01,APAC,2024-10-28,29335.66,USD
PO02077, POL3,V413,CAT05,APAC,2024-11-23,68540.67,usd
PO02078,POL3,V171,CAT01,EMEA ,2023-06-20,51759.4,usd
PO02079, POL1,V157,CAT02 ,APAC,2023-08-28,79488.77,
PO02080,POL1,V389 ,CAT02 ,LATAM,2023-11-23,49699.92,USD
PO02081,POL1,v323, CAT03,LATAM,2024-03-10,52782.49,usd
PO02082,POL3 , V469,cat05,EMEA,2024-02-26,62336.84,USD
PO02083,POL2,V093,CAT08, EMEA,2023-06-18,51192.77,USD
PO02084,POL2 ,V163,CAT10,NA,2024-10-08,8918.61,
PO02085, POL2,V057,CAT04,EMEA ,2023-11-30,67407.44,USD
PO02086,POL2 ,V396,cat06,EMEA,2024-04-16,23235.27, USD
PO02087,POL3,V436,CAT03,LATAM ,2024-07-25,79763.82,usd
PO02088,POL1,v176,cat04,NA,2023-08-06,40096.22, USD
PO02089,POL3,V472, CAT05,LATAM ,2023-07-09,87049.08, USD
PO02090,POL3,V495 ,CAT06,LATAM,2023-03-11,60242.36,
PO02091,POL2,V074,CAT04,NA,2024-01-24,71699.01,
PO02092,pol3,V423,CAT08,LATAM ,2024-06-24,99848.81,USD
PO02093,POL1, V052,CAT06,apac,2023-10-21,69987.36,
PO02094,POL2,V228, CAT10,NA,2023-10-16,79937.86,
PO02095,POL1,V220,CAT01,LATAM,2023-12-24,74224.86,USD
PO02096,POL3,V052 ,cat05,na,2024-02-06,74914.68, USD
PO02097,POL2,V442,CAT06,APAC,2023-11-30,6460.46, USD
PO02098,POL1 , V134, CAT09,apac,2023-11-29,48345.06,
PO02099,POL2,V085,cat06, APAC,2023-06-09,95110.68, USD
PO02100,POL1, V134,CAT03,EMEA ,2023-02-23,9669.29,usd
PO02101, POL2,V102 ,cat04,latam,2023-04-11,29093.44, USD
PO02102,POL2,V500,CAT01,apac,2023-07-20,40675.16, USD
PO02103,POL1, V057,CAT02,NA,2023-07-23,73352.24,
PO02104,POL2,v278,CAT05 ,,2023-06-25,39715.42,USD
PO02105,POL2 ,V006,CAT07 ,APAC,2023-01-03,28151.67,usd
PO02106,POL3 ,v247,CAT08,APAC,2024-01-10,90901.98,
PO02107,POL3,v472,CAT06,LATAM,2024-05-16,46118.32,USD
PO02108,POL1,V024, CAT02,LATAM,2023-07-28,52666.5,usd
PO02109,POL2,v216,cat06,LATAM ,2024-04-24,26268.8,USD
PO02110,POL3,V223,CAT06,LATAM,2023-04-19,13744.14, USD
PO02111,POL3,v122,CAT07,LATAM,2024-12-16,77693.09,usd
PO02112, POL2,V074 ,CAT03,emea,2024-08-13,46348.44,USD
PO02113,POL2,V002,CAT01 ,EMEA,2023-10-14,2772.49,usd
PO02114, POL3,V248,CAT03 ,NA,2023-02-11,92093.57,usd
PO02115,POL1,V326,CAT05,NA,2023-06-27,11161.33, USD
PO02116,POL2,V256 ,CAT02,EMEA,2023-02-02,51864.78,
PO02117,POL3,V280,cat06,APAC,2024-05-18,37795.26,USD
PO02118,pol1,V203,CAT03, NA,2023-04-25,50205.84, USD
PO02119,pol3,v154,cat03,na,2023-07-02,60852.36,
PO02120,POL2,V417,CAT08,LATAM,2024-05-07,4568.98, USD
PO02121,pol2,V116,CAT09,EMEA,2024-04-27,84161.08,usd
PO02122,POL3,V083 ,CAT10,APAC,2024-05-23,49018.68, USD
PO02123,POL1,v336,CAT06 ,APAC ,2023-04-29,9480.56,USD
PO02124,pol1,v132, CAT08,LATAM ,2024-09-28,91289.16,
PO02125,POL2,V153, CAT07,APAC,2023-04-01,59857.83, USD
PO02126, POL1,V043 ,CAT05 ,emea,2023-03-01,71870.33,
PO02127,POL1,V368, CAT04,emea,2023-04-11,93413.5, USD
PO02128,POL1,V119,CAT01 ,APAC,2024-03-14,7606.32,
PO02129,POL2,V199 ,cat04, EMEA,2023-09-17,90841.82, USD
PO02130,POL2,V408, CAT02,APAC ,2024-10-28,24979.13,usd
PO02131,POL1,V495,CAT05, NA,2024-02-04,10894.62,
PO02132,POL3,V385,CAT04 ,LATAM,2023-02-13,59391.06,
PO02133,POL3,V118 ,CAT03,EMEA,2024-06-25,44764.36,USD
PO02134,POL3,V417,CAT05, EMEA,2023-05-26,98591.09,usd
PO02135,pol3,v362,CAT01 ,na,2024-11-04,22805.98,usd
PO02136,POL3 ,V350,CAT07,APAC,2024-07-04,81234.85,USD
PO02137,POL1,V036 ,CAT01, EMEA,2023-05-23,, USD
PO02138,POL3, V287,CAT06,APAC,2023-04-25,74724.4,USD
PO02139, POL3, V204,CAT03 ,EMEA ,2024-11-22,91091.89, USD
PO02140,POL3,V297,CAT03,EMEA,2024-09-18,87313.49,
PO02141, POL3,V237,cat07,EMEA,2023-06-22,30271.95,USD
PO02142, POL1, V492,cat05,NA,2024-03-31,40115.43,usd
PO02143,POL3,V035,CAT01,EMEA ,2023-05-23,80148.83, USD
PO02144, POL2, V462, CAT07,NA,2024-02-05,85592.74,usd
PO02145,POL2 , V400,CAT09,LATAM,2023-12-28,89934.72, USD
PO02146,POL3, V206,CAT04,APAC,2024-11-07,75692.3,USD
PO02147,pol1,V090,CAT01,EMEA,2024-04-16,61543.79,USD
PO02148,POL2,V377,CAT01,EMEA,2023-12-10,93931.19,USD
PO02149,pol3,v282,CAT01 , APAC,2024-01-08,36572.37, USD
PO02150,POL1,V188,CAT05,NA ,2023-06-27,43644.94,usd
PO02151,POL3,V006,CAT06, EMEA,2024-09-16,81367.89,
PO02152,POL2, V476,CAT05,NA,2023-09-13,44907.42,usd
PO02153,POL2,V396,cat02,APAC,2024-10-17,97400.79, USD
PO02154,POL3 ,V119,CAT05,EMEA,2023-07-03,25107.79,USD
PO02155,POL2 ,V153,CAT01 ,NA,2024-05-16,17138.4,
PO02156,POL3 ,V319,CAT10,LATAM,2024-03-17,6666.49, USD
PO02157,pol1, V210,CAT01,NA,2024-05-20,2027.75,
PO02158,POL1,V454,CAT04,LATAM ,2023-09-01,98645.61,
PO02159,pol1,V044 , CAT05,EMEA,2023-07-31,71109.29,
PO02160,POL1,V471,CAT01,APAC,2024-10-07,28302.17,
PO02161,pol2,V112,cat04,apac,2023-02-10,93284.46, USD
PO02162,pol2, V177,CAT05 ,apac,2023-06-17,46957.19,USD
PO02163,POL1 ,V377,CAT02,EMEA,2023-06-29,76275.27,usd
PO02164,POL1,V465,,EMEA,2024-08-04,23398.26,USD
PO02165,POL2 , V078, CAT05, APAC,2023-07-14,19705.65,USD
PO02166,POL3 ,V097 ,CAT02 ,apac,2023-01-01,22968.37,usd
PO02167, POL3,V189, CAT06,apac,2024-07-18,55608.4,
PO02168,pol2,V299,CAT02,EMEA,2023-10-24,40422.87,
PO02169,POL2, V297,CAT09 ,apac,2024-07-07,20093.71,USD
PO02170,pol1,V174,CAT01,NA,2023-12-14,2441.49,USD
PO02171,POL3,v309,CAT07, APAC,2023-04-03,16500.29,usd
PO02172,pol2,V476,CAT06 ,APAC,2024-11-30,51362.1, USD
PO02173,POL3 , V249, CAT02,APAC ,2023-04-02,49193.62, USD
PO02174,POL2,V017,CAT06 ,apac,2023-03-24,27670.42,USD
PO02175,POL2,V232,CAT07 , NA,2024-02-17,2111.09,usd
PO02176,POL1 ,V156 , CAT02,NA,2023-01-30,57125.78,usd
PO02177,POL3,v466,CAT08,apac,2024-06-12,, USD
PO02178,POL1,v003,CAT03,LATAM,2024-06-15,88377.89,USD
PO02179,POL2, V130,CAT04,latam,2024-01-21,73925.27, USD
PO02180,pol3,V390,CAT02,LATAM,2024-10-23,, USD
PO02181,POL2, V303,CAT02, NA,2023-05-13,87863.8,USD
PO02182, POL2,V230 ,CAT07,APAC,2023-04-29,23135.05,usd
PO02183, POL3,v060,CAT08 ,LATAM,2024-03-20,60369.67,USD
PO02184,POL2,v392,CAT04,LATAM,2023-10-25,55480.47,USD
PO02185, POL2,v238,CAT04, NA,2024-09-16,24141.54, USD
PO02186, POL3,v440,CAT07,APAC,2023-10-11,64685.35, USD
PO02187,POL2,V144 ,CAT07, EMEA,2023-06-30,47894.82,usd
PO02188,POL1,V483,CAT05,APAC ,2023-01-20,47289.92, USD
PO02189,POL3,V366,CAT08 , NA,2023-05-26,95856.83,usd
PO02190, POL3,V367,CAT06,NA,2024-03-31,79041.21,USD
PO02191,pol1,V343,cat01,LATAM,2024-06-19,9622.01,USD
PO02192, POL1,v041,CAT02,LATAM,2023-03-14,87984.99,
PO02193,POL1, V390,CAT08,APAC ,2024-06-06,40442.05,USD
PO02194,POL1,V116,CAT01 ,LATAM,2024-12-07,52195.75,USD
PO02195,POL2 ,V406,CAT06,APAC,2023-08-15,59178.01, USD
PO02196, POL3,V370 ,CAT03,EMEA,2023-07-11,9191.7,USD
PO02197,pol1,v468,CAT09,LATAM,2023-11-29,26720.03,usd
PO02198,POL1,V459,cat01,LATAM ,2023-06-29,86716.48,
PO02199,POL1 ,V175,CAT10,LATAM,2023-11-16,51761.42,USD
PO02200,POL2 ,V155,cat04,NA ,2023-11-08,17258.39,
PO02201,POL3 ,V440 ,CAT01,LATAM,2024-07-03,76570.63,usd
PO02202,POL1,v359,CAT10,EMEA,2023-12-22,9992.15,USD
PO02203,POL1 ,V372,CAT10,EMEA,2023-07-28,64553.82,USD
PO02204,POL1 ,V060 ,CAT10,na,2023-04-15,15946.75,USD
PO02205, POL3,V199 ,CAT05,LATAM,2024-05-26,38482.72,
PO02206,POL2 ,v433,CAT10, EMEA,2023-07-03,35669.84,usd
PO02207,POL2,V027,CAT02,LATAM,2024-03-13,99111.18,USD
PO02208,POL3,V435 ,CAT10, APAC,2024-07-20,66189.42,usd
PO02209,POL1,V419 ,CAT02, NA,2023-05-16,18306.05,usd
PO02210,POL2,V412,CAT03,APAC,2023-03-25,89689.29,
PO02211, POL3,V061,cat03,NA,2023-12-25,58450.76,usd
PO02212,POL3,V248,CAT05 ,APAC,2024-10-22,43665.33,USD
PO02213,POL2,v243,CAT10 ,APAC,2024-12-08,96308.09,
PO02214,POL1,V186,CAT10 ,EMEA,2024-12-13,74586.36,usd
PO02215,POL1,v180,CAT05 ,na,2023-12-07,42100.67, USD
PO02216,pol1,V077, CAT06,APAC,2024-02-23,32049.46, USD
PO02217,POL1,v234,CAT07,APAC ,2024-05-14,86338.34,usd
PO02218,POL3,V350 ,CAT03,APAC,2024-11-01,33782.29,
PO02219, POL2,V260,CAT07,APAC,2023-03-31,75109.86,usd
PO02220,POL3,V013,CAT07 ,APAC,2024-08-16,50870.36,USD
PO02221,POL1,V006 ,CAT09,NA,2023-05-17,41339.55,usd
PO02222,POL3,V490,CAT01,EMEA,2023-01-11,18889.63, USD
PO02223,POL3 ,v440,CAT03,na,2023-03-19,21055.05,USD
PO02224,POL2,v006,cat03,EMEA ,2023-07-05,74243.59,USD
PO02225,pol2,V371, CAT03,NA,2023-09-24,24714.42,USD
PO02226,POL3,V094,cat01,NA,2024-05-27,49197.98,usd
PO02227,POL1 ,V368,CAT08,apac,2023-11-11,47477.75,
PO02228,POL3 ,v112,cat04,EMEA,2023-11-10,9192.89,
PO02229,POL1,V401,CAT08,,2023-04-27,16179.61, USD
PO02230,POL3,v320,CAT08, LATAM,2024-03-29,1509.12,USD
PO02231,POL2,v453,CAT03,LATAM,2023-03-07,1272.46,
PO02232, POL3,v225, CAT09,NA,2024-10-29,81701.82,usd
PO02233,pol2, V021,CAT06,APAC ,2023-12-27,78027.2,USD
PO02234,pol3,V292,CAT04,APAC,2023-10-21,18417.12, USD
PO02235, POL3, V209,cat02,APAC,2023-11-06,72016.82,USD
PO02236, POL1, V255,CAT10,LATAM,2023-07-12,77473.71, USD
PO02237,POL3,V451,CAT03,emea,2024-08-23,54830.45, USD
PO02238,POL3,V473,CAT07,EMEA ,2024-01-22,37466.99,usd
PO02239,POL3 ,v403,CAT07,NA,2023-03-09,14458.91,usd
PO02240,POL1 ,V389 , CAT02,na,2024-07-01,64743.09,USD
PO02241, POL3,V064,CAT10 ,NA,2024-08-29,77232.05, USD
PO02242,POL1 ,V215,cat02, APAC,2023-01-28,28478.41, USD
PO02243,POL1 ,V407,CAT07,LATAM,2024-05-15,64547.68,USD
PO02244,POL1, V496,cat09, LATAM,2024-12-19,48237.28, USD
PO02245, POL1, V148,CAT10,LATAM,2024-07-12,72133.95, USD
PO02246,POL1,V099,CAT02,NA,2023-07-14,48151.92,
PO02247,POL3, V124,CAT09,EMEA ,2023-03-10,20356.53,USD
PO02248,POL2, V111,CAT04,EMEA,2023-11-18,78304.95,usd
PO02249, POL3,V130,CAT10,LATAM,2023-06-08,73274.28,USD
PO02250,POL2 ,V404,cat08,LATAM ,2023-09-02,45889.29,USD
PO02251,POL2,,CAT04,LATAM,2023-09-17,40880.11,USD
PO02252, POL1,V488,CAT09,na,2024-07-31,,USD
PO02253, POL3, V499,CAT04,LATAM,2024-09-01,15895.61,usd
PO02254,POL2,v349,CAT10 ,NA,2023-07-20,53220.45,USD
PO02255,POL3, V314,CAT01, EMEA,2024-12-02,58642.19,
PO02256,POL3,V098,cat07,NA,2024-10-23,42390.11,USD
PO02257,POL3,V451,CAT07, EMEA,2024-10-27,10339.98,usd
PO02258,POL2,V072,CAT06,EMEA,2024-05-16,87984.67,
PO02259,POL3, V070,CAT01 ,EMEA,2023-05-23,77132.62,usd
PO02260,POL2 ,V247,CAT01,APAC,2024-02-27,38773.72,
PO02261,POL1,V017,cat09,na,2024-08-26,60872.49,USD
PO02262, POL2,V482,CAT10,APAC ,2024-09-06,77398.67,usd
PO02263,POL3 ,V454 ,CAT10, APAC,2024-01-13,45532.04,
PO02264,POL1,V148,CAT01 ,EMEA,2023-04-12,56212.84,USD
PO02265, POL2,V485,CAT07 ,NA,2024-08-14,86360.0,
PO02266,pol1,V060,CAT02,APAC,2024-11-03,23469.91,usd
PO02267,POL3 ,V386,CAT05,na,2023-05-05,11835.71,usd
PO02268, POL1, V402,cat03,LATAM ,2023-07-18,85522.5,usd
PO02269, POL2,V186 ,CAT02 ,APAC,2023-07-11,96225.32, USD
PO02270,pol1,V464,CAT01,EMEA,2023-01-15,99032.22,usd
PO02271,POL1,v004,CAT10,NA,2023-12-08,54000.69,
PO02272,POL2,V211 ,CAT08,apac,2024-06-19,41831.89,
PO02273,POL1,V497 ,CAT02,,2023-11-28,31224.44,usd
PO02274,pol1,V410,CAT02 ,EMEA,2023-08-07,72667.47,usd
PO02275,,v441, CAT10,apac,2024-05-18,10532.06,
PO02276,POL1,v282,CAT07 ,EMEA,2023-09-26,81927.22, USD
PO02277,POL1,V279, CAT10,LATAM,2024-06-27,41549.16,USD
PO02278,POL1,V093,CAT02 , LATAM,2024-01-08,71727.41,USD
PO02279,POL3, V303,CAT10,latam,2024-06-11,41514.32,usd
PO02280,POL1,V063,CAT02,LATAM,2023-02-20,11727.31,USD
PO02281,POL2,V470,CAT08 ,LATAM,2023-09-26,27803.89, USD
PO02282,POL1,V319 ,CAT06, LATAM,2024-06-20,51365.41,usd
PO02283,POL3,v287,CAT01,APAC,2023-07-03,27166.49, USD
PO02284,pol1,V473,CAT08,EMEA,2024-10-05,, USD
PO02285,POL1, V398,CAT04,APAC,2024-04-17,56963.53, USD
PO02286,POL3,V277,CAT06 ,LATAM,2024-02-11,43142.46,
PO02287,POL1, V269,CAT03,na,2024-10-16,, USD
PO02288,POL1,v471,CAT06,na,2023-10-21,50941.29,
PO02289,pol3,V104,cat04,EMEA,2023-05-31,51318.84,USD
PO02290, POL1, V040,CAT01, LATAM,2023-07-20,20337.88,
PO02291,pol1,V413 ,cat01,NA,2024-11-03,31068.72,usd
PO02292,POL1 ,V409,cat05,LATAM,2023-07-15,78851.36,
PO02293,POL1,V419,cat06,APAC ,2024-02-22,9619.18,USD
PO02294,POL2,V296 ,CAT06, NA,2024-08-15,63126.36,usd
PO02295,POL1, V059,CAT06 ,na,2023-07-30,89600.89,
PO02296,POL1 ,V100,CAT04,NA,2024-07-30,82208.34,usd
PO02297,POL2 ,v286,CAT08, NA,2023-01-05,51124.51, USD
PO02298,POL1,V003,CAT03,APAC,2024-09-07,49328.2,USD
PO02299, POL1,V360,cat02,APAC ,2023-04-26,82200.67,
PO02300,POL2,V250,,latam,2023-11-03,97157.14, USD
PO02301, POL1,V041,CAT01, EMEA,2024-04-21,2325.6,
PO02302,POL3,V076,CAT02,EMEA,2023-07-03,48228.02,usd
PO02303,POL2,V361, CAT01,NA,2023-01-25,93509.04,usd
PO02304,POL2,v043,CAT01,NA,2023-01-11,88444.89, USD
PO02305,POL2,V185 ,CAT04,LATAM,2024-07-27,,
PO02306,POL3,V035,CAT07,LATAM,2023-02-14,94133.36,
PO02307, POL1,V256,cat10,APAC,2024-09-26,59009.32,usd
PO02308, POL3,V443,CAT06,LATAM,2023-03-22,51558.69, USD
PO02309,POL2,v445,CAT09 ,latam,2023-05-21,1196.19,usd
PO02310,POL2,v213,cat02,APAC ,2024-01-09,3706.1,USD
PO02311,POL3,V164,cat02,APAC,2024-04-11,59837.16, USD
PO02312,POL2 , V400,CAT07 ,EMEA,2023-08-22,52902.5,usd
PO02313,pol1,V208, CAT10,APAC,2024-05-23,41028.52,
PO02314,pol2, V230,CAT10,EMEA,2024-10-12,72449.16,
PO02315,pol2,V423,cat07,APAC,2024-07-01,48057.05,
PO02316,POL3 ,v370, CAT03,emea,2023-06-23,20961.38, USD
PO02317,POL1,V274 ,cat08,APAC,2023-05-03,68415.27,
PO02318,POL1,V150,CAT03,EMEA ,2023-02-16,87500.75,USD
PO02319,pol2,V097,CAT06,APAC,2023-12-04,46823.85,USD
PO02320, POL3,v496,cat01,LATAM,2024-02-20,98519.73,USD
PO02321,POL2,V073, CAT01, EMEA,2024-04-15,91242.54, USD
PO02322,POL2,V285,CAT09,LATAM,2024-12-11,56055.65,
PO02323, POL3,v363,CAT07 ,APAC,2023-08-26,47435.92,
PO02324,POL3 ,V026,CAT10,LATAM,2023-08-05,5763.75,usd
PO02325,POL1,V133,cat09,APAC,2024-06-09,29862.6,USD
PO02326,pol1,v079,cat09,apac,2023-02-03,77230.79, USD
PO02327,POL1,V249,CAT05,emea,2024-03-05,,usd
PO02328,POL2,V340,CAT10,APAC,2024-01-29,94119.14, USD
PO02329, POL1,V361,cat04,LATAM,2023-12-06,32353.55,usd
PO02330,pol3,V236 ,CAT05,latam,2023-05-09,38416.46,USD
PO02331, POL1,V023, CAT02,latam,2024-01-02,39221.86, USD
PO02332,POL1,V222,CAT04,emea,2024-02-26,6076.44, USD
PO02333,pol3, V500,CAT08,APAC,2024-04-27,,USD
PO02334,pol3,V015 , CAT05, LATAM,2023-01-19,15631.35,
PO02335,POL2,V038,CAT04,LATAM ,2023-12-18,56452.55,usd
PO02336,pol3, V062,cat08,latam,2024-01-17,22084.53,usd
PO02337,POL3,V282 ,CAT01,EMEA,2023-07-27,22536.11, USD
PO02338,POL1,V065,cat01,EMEA,2023-10-29,, USD
PO02339,POL1,v077,CAT06,EMEA ,2023-07-18,79630.47,usd
PO02340, POL2,V431 ,cat08,APAC,2023-11-18,51406.06,
PO02341,POL2, V295,CAT07,LATAM,2023-09-07,68577.93, USD
PO02342,POL3 ,V387 ,CAT09,latam,2024-01-07,64496.02,
PO02343,POL2 ,V259,CAT05,emea,2024-02-13,63902.98, USD
PO02344,POL2,V176,CAT01 ,LATAM ,2023-12-14,15722.72,USD
PO02345, POL1,V466 ,cat10,EMEA ,2023-03-03,11367.89,USD
PO02346,POL1,v416,CAT09 ,EMEA,2023-05-23,40759.31,
PO02347,POL3,V432,CAT03 ,LATAM,2024-03-10,38006.83, USD
PO02348,,V331 ,CAT07,LATAM ,2024-05-10,54590.3,
PO02349,pol2,V308,CAT02,APAC,2023-03-25,21561.42,usd
PO02350,POL3 ,V463 ,CAT03,NA,2023-11-22,48187.99,
PO02351,POL3,V426 ,CAT07,apac,2023-09-06,70925.13,usd
PO02352, POL1,V357,CAT01,apac,2023-10-09,67532.14,usd
PO02353,POL2, V494,CAT07,latam,2023-11-18,24449.98,
PO02354, POL2,v154,cat07,APAC ,2023-12-10,40444.83, USD
PO02355,POL3,v424,CAT06,LATAM,2024-05-07,87902.81,usd
PO02356, POL1,V082 , CAT08,NA,2023-10-05,91105.09,USD
PO02357,POL3,V308,CAT05 ,emea,2023-01-08,55645.33,usd
PO02358,pol1, V122, CAT07, APAC,2023-10-29,89365.38,usd
PO02359,POL2,V154,CAT10, NA,2023-09-18,99547.38,USD
PO02360, POL2,v469,CAT06,EMEA,2024-08-14,26266.53,usd
PO02361,POL1,V121,CAT01 ,APAC,2024-09-25,78860.33,
PO02362,POL2,v223,CAT05,emea,2023-06-13,20545.64,USD
PO02363,POL1,V246,CAT04,NA ,2024-05-07,21996.88, USD
PO02364,POL2 ,V133, CAT07,APAC,2023-03-27,67904.75,
PO02365,POL1,V157 ,cat05,emea,2023-03-10,89377.08,
PO02366,POL1,v441,CAT10,APAC,2023-02-15,37524.53,usd
PO02367, POL2,V266,CAT02 ,APAC,2024-11-06,46024.48,
PO02368, POL3,V499 ,CAT10,EMEA ,2024-06-08,57883.55,USD
PO02369,POL2,v244,cat03,LATAM ,2023-07-20,66851.36,usd
PO02370,,V386 , CAT06,EMEA,2024-05-08,14688.75,usd
PO02371,POL2 ,V115, CAT09,emea,2024-08-02,27771.69,
PO02372,POL1,V347, CAT02,LATAM,2023-03-05,98123.21,usd
PO02373,pol2,V081,cat01,EMEA,2024-06-26,12888.72, USD
PO02374,POL3, V025,CAT10, NA,2024-04-08,91051.87,usd
PO02375, POL2,V139,CAT10 ,LATAM,2024-08-11,, USD
PO02376,POL3 , V010,CAT09,LATAM,2024-11-30,88247.87,usd
PO02377,POL2,V151,CAT07, APAC,2024-07-26,56318.28,usd
PO02378,POL1,V215,CAT06, EMEA,2023-02-08,50748.19,usd
PO02379,,V016, CAT04,LATAM,2023-09-27,82859.95,USD
PO02380,POL2,V147,CAT05,NA,2023-03-09,16407.43, USD
PO02381, POL1,v215, CAT03,LATAM,2024-11-09,53066.2,
PO02382,POL3, V117,CAT10,LATAM,2024-06-15,53766.36,
PO02383, POL1,v148,CAT05,LATAM ,2024-02-24,98304.95,usd
PO02384,POL1,V196, CAT02,LATAM,2024-01-09,65072.47, USD
PO02385, POL1,V427 ,CAT08,NA,2024-03-14,57204.62, USD
PO02386,POL3,V134,CAT05,NA,2024-04-14,53865.18, USD
PO02387,POL3,V114,CAT05 ,EMEA,2023-07-25,7544.74,
PO02388, POL2,V119,CAT01 ,LATAM,2024-07-15,4564.78,usd
PO02389,POL2,V044 , CAT04,APAC,2024-01-08,67468.07,usd
PO02390,POL2,V473,CAT01,LATAM ,2024-03-16,90863.4,
PO02391, POL3,V468 ,CAT06,NA,2023-11-04,99545.2,USD
PO02392, POL3,V076,cat01,NA,2024-11-12,50046.98,
PO02393,pol3,V484,CAT08 ,APAC ,2024-06-16,20931.33,
PO02394, POL1, V236,,APAC,2024-07-14,91111.35,
PO02395,POL2,V203,CAT06,APAC,2023-02-27,10840.73,
PO02396,pol1,V133,CAT06,NA,2023-01-25,59721.45,usd
PO02397,POL2 ,V169,CAT07, NA,2023-05-01,59389.46,
PO02398,POL1,V007,cat04,LATAM,2024-11-14,76556.65,usd
PO02399,POL2, V034,cat04, EMEA,2023-05-24,18802.22, USD
PO02400,pol1, V471,CAT02 ,LATAM ,2023-11-29,20635.94, USD
PO02401,POL2 ,V112,CAT08 , NA,2023-09-05,93861.46,
PO02402, POL2,V271 ,CAT02, LATAM,2024-09-18,54716.6,USD
PO02403,pol1, V230,CAT04 ,latam,2023-02-05,49811.57,USD
PO02404,POL1 ,V081,CAT07,EMEA,2023-12-17,49030.74,
PO02405,POL2,V125,CAT05,LATAM,2023-08-12,74271.48,
PO02406,POL3 ,V332,CAT03 ,EMEA,2023-07-11,10501.02, USD
PO02407,POL3 ,V214,CAT04,NA ,2023-04-23,83939.97, USD
PO02408,pol2,V247,CAT06,NA,2023-12-31,41328.48,
PO02409,POL3,V479 ,CAT03, APAC,2024-12-30,11316.86,usd
PO02410,POL1,V128,cat06,APAC,2024-09-03,24408.99,usd
PO02411, POL1,v405,cat04,APAC ,2024-01-28,60283.01,USD
PO02412,POL3,V394,cat02,LATAM,2023-07-20,21663.72,
PO02413,POL1 ,V155,CAT01,APAC ,2024-03-01,95028.54,USD
PO02414,pol2,V121,CAT05,apac,2023-01-30,72958.92, USD
PO02415,POL1, V022,CAT07,LATAM,2023-10-27,8013.62,
PO02416,POL2 ,V310,CAT01,EMEA,2023-01-01,44857.65,
PO02417,POL2,V020,cat10,LATAM,2024-12-10,17370.54, USD
PO02418, POL2,V029,CAT09,APAC,2024-12-31,68704.92,USD
PO02419,pol3,V233,CAT06,NA,2023-05-13,60265.54,USD
PO02420,POL2 ,V431 ,cat07,latam,2023-10-20,51053.01, USD
PO02421,POL1,v075,CAT09,na,2023-12-23,68880.46,USD
PO02422,POL2,V128,cat09,EMEA,2024-12-28,84150.44, USD
PO02423,pol2,V167,CAT07,EMEA,2023-03-29,87025.75,usd
PO02424,pol1,V481 ,cat03,APAC ,2024-05-08,48644.76,USD
PO02425,POL1 ,V091,CAT02,EMEA,2023-03-28,17870.2, USD
PO02426,POL3,V206,CAT04,APAC,2024-08-29,6554.42,
PO02427,POL2,V074,CAT01,EMEA ,2023-11-01,54761.0,usd
PO02428,pol2,v032,CAT03 ,NA,2024-08-06,52473.28,USD
PO02429,POL1,V487, CAT07,LATAM,2023-10-09,57594.49, USD
PO02430,POL1, V138,CAT10, EMEA,2023-11-22,58352.37,USD
PO02431,POL2, V319,cat07,LATAM ,2023-05-15,66924.14,
PO02432,POL1,V351,CAT03,LATAM,2024-05-29,21319.22, USD
PO02433,POL2 ,V010,CAT05, EMEA,2023-08-30,65749.01,
PO02434,pol3,V109,,NA ,2023-03-21,81629.17, USD
PO02435,POL3 ,V303,CAT05,APAC,2023-12-04,56470.51,USD
PO02436,POL1,V353,cat10,APAC,2023-08-23,7655.36,USD
PO02437,POL2, V241,CAT06 ,APAC,2023-09-03,22489.7,
PO02438,POL2 , V172,CAT04 ,LATAM,2024-05-29,1262.48,usd
PO02439,POL2,V424,CAT03,latam,2024-08-31,75040.27,
PO02440,POL3, V051,CAT10,EMEA,2024-02-26,41939.48,USD
PO02441,POL2, V011,CAT06 ,APAC,2023-01-12,56210.16,
PO02442,POL3,V142,CAT08 ,emea,2023-04-18,79421.69,
PO02443,POL3, V460,CAT09,latam,2024-11-16,28290.07,
PO02444,POL1, V026,CAT04, NA,2023-02-03,82172.71,usd
PO02445,POL3 ,V217,CAT01,emea,2024-01-19,39007.54,
PO02446,POL3,V092,CAT08,LATAM,2023-06-27,39043.57,USD
PO02447,POL3,V244,cat10,na,2024-07-16,32724.5,
PO02448,pol2,V325 , CAT01,APAC,2023-05-09,25282.17,usd
PO02449,POL1 ,v098,CAT09, NA,2023-07-11,53080.08,usd
PO02450,POL1, V081,CAT03,APAC,2024-03-26,,
PO02451,POL2,V178,CAT08 ,apac,2024-11-12,19661.49,USD
PO02452,POL1, V205,CAT09,EMEA,2023-11-27,34747.56, USD
PO02453,POL1,V421, CAT05,EMEA,2023-07-25,49758.23, USD
PO02454, POL3,V420,CAT10,NA,2023-10-10,27194.11,usd
PO02455,pol3,V046 , CAT08,NA,2024-08-02,98554.37,USD
PO02456, POL3,v167,CAT09 ,EMEA,2024-12-08,69608.89,
PO02457,POL3 ,V028 ,CAT03,APAC,2023-11-29,10483.81,usd
PO02458,POL1,V325,CAT03,APAC,2024-06-14,32792.21,usd
PO02459,POL3 ,V140,CAT05,NA ,2024-11-16,79963.24, USD
PO02460,POL2 ,V419 ,cat01,EMEA,2024-05-09,95582.41,USD
PO02461,POL3,V485 ,CAT09,NA,2023-12-31,30141.24, USD
PO02462,pol3,V037,CAT10,LATAM,2024-03-01,27071.74, USD
PO02463,POL2 ,V081 ,CAT10,EMEA,2024-04-22,67826.87, USD
PO02464,POL3,V439 ,CAT08,LATAM ,2023-11-13,87846.69,
PO02465, POL2,V120, CAT05,LATAM,2024-11-09,41170.78,USD
PO02466, POL2,V019,cat08,APAC,2023-11-12,23837.67,
PO02467,POL3,V265,CAT08 ,APAC,2024-10-15,77955.83,USD
PO02468,POL2,V433, CAT08,NA,2023-08-11,79841.97,
PO02469,pol3,V499,CAT08,APAC,2024-02-17,32110.91,
PO02470,POL3, V179,cat02,APAC,2023-08-02,, USD
PO02471,POL1,V374,cat02, APAC,2023-06-10,76087.19,USD
PO02472,POL1,V493,cat03,LATAM,2023-07-04,97342.53,usd
PO02473,POL3,V499,cat04,NA,2023-11-26,66557.85,
PO02474,POL2,V448 ,CAT02,na,2024-12-23,28066.19,USD
PO02475,pol3,V355,CAT08 ,LATAM,2023-01-23,64223.07, USD
PO02476,POL3,V161, CAT01,NA,2023-08-18,16119.4, USD
PO02477,pol3,v458,CAT02, NA,2023-05-28,43594.98,
PO02478,pol1,V409,cat02,LATAM,2024-12-08,15518.52,USD
PO02479, POL3,V324 ,CAT02 ,LATAM,2023-10-24,43244.9,
PO02480,POL2 ,V210,CAT07,APAC,2024-02-11,86476.36,USD
PO02481,POL2,V402,CAT09,APAC ,2024-04-08,3797.55, USD
PO02482,POL3,V211,cat07,NA,2024-05-04,54538.63, USD
PO02483,POL2 ,V039,CAT03,NA,2024-06-08,, USD
PO02484,POL1 ,V275,CAT09 ,NA,2024-12-29,59393.64,usd
PO02485,POL3, V222,CAT08,LATAM,2023-05-08,36261.66,USD
PO02486,POL2,V005,cat03,EMEA,2024-05-26,25296.95,usd
PO02487,POL2,V235,CAT07, APAC,2024-10-06,11723.79, USD
PO02488,POL1, V161,CAT07,EMEA ,2024-11-03,75654.91, USD
PO02489,POL3,V029,CAT08,latam,2023-08-19,82791.71,
PO02490,POL2,V338,CAT08 , LATAM,2024-12-24,96350.32, USD
PO02491,pol2,v184,CAT09 ,NA,2023-05-09,7298.89,usd
PO02492,pol1,V305,CAT08 ,NA,2023-05-09,68351.56, USD
PO02493,POL1, V157,CAT08,LATAM,2024-02-12,26871.8,usd
PO02494,POL2,V355,CAT03 ,EMEA ,2024-01-12,9335.26, USD
PO02495, POL2,V468,CAT03,LATAM,2024-05-03,21710.14,
PO02496,POL2,V382, CAT01,NA,2023-03-25,80172.52,USD
PO02497,POL1,V056 , CAT05, NA,2023-03-23,96010.53,usd
PO02498,POL3,V392,CAT08 ,EMEA,2023-10-30,31364.98, USD
PO02499,POL1,V050,CAT05 ,apac,2023-03-22,33271.95, USD
PO02500,POL2,v111,CAT08,APAC,2024-06-11,88573.15, USD
PO02501, POL2,V426,CAT02 ,LATAM,2024-05-10,56287.19,usd
PO02502,POL2,V286, CAT06,EMEA ,2023-08-02,9049.63,usd
PO02503,POL1,,CAT03,latam,2023-10-30,95094.55,USD
PO02504,POL3,V499,CAT02 ,APAC,2024-12-05,39884.79, USD
PO02505,POL3, V059,CAT02,APAC,2024-05-21,94290.54,
PO02506,POL3,v285,cat10,EMEA,2024-04-11,45068.59,usd
PO02507,pol3,V496,cat01, EMEA,2024-04-22,96392.0,usd
PO02508,POL3 ,V275,CAT07,APAC,2024-06-11,88035.74,
PO02509, POL1,V271 ,CAT04,LATAM,2023-11-11,74086.01,USD
PO02510,POL2,V478,CAT04,LATAM,2023-06-05,72134.91,USD
PO02511,POL1,V024,CAT07 ,NA,2024-01-25,91745.26,
PO02512,POL2,v019, CAT06,NA ,2023-11-19,25179.95,usd
PO02513, POL1,V172,CAT04 ,LATAM,2024-08-17,52643.62, USD
PO02514,POL3, V286,CAT03,EMEA ,2024-04-17,14573.88,usd
PO02515,POL1,V195, CAT04,latam,2024-09-08,44013.65,USD
PO02516,POL1 , V018,CAT04,APAC,2024-06-15,95897.49,usd
PO02517,POL2,V366,CAT03,NA,2023-11-13,53510.17, USD
PO02518,POL1 ,V001,CAT01 ,NA,2023-08-21,99551.94,USD
PO02519,pol1,V058,cat05,APAC,2024-01-24,1197.16,usd
PO02520,pol1,V149,CAT06,APAC,2023-06-30,41471.18,usd
PO02521,POL3,V099 ,CAT02,APAC,2023-02-05,65279.55,usd
PO02522,POL2 ,v216,CAT10,emea,2023-03-12,73263.36,usd
PO02523,POL3,V265, CAT08, LATAM,2024-05-04,72509.31,usd
PO02524,POL1,V365,cat02,NA,2023-04-11,50666.25, USD
PO02525,POL1,v114,CAT01,EMEA,2024-11-20,5473.81,USD
PO02526,POL3,V310, CAT03,emea,2023-04-26,81688.94,
PO02527,pol2,V390,CAT03 ,APAC,2023-03-18,70795.12,
PO02528,POL3,V292,CAT04 ,emea,2023-09-20,68090.98,USD
PO02529,POL1 ,V131 ,CAT07,LATAM,2023-07-10,26649.62,USD
PO02530,POL1,v312,CAT04,LATAM,2023-09-11,95150.51,
PO02531,POL3,V237 ,CAT08,latam,2023-02-28,54469.38, USD
PO02532,POL1 ,V199,cat04,NA,2024-07-26,70895.62,
PO02533,POL1,v019,CAT04,APAC,2023-03-13,24330.6, USD
PO02534,POL2,v270,CAT05 ,APAC,2024-07-24,85567.69, USD
PO02535, POL3,V231,CAT05,EMEA,2023-08-23,95214.49,usd
PO02536, POL2,v288,cat02, LATAM,2024-10-25,37876.93,usd
PO02537,POL1,v458,CAT04,NA,2024-04-06,,USD
PO02538,POL3,V156,CAT07,NA ,2023-05-29,56481.77,
PO02539,pol2,V180,CAT04, LATAM,2024-01-25,81752.89,USD
PO02540, POL1, V188,CAT01,NA ,2023-03-03,35463.14,USD
PO02541,POL3,V156,CAT01,APAC,2024-11-02,94511.23,USD
PO02542,POL2,V046,CAT10,APAC,2023-08-28,17096.99, USD
PO02543,POL3,V336,CAT10,NA,2023-11-07,24301.09,
PO02544, POL2,V478,CAT02,APAC,2024-02-14,5963.9, USD
PO02545,pol3,V017,CAT03 ,EMEA,2023-07-21,,
PO02546,POL2 ,v428,CAT04,NA ,2023-05-07,35163.51,usd
PO02547,POL2, V170,CAT06,EMEA ,2024-04-08,99100.89, USD
PO02548,POL2,V123, CAT08,latam,2024-06-11,77377.87,
PO02549,POL2, V245,CAT01,EMEA,2024-09-20,32683.72,
PO02550,POL1,V010, CAT04,NA,2023-01-03,19048.47,
PO02551,pol3,V194,CAT02,EMEA,2023-07-05,58143.49, USD
PO02552,POL2,V247,CAT04,EMEA,2023-09-11,38718.42, USD
PO02553,POL3,V083, CAT10,EMEA,2024-02-18,69360.78,USD
PO02554,POL1 ,v191,CAT10,APAC,2024-05-17,64587.65,
PO02555,POL2 ,V345,CAT01,na,2023-09-06,14256.78,USD
PO02556,POL1,V053,CAT06 ,NA,2024-10-09,38227.09,USD
PO02557,POL2,V030 ,CAT08,LATAM,2024-08-28,63463.22,USD
PO02558,POL2 ,V490 ,CAT07,LATAM ,2024-03-10,17663.44,usd
PO02559,POL3 ,V165,cat01,EMEA,2023-08-16,87756.12, USD
PO02560,POL1,V176, CAT09,APAC,2024-03-21,23653.32, USD
PO02561,POL2,V260,CAT01,LATAM ,2024-08-16,48434.15,USD
PO02562,POL1,V019,CAT01 , APAC,2024-08-16,14077.82, USD
PO02563,POL1, V471,CAT05,LATAM,2024-03-13,18998.93,usd
PO02564,POL3,v291,CAT01,EMEA ,2024-09-14,94306.14,usd
PO02565,POL3,V324,CAT04,LATAM,2023-05-06,,usd
PO02566,pol2,V262 , CAT05, EMEA,2024-03-27,49822.84, USD
PO02567, POL2, V194,CAT07 ,APAC,2024-07-18,96280.54, USD
PO02568,pol1,V007, CAT08, EMEA,2024-04-05,95581.94,
PO02569,POL2 ,V396,CAT02,NA,2023-02-07,16516.14,usd
PO02570,pol2,V113,CAT02 ,APAC,2023-01-18,3597.39,
PO02571,POL1,V015,CAT05, NA,2023-04-15,46984.1, USD
PO02572,POL2, V150,CAT10, LATAM,2024-04-13,23706.82, USD
PO02573,, V315,CAT08,APAC,2023-09-30,57494.64, USD
PO02574,pol3,V010,CAT10,NA,2023-12-07,33295.21,
PO02575,pol2,V143,CAT01, APAC,2023-07-27,22752.34,
PO02576,POL1,v290,CAT04,APAC,2024-07-04,12439.25,USD
PO02577,POL1,v161,CAT08 ,EMEA,2024-06-27,63606.99,
PO02578,POL1,V387,CAT10,EMEA,2023-09-07,9456.39,USD
PO02579,POL2 , V318,CAT06 , LATAM,2023-05-16,71069.91,USD
PO02580,pol2,V184,CAT09, NA,2023-06-05,32935.6,
PO02581,POL1 , V409,CAT07, APAC,2023-04-06,65613.77,USD
PO02582,pol2,V173,CAT01,LATAM,2024-09-28,49502.44,
PO02583,pol2,V168,CAT07,LATAM,2024-04-30,44225.53,USD
PO02584,POL2, V003,CAT02 , NA,2023-11-13,75614.71, USD
PO02585,POL2,V020 ,cat04,apac,2023-01-01,77751.1,
PO02586,POL1,V020,CAT01 ,na,2023-06-07,89494.82,USD
PO02587,POL1 ,V240,CAT04 ,na,2024-06-05,78236.38, USD
PO02588, POL3, V500,CAT04,latam,2023-05-30,, USD
PO02589,POL1,V185 ,CAT08, NA,2023-09-07,90661.77,
PO02590,POL2,V266,cat01,NA,2023-03-20,13243.55,
PO02591,POL1,V423,CAT01 ,NA,2024-02-17,18050.62, USD
PO02592,POL1,V436,CAT04,EMEA,2023-10-02,53176.82,USD
PO02593,POL1 ,V442, CAT01, APAC,2023-09-11,24660.97, USD
PO02594,POL1,v173,CAT06,EMEA,2023-01-29,45009.7,usd
PO02595,pol3,V221,CAT03,NA ,2023-08-14,9554.61,USD
PO02596, POL2, V411,CAT09,apac,2023-12-27,52557.17,USD
PO02597, POL3,v112,CAT09,NA ,2024-12-12,6982.78,usd
PO02598,POL2,V270,, LATAM,2024-08-09,77211.51,usd
PO02599,pol3,V142,cat05, NA,2023-03-02,41675.22, USD
PO02600,POL3,v018,CAT01 ,EMEA,2023-03-21,85009.15,USD
PO02601,POL3,V410,CAT09 ,EMEA,2024-07-17,6702.18,
PO02602,POL2 ,v168,CAT06,LATAM,2023-03-15,88673.61, USD
PO02603,pol2,V314, CAT07,APAC,2024-06-09,69764.77, USD
PO02604,POL1,V415,CAT03,LATAM,2023-03-17,96613.05,USD
PO02605,POL2 , V145,CAT06, LATAM,2023-01-17,12813.17,USD
PO02606, POL3,V008,CAT08,EMEA ,2023-06-12,95686.3,usd
PO02607,POL3, V133,CAT05,NA,2023-05-08,26474.14,usd
PO02608,POL1,V129, CAT10,EMEA,2024-10-07,11120.63, USD
PO02609,POL2,V202,CAT10,apac,2023-02-21,21547.55,USD
PO02610,POL3, V126,CAT04,LATAM,2023-12-24,5669.23,USD
PO02611,POL2,V237 ,cat10,NA,2023-03-03,36887.66,usd
PO02612,POL2,V022,CAT07,APAC,2023-07-06,19642.75, USD
PO02613,POL3 ,V429,CAT01,EMEA,2023-11-25,77659.14,
PO02614,POL2,V468,CAT06,latam,2023-09-12,84730.65, USD
PO02615,POL1,v079,CAT06,EMEA ,2024-07-22,42124.46,USD
PO02616,POL1 ,V324,CAT07,APAC ,2023-03-13,14982.47,
PO02617,POL2,V472, CAT01,LATAM ,2023-06-19,15995.58,usd
PO02618,POL3,V310,CAT10,NA,2024-11-30,38270.24, USD
PO02619,POL2 ,v294,,APAC,2024-12-12,13136.93,USD
PO02620,POL2 ,v044,CAT09,EMEA,2023-01-10,47704.58, USD
PO02621, POL3,V477,CAT10 ,EMEA,2023-11-11,38872.4,USD
PO02622,POL2,V448,CAT09 , LATAM,2023-10-20,74242.1,USD
PO02623,pol1,V382, CAT08, EMEA,2024-03-02,33192.04,usd
PO02624,pol1,V418,CAT10,NA,2024-10-02,36404.15, USD
PO02625,POL3 ,V316 ,CAT01, NA,2024-08-06,90712.61,USD
PO02626,POL2,V434, CAT04,emea,2024-03-24,23681.05,USD
PO02627, POL1,V347 ,CAT02 ,NA,2024-09-08,92442.3,USD
PO02628,pol1,V372,cat09, NA,2023-12-30,23789.0,usd
PO02629,pol3, V283,CAT10 , EMEA,2024-10-10,99569.12, USD
PO02630,POL2,V149,CAT09,LATAM ,2023-12-03,56595.03, USD
PO02631,pol3,V113 ,CAT01,emea,2024-09-24,46193.99,USD
PO02632,pol1,V048,CAT08,LATAM ,2023-09-10,19155.83,usd
PO02633,POL1,V265,CAT04,NA ,2024-12-10,20506.33,
PO02634,pol3,V438,CAT10,APAC ,2024-02-11,65520.72,USD
PO02635,POL1,V160 ,CAT02,LATAM,2024-12-14,90939.38,
PO02636, POL1,V472,CAT06,NA,2024-11-05,83516.66,
PO02637,POL1,V119,CAT09,NA ,2024-02-10,15110.02,usd
PO02638,POL3,V060,CAT07,NA,2023-12-11,9696.31,
PO02639, POL3,V343 ,CAT01 ,APAC,2023-09-24,33221.16,
PO02640,pol3,V231 ,CAT09 ,APAC ,2023-12-28,79485.75,
PO02641, POL2,V213,CAT02,LATAM ,2023-11-27,49114.27,usd
PO02642,POL3,V141,CAT03,NA,2023-06-21,17713.8,USD
PO02643, POL2,V463,CAT05,NA,2023-03-11,42715.32,
PO02644,POL1 ,V152,CAT01,NA,2024-06-26,74435.1,usd
PO02645,POL3,V235, CAT05,APAC,2024-12-01,12766.26,usd
PO02646,POL1,V012 , CAT06,APAC,2023-01-10,3749.46, USD
PO02647,POL3,V415,CAT10 ,EMEA,2024-07-14,94834.42,usd
PO02648,POL2,V467 ,CAT06 ,APAC,2024-12-31,1629.98, USD
PO02649,POL1,V243, CAT05,LATAM,2023-11-18,67404.37,
PO02650,POL1 ,V079,CAT10,LATAM ,2024-08-16,5318.76,USD
PO02651,POL2,V242,CAT02,APAC,2023-12-14,11729.67,USD
PO02652,POL3 ,V028 , CAT10,LATAM,2023-10-30,22883.16,
PO02653,POL1 ,V014,CAT02, APAC,2023-09-29,87701.72,USD
PO02654,POL1,V480 ,CAT05,EMEA,2024-06-18,16671.61,
PO02655,pol1,V317,CAT07,EMEA,2024-03-20,35030.05,usd
PO02656,,v472, CAT05,EMEA,2023-08-30,38918.04,usd
PO02657,POL1, V002,CAT03,apac,2023-11-02,39988.19,
PO02658,POL1 ,V127,CAT01,NA,2024-07-09,23794.23,USD
PO02659, POL1,V118, CAT06,LATAM,2024-05-10,20893.86,USD
PO02660,POL1,V148, CAT07,NA ,2023-03-06,86642.83,usd
PO02661,POL2 ,V323 ,CAT02, APAC,2024-06-08,5171.85,
PO02662,POL2 ,v037,CAT07,apac,2023-08-16,66830.63,usd
PO02663,pol3,v009,CAT05,LATAM,2023-07-05,70185.32,usd
PO02664,POL2,V389 ,CAT01, APAC,2024-08-30,32226.74,usd
PO02665,POL2 ,V120, CAT03,emea,2023-12-07,22663.2,
PO02666,POL3,V331 ,cat01, EMEA,2023-02-05,1337.26,
PO02667,POL3 ,v251,CAT10 , EMEA,2024-02-07,,
PO02668,POL3,V124,cat06,latam,2024-11-06,49684.24,usd
PO02669,pol1,V019, CAT08,NA,2023-01-27,74965.6,
PO02670, POL1,V309 ,CAT04,NA ,2024-06-29,75064.87,
PO02671, POL2,V152,CAT04 ,EMEA ,2024-12-20,91017.98,usd
PO02672,pol3,v085,CAT02 , NA,2023-04-20,33864.65,USD
PO02673,POL2,V020 , CAT05,EMEA,2023-02-18,32434.25,
PO02674,pol1,v011,CAT03,APAC,2024-09-21,67115.83,USD
PO02675,POL3 ,v149,CAT08,apac,2024-08-21,84919.02,usd
PO02676,pol3,V238, CAT01, EMEA,2024-05-28,38987.6,
PO02677,POL3,V194,CAT09, NA,2023-11-15,22667.14,USD
PO02678,pol2,V299,CAT10,APAC,2023-11-30,36575.28,
PO02679,POL3 ,V140,CAT06 ,latam,2023-06-30,14860.36,usd
PO02680,POL2,V036,CAT01,EMEA,2024-12-13,94269.41,
PO02681,POL3,V127,CAT05, LATAM,2024-05-03,37694.9,USD
PO02682,POL3,v013, CAT02,APAC,2024-02-29,20878.42, USD
PO02683,POL2,V409,cat07,NA ,2023-03-31,99942.49,
PO02684,POL2,V037,CAT08,emea,2024-09-10,45079.65,
PO02685, POL2,v442,cat09,EMEA,2024-12-21,39542.62,usd
PO02686,POL2,V161 ,CAT05, NA,2024-07-08,23289.97,usd
PO02687,POL2, V305,CAT01 ,APAC ,2024-12-25,65509.99,
PO02688,POL1 ,V418,CAT10 ,LATAM,2024-07-03,32508.79, USD
PO02689,POL1,V228,CAT08,LATAM,2023-01-10,20158.21,usd
PO02690,POL2 ,v477,CAT09,na,2023-06-27,55518.7,usd
PO02691,pol3,V055,CAT02 ,latam,2023-09-26,15158.64,USD
PO02692,POL2 ,V217,CAT02,LATAM,2023-06-08,60358.6, USD
PO02693,POL3, V143,CAT06,EMEA,2024-05-09,56701.32,USD
PO02694,POL2 ,V473 ,cat06,EMEA,2023-10-01,95837.01,
PO02695,POL3,V151,CAT05 ,LATAM,2023-08-07,72066.41, USD
PO02696,POL3,V183,cat03,EMEA,2023-10-08,38089.86,USD
PO02697,POL3, V217,CAT04 ,EMEA,2023-03-22,52181.75, USD
PO02698,POL1,V119,CAT03,NA,2024-06-22,73316.97,USD
PO02699,pol2,V266,CAT08,NA,2023-09-29,19339.08,
PO02700,POL2,V374,CAT03,EMEA ,2023-05-10,86147.89,USD
PO02701,pol3, V474, CAT03, LATAM,2023-10-02,2360.1,
PO02702,POL1 ,V118,cat10,EMEA ,2023-08-12,10488.03,USD
PO02703,POL3,V246,CAT03,LATAM,2023-11-29,91844.42,USD
PO02704,POL2 , V420, CAT02,emea,2023-01-20,21679.54, USD
PO02705,POL3,V185,CAT05 ,EMEA,2023-09-22,31522.99,usd
PO02706,pol1,V449,CAT06,na,2024-06-08,99183.87, USD
PO02707,POL3 ,V160, CAT02,NA ,2023-04-24,70033.69, USD
PO02708,POL1,v300,CAT02,latam,2023-10-26,68776.79,usd
PO02709,pol2,V321 ,CAT07 ,NA,2024-07-11,51637.33, USD
PO02710,POL2,V110,CAT04,NA,2023-12-25,82687.15, USD
PO02711,POL2,V058,CAT03,EMEA,2023-08-26,13440.07, USD
PO02712,pol3,v245,CAT04,APAC,2024-09-05,49044.87,
PO02713,pol2,v121,CAT02 , APAC,2024-12-01,58952.92,
PO02714,POL2,V111,CAT07 ,EMEA,2024-02-11,48599.64,
PO02715,pol1,V156, CAT03,LATAM,2024-06-05,47544.19, USD
PO02716,POL1,V468,CAT08,APAC ,2023-07-22,76321.55,usd
PO02717,POL2, V254,CAT01 ,NA,2023-03-26,63350.63,USD
PO02718,POL3,V476,CAT06, NA,2024-07-16,89267.32,USD
PO02719,POL3 ,V383,cat03,APAC,2024-01-10,69753.65,usd
PO02720,pol1,v179,CAT08,NA ,2024-08-28,37521.77,USD
PO02721,POL1,V440,CAT03,APAC,2023-06-23,45496.9,USD
PO02722,POL2, V125,cat05,EMEA,2023-10-14,86048.08, USD
PO02723,POL3,V444,cat10,LATAM,2024-09-24,38849.23,usd
PO02724,POL1,V199,CAT10,LATAM,2024-10-13,30928.52,USD
PO02725,POL3,V048,CAT08 ,EMEA,2023-09-04,89035.83,usd
PO02726,POL1,V474 ,cat07, LATAM,2023-10-13,,USD
PO02727,POL2,V296, CAT05,EMEA,2024-04-21,6428.55,
PO02728,POL1,V459,cat06,APAC ,2023-08-17,99505.28,
PO02729,POL3,V200,CAT07, EMEA,2024-05-13,96241.04,USD
PO02730,POL1,V221 , CAT10,APAC,2023-05-15,49494.1,USD
PO02731,pol1,v287, CAT08,EMEA ,2023-11-24,78965.21,USD
PO02732,POL1,V447 ,CAT04,LATAM ,2024-04-05,91514.44,
PO02733,POL3 ,V237,cat01,emea,2024-03-30,54981.92,USD
PO02734,POL3,v451,CAT02,APAC,2023-07-21,25353.14,USD
PO02735, POL2,v070,CAT05, EMEA,2023-01-19,,usd
PO02736, POL1,V358, CAT06,apac,2024-03-23,52858.67,
PO02737,POL3,V314 , CAT01,,2023-08-27,95157.46,
PO02738,POL1,V385 ,CAT08,APAC ,2024-07-18,23776.88, USD
PO02739,POL2,V206,CAT05,LATAM,2024-01-18,76807.17,usd
PO02740,POL2,v274,CAT06,apac,2024-01-07,80939.4, USD
PO02741, POL2,V008 ,CAT04, NA,2024-10-13,96819.09,usd
PO02742,POL1,V340,CAT03,APAC,2024-01-26,59943.55,usd
PO02743,POL2,V168, CAT02,na,2023-03-11,69975.63,usd
PO02744,POL2,V434,CAT04,LATAM,2024-11-18,92509.41,
PO02745,POL1,V368,CAT07,apac,2024-08-24,34866.27,USD
PO02746,POL1,V068,cat10,LATAM,2023-02-11,15648.38,
PO02747, POL3,v051,cat05,LATAM,2024-07-06,73210.94, USD
PO02748,POL3,V204,cat10,APAC,2023-02-28,17702.81,usd
PO02749,POL1 ,V495 ,CAT02,LATAM,2024-02-01,63203.84,
PO02750,POL2,V065,CAT10,apac,2023-08-29,92913.11,USD
PO02751,POL2 ,V333,cat02,na,2024-10-09,,usd
PO02752,POL2,v319, CAT09,LATAM,2023-11-10,92321.85,usd
PO02753,POL1,V028, CAT04,NA,2023-06-14,15073.24,
PO02754,POL2 ,V042,CAT08,EMEA,2024-12-29,88192.89,
PO02755,pol2,V420,CAT06, APAC,2023-12-17,64464.61,
PO02756,POL1,V384,cat07,LATAM,2024-07-15,94088.19, USD
PO02757,POL3,v168,cat05,APAC,2024-04-30,89891.1,USD
PO02758,POL3 ,v037,CAT03 ,APAC,2024-09-11,50839.52, USD
PO02759,POL1,V099,CAT06, NA,2024-04-25,27562.09,USD
PO02760, POL2,V130,CAT05, EMEA,2024-03-25,77057.22,
PO02761,POL2,V320,cat10,emea,2023-06-16,55733.33, USD
PO02762,POL3,V072,cat02,EMEA,2024-01-21,34585.07,USD
PO02763,POL3,V119,CAT09,EMEA,2023-07-03,52087.65,USD
PO02764,POL1 , V379,CAT01,NA,2023-12-18,19720.3, USD
PO02765,POL3 ,V336,cat06,APAC,2024-10-19,73254.08,
PO02766,POL2,v438,CAT02,NA,2024-05-16,76206.9,
PO02767,POL1,V427,CAT08, NA,2024-03-01,96607.44,USD
PO02768,pol3,V392,CAT05,APAC ,2023-06-09,16125.67, USD
PO02769,POL1,v420,CAT03,NA,2023-05-16,37176.06,
PO02770,pol2,V245,CAT05, APAC,2024-08-04,79213.47, USD
PO02771,POL3,V478,CAT05 , NA,2024-05-26,27900.98,
PO02772,POL3,V136,CAT04,apac,2024-05-28,83363.68,usd
PO02773, POL3,v064,cat04, APAC,2023-06-16,12218.24,
PO02774,POL3,V486,CAT01, EMEA,2023-10-13,79693.6, USD
PO02775,POL2,V212 ,CAT07,LATAM,2024-06-09,75798.47,USD
PO02776,POL2,v497,CAT08, APAC,2024-09-12,83918.07,
PO02777,POL3, V036,CAT09,APAC,2023-04-04,38673.79,USD
PO02778,POL3,V037,cat09,EMEA,2024-07-17,34969.2,USD
PO02779, POL2, V281,CAT08 , LATAM,2023-05-21,27093.84,
PO02780,POL3,V011,CAT08,na,2023-11-04,28235.53,usd
PO02781,pol1,v042,CAT07,APAC ,2023-11-27,18972.08,USD
PO02782,POL2,v421, CAT05,LATAM,2024-01-07,23093.74,
PO02783,POL3,V197,CAT08, APAC,2023-08-21,13726.82, USD
PO02784,POL3, V322,CAT04,EMEA,2024-03-30,9102.91,usd
PO02785,POL2, V425,CAT02,APAC,2023-06-25,63698.8,usd
PO02786,POL1 ,V212,cat09,EMEA,2023-10-15,61060.48,USD
PO02787,pol1,V354,CAT08 ,EMEA,2023-06-07,80190.5, USD
PO02788,POL1, V123,CAT02,NA,2023-02-09,63209.98,
PO02789,POL3 ,V163,CAT06,APAC ,2023-02-26,89645.43, USD
PO02790,POL2 ,V303,cat06,APAC,2024-09-15,48537.07,
PO02791, POL1,V237,CAT10,APAC,2023-06-18,,usd
PO02792,POL2, V429,CAT01,APAC,2024-12-01,29955.07,usd
PO02793,POL1,V401,cat01,emea,2024-12-30,3822.05,USD
PO02794,POL3, V366,CAT01,apac,2024-09-04,51846.91,usd
PO02795, POL1,V338 , CAT06,APAC,2024-09-05,46134.77, USD
PO02796,pol1,V072,CAT01, EMEA,2024-02-28,34658.55,
PO02797,POL3,V077,CAT08,NA ,2024-10-09,67060.08,USD
PO02798,POL2,v413,cat05,EMEA,2024-10-21,4055.09,
PO02799,pol3,v467,CAT03,EMEA,2024-11-05,48963.88,usd
PO02800,POL1,v455, CAT03,LATAM,2024-09-13,58313.9,USD
PO02801,POL2 ,V299,CAT10 , APAC,2023-12-20,51276.21,
PO02802,POL3,V320, CAT07, APAC,2023-06-09,22759.67,USD
PO02803,pol1, V441,CAT05 ,LATAM,2024-07-05,9980.28, USD
PO02804,POL2,V161,CAT06,LATAM,2023-01-07,80079.65,
PO02805, POL1,V213 ,CAT03, APAC,2024-05-26,5313.04, USD
PO02806,POL3,V155 ,CAT02 ,APAC,2023-02-08,15151.23,usd
PO02807,POL2,V390,CAT09 ,LATAM ,2024-05-09,41858.29,USD
PO02808, POL3,v472,cat03,APAC,2024-11-10,70323.82,usd
PO02809,POL2 ,V393,CAT05,NA,2024-04-14,14764.85,
PO02810,POL2,V223,CAT05 ,LATAM,2023-03-12,, USD
PO02811,POL1,V498, CAT03,NA,2024-06-17,49651.31,
PO02812,POL3, V159, CAT03,LATAM ,2024-06-20,49642.1,usd
PO02813,POL3,V114 ,CAT01, NA,2023-04-05,20142.62,
PO02814,POL2,V013,CAT07,APAC,2023-12-15,12183.67,USD
PO02815,POL3,v013, CAT07,NA,2024-06-26,67819.65,USD
PO02816,POL3 ,V246 ,CAT07,EMEA ,2023-11-19,78435.43,usd
PO02817,POL3 ,V163,CAT01,NA,2024-07-10,69278.74,
PO02818,POL2 ,V346,CAT02,NA ,2024-12-26,49884.95,USD
PO02819,POL1,v029,CAT08,EMEA,2024-12-06,95670.77,USD
PO02820,POL3,V358, CAT07,EMEA,2024-12-28,86667.77,
PO02821,POL3,V247,CAT08,LATAM,2023-06-18,98252.5,USD
PO02822,POL1,V027 , CAT01, EMEA,2023-06-01,25392.23,USD
PO02823,POL3, V296,CAT02 ,EMEA,2024-04-15,65816.82,
PO02824,POL1,V009 ,CAT07,emea,2024-08-24,32611.66,
PO02825,POL2, V489,CAT04,LATAM,2024-12-16,4292.49, USD
PO02826,pol1,v240,cat06,NA ,2023-07-30,13785.59, USD
PO02827,POL1,v092,CAT06,EMEA,2024-01-06,81591.75,USD
PO02828,POL1, V203,CAT07,APAC,2024-02-12,21742.47,USD
PO02829,pol1,V075,CAT06,EMEA ,2023-05-27,90128.75,USD
PO02830,POL2,V153,CAT05 ,APAC,2023-12-10,53092.09,
PO02831,POL1,V004 ,CAT03 ,NA,2024-01-02,43845.8, USD
PO02832,POL1,V177,CAT10,NA ,2024-08-27,72916.89,USD
PO02833,POL1,v291,CAT02,EMEA,2023-04-06,19303.74,
PO02834,POL2,v395,CAT01,LATAM,2024-03-07,7068.09,
PO02835,POL1,V497,CAT03,APAC,2023-12-06,48732.53,
PO02836,POL2,V101 ,CAT07,APAC,2023-11-13,28375.12,usd
PO02837,pol1,V251 ,CAT01, APAC,2023-07-16,10355.73, USD
PO02838,pol3,V391, CAT07,apac,2023-09-26,83042.41,usd
PO02839,POL1 , V493,CAT02,APAC,2024-09-19,95537.14,
PO02840,pol2,V131 ,CAT08,APAC,2024-02-21,91859.76,USD
PO02841,POL1,V350,CAT07, APAC,2024-04-18,78654.48,usd
PO02842,pol3,v246,cat03,latam,2023-03-01,, USD
PO02843,POL3,V494,cat01,LATAM,2024-09-19,13801.53,USD
PO02844,POL3,v112,CAT06 ,EMEA,2024-11-08,94628.96,USD
PO02845, POL1,v076, CAT04,EMEA,2024-05-17,67855.27,USD
PO02846, POL1,V491,, EMEA,2023-08-23,21391.08,USD
PO02847,POL2, V221, CAT01,NA ,2024-06-02,58660.94, USD
PO02848,POL2,V187 ,CAT02,NA,2024-09-14,39503.01,USD
PO02849, POL1, V374, CAT08,apac,2023-07-30,59084.04, USD
PO02850,POL3,V107,CAT03 ,na,2024-10-09,64748.14,usd
PO02851,POL1,v279,CAT10,APAC,2024-08-10,39596.67,USD
PO02852, POL2,V490,CAT06,NA ,2023-04-08,87341.81,usd
PO02853,POL2, V486,cat04, LATAM,2024-11-15,,usd
PO02854,POL2,V296,CAT05,EMEA,2023-04-04,89158.25,usd
PO02855,POL1 ,V130,cat07, LATAM,2023-06-04,44868.07,
PO02856,POL2 , V072,CAT07,APAC,2024-06-07,91856.62, USD
PO02857,POL3 ,V493,CAT08,APAC,2023-04-05,39882.76,
PO02858,POL2,V088,CAT08,LATAM,2023-04-17,64723.36,USD
PO02859,pol1,V455,CAT09,EMEA,2023-01-20,75850.54,
PO02860,pol3,V268,CAT02,EMEA ,2023-04-23,48408.42,usd
PO02861, POL2, V088,CAT06, EMEA,2024-07-27,59104.3,USD
PO02862,POL3,V367 ,CAT03,LATAM,2023-02-02,85367.77,usd
PO02863,POL3 ,V391, CAT04,NA ,2023-03-30,83196.64,USD
PO02864, POL3,V179,cat03,APAC ,2023-08-28,3851.34, USD
PO02865,POL1,V242,CAT06 ,EMEA,2024-11-20,58131.14, USD
PO02866,pol2,V316,cat09,EMEA,2024-06-08,44491.99,USD
PO02867,,V282,CAT04 ,APAC,2024-10-18,29762.3, USD
PO02868,POL1,V241,CAT05, LATAM,2024-10-25,33336.74,
PO02869,POL2,V036,cat07,emea,2023-02-11,64977.56, USD
PO02870,POL1,V083,CAT01, APAC,2024-01-06,12243.09,
PO02871,POL2, V221,cat03,NA,2024-10-19,16642.9,
PO02872,POL2,V323,CAT06 ,LATAM,2023-05-26,38080.4,USD
PO02873, POL1,V081, CAT03, EMEA,2023-01-16,85366.59,USD
PO02874,POL3,V168,CAT04,APAC,2024-03-01,42705.63, USD
PO02875,POL3,V351,CAT08,LATAM,2023-07-18,8796.86,USD
PO02876,POL2,V490,CAT05,APAC,2023-12-15,11576.69,usd
PO02877,POL2 ,V017,CAT07,NA,2024-05-22,36760.05,usd
PO02878,POL3,V156,CAT01, NA,2023-05-22,64161.98,
PO02879,POL2, V132, CAT07,NA,2024-11-06,57768.69,
PO02880,POL2, V220,CAT10,APAC,2023-10-06,6103.14,
PO02881,POL3, V354,CAT06,NA,2023-09-11,30935.67,
PO02882,POL1,v215,CAT10,EMEA,2023-10-28,9634.82,usd
PO02883,POL2,V069 ,cat05,LATAM ,2023-10-03,97916.56,
PO02884,POL2,V020,CAT01,LATAM ,2023-02-02,6399.29,USD
PO02885,POL2,V271,CAT07,NA,2023-09-17,39282.86, USD
PO02886,POL3 ,V464 ,CAT06 ,EMEA,2024-12-21,98656.55,
PO02887,pol1,V350,CAT07,LATAM,2024-07-03,22744.66,
PO02888, POL3,v328,cat03,na,2024-07-30,42933.1, USD
PO02889,POL1 ,V170,CAT03 ,,2023-01-31,57077.52, USD
PO02890,POL3,V059,CAT07,APAC,2023-07-02,1281.13,usd
PO02891,POL1 ,V294,CAT06,EMEA,2023-04-02,95925.38,USD
PO02892,POL2,V016,CAT07,apac,2024-04-05,32861.53, USD
PO02893,POL3 ,v447,CAT06,NA,2024-03-31,30450.25, USD
PO02894,POL3,V114,cat10, EMEA,2023-06-30,86170.02,usd
PO02895,POL3 ,V461,CAT06,apac,2023-03-03,14139.87,
PO02896,POL3,v198, CAT04,LATAM,2024-04-13,9131.32, USD
PO02897,pol2,V373,CAT07,APAC,2023-10-17,50883.64,
PO02898,POL2,V128,cat02,NA ,2023-11-03,4963.54,USD
PO02899,POL2 ,V131 , CAT09,APAC ,2024-05-09,72212.83,
PO02900,POL2,v033, CAT06,EMEA,2023-05-14,34016.71, USD
PO02901,POL1,V051 ,CAT08,apac,2024-11-02,,
PO02902,POL1,V298,CAT02 , APAC,2023-05-24,54981.38,
PO02903,POL3,V352 , CAT03,LATAM,2024-04-30,33028.46, USD
PO02904,POL2,V404,CAT10 ,LATAM,2024-03-21,12701.96,USD
PO02905,pol2,V015,CAT04,EMEA ,2024-11-02,1582.1, USD
PO02906, POL1,v336,CAT09,NA,2023-09-22,33862.38,USD
PO02907,POL1,v154,cat08,LATAM ,2023-09-11,76103.7, USD
PO02908,POL1,V426,CAT02 ,apac,2024-08-09,69843.24, USD
PO02909,POL1,V002 ,CAT08, EMEA,2023-03-09,57519.03,USD
PO02910,POL2,V050,CAT05 ,NA,2023-04-25,21185.41,usd
PO02911,POL3,V163,CAT09,NA ,2024-04-28,29146.86,usd
PO02912,POL3 ,v313,CAT04,na,2023-07-04,,
PO02913,POL1,V316, CAT08,na,2023-06-20,63297.79,usd
PO02914,POL2,V213,CAT04 ,APAC,2024-07-28,13628.88,USD
PO02915,POL3,V396 ,CAT01,APAC ,2023-08-26,31999.01, USD
PO02916,POL1,V429 , CAT04,LATAM,2024-04-01,70964.43,usd
PO02917, POL3, V191,CAT07, NA,2023-11-30,17611.01,
PO02918,POL2,V357,CAT06,APAC ,2023-05-03,4863.77,USD
PO02919,POL3,V407,cat03,APAC,2024-08-15,82765.49,
PO02920, POL2,V167,CAT09,NA,2024-07-01,64368.0, USD
PO02921,POL1,V099,CAT09, EMEA,2024-12-16,35035.01, USD
PO02922,pol2, V228,cat08,latam,2024-12-22,51498.43,USD
PO02923,POL3 ,V180,CAT06, NA,2024-12-19,64784.2,
PO02924,POL3 ,V030, CAT01,EMEA,2023-05-18,95956.39,usd
PO02925, POL1,v366,CAT08, EMEA,2024-10-15,33261.79,usd
PO02926,POL3,V090,cat10, NA,2024-11-02,70089.08,USD
PO02927,POL1,V446,CAT01,EMEA,2024-10-16,74884.62,usd
PO02928,POL3,V187,CAT01,apac,2024-06-06,41448.68, USD
PO02929, POL3,V045 , CAT01, APAC,2024-04-06,53759.13,
PO02930,POL2,V398 ,CAT08 ,LATAM,2023-01-09,6114.8, USD
PO02931,pol3,v164, CAT03,APAC,2023-09-18,69031.94,usd
PO02932,POL3,v428,CAT08,EMEA,2024-06-25,92125.46, USD
PO02933,POL1,V361,CAT03, NA,2023-12-02,83928.04, USD
PO02934,pol3, V091,CAT04,NA,2024-09-04,33158.54,
PO02935,POL3,V043 ,CAT03,LATAM,2023-12-22,14614.38,
PO02936,POL3, V273,CAT09,EMEA ,2024-09-13,11350.72,USD
PO02937,POL2,V011 , CAT10,APAC,2023-07-23,41115.4,
PO02938, POL2,V411,CAT08,NA,2024-06-23,67478.01,USD
PO02939, POL3,,CAT03,NA,2024-07-31,66902.36, USD
PO02940,POL2,V304,CAT04,LATAM ,2024-05-24,68518.44,USD
PO02941,POL2 ,V279,CAT10,APAC,2024-07-18,89078.32, USD
PO02942,POL3,V456 ,CAT04 ,apac,2024-05-03,49019.92,
PO02943,pol1, V424, CAT01,EMEA,2023-06-04,33199.81,usd
PO02944,POL2, V312,CAT09,EMEA,2024-01-20,38694.47, USD
PO02945,POL3 ,V189 ,CAT06,na,2023-04-18,18312.16, USD
PO02946, POL3,V492 ,CAT07, EMEA,2024-09-14,98404.64, USD
PO02947, POL2,V339,,NA,2024-03-19,11502.98, USD
PO02948, POL3,V451 ,CAT09,NA,2024-08-17,59722.31, USD
PO02949,pol3,V378,CAT10,EMEA,2024-05-10,80457.73,USD
PO02950, POL3,v209,CAT01, EMEA,2023-03-17,82091.1,usd
PO02951,POL3 ,V254,CAT04,EMEA,2024-02-14,25526.0, USD
PO02952,POL2, V046,CAT03 ,LATAM,2024-06-25,6569.26,
PO02953, POL2,V403, CAT05,EMEA,2024-04-01,17417.88,USD
PO02954,POL3,V409,CAT03,APAC,2024-12-20,54116.35, USD
PO02955,pol1,V363 ,cat05,EMEA,2024-05-23,19417.74,
PO02956,pol1, V240,CAT04,NA,2023-12-19,64170.85,USD
PO02957,POL2,V227 , CAT08,APAC,2023-09-29,94930.02,usd
PO02958, POL2,V393,CAT02 ,APAC,2023-05-02,43806.37,
PO02959,POL1,V045,CAT04,NA ,2023-03-29,63801.82,usd
PO02960,POL3,V282,CAT02,latam,2024-06-12,89697.04,USD
PO02961,POL1,V183,CAT10, NA,2023-10-29,1494.06,usd
PO02962,POL2 ,V238,cat03,LATAM,2024-05-25,5706.42,USD
PO02963,POL1,V409 ,CAT05,LATAM ,2024-02-10,83709.12,usd
PO02964,POL1, V338,CAT07,,2023-06-21,99077.83,USD
PO02965,POL2 , V093,CAT02,LATAM,2024-08-29,23351.27,USD
PO02966,POL3,V104,CAT07 ,EMEA,2024-03-29,73089.0,usd
PO02967,POL3,V305,CAT10,APAC,2024-11-02,38914.03, USD
PO02968,pol2, V004,cat04,APAC,2023-09-23,18487.73, USD
PO02969,POL3,V140,CAT07,NA ,2024-08-09,34587.03,USD
PO02970,pol2,V384,CAT06 , LATAM,2023-09-15,27082.83,USD
PO02971, POL3,V260,cat03,LATAM,2024-10-01,67730.59,usd
PO02972,POL3, V301,cat07,EMEA ,2024-04-03,93974.69,USD
PO02973,POL3,v004,CAT02,LATAM,2024-09-17,47429.4,USD
PO02974,POL3,V144, CAT09, EMEA,2023-04-06,,usd
PO02975,POL3 , V380, CAT01,LATAM,2024-02-20,63925.37,usd
PO02976,POL2,V375,CAT10,NA,2023-04-30,95671.42, USD
PO02977,POL3,V387,cat02,APAC,2024-05-09,69154.22, USD
PO02978,pol1,V453,CAT06,LATAM ,2023-03-23,34553.98,usd
PO02979,POL2,V065, CAT01,LATAM,2023-01-01,97758.31,
PO02980,POL3,V465,CAT07,LATAM,2023-07-03,36660.2, USD
PO02981,pol2,V202,CAT09,apac,2024-12-17,36786.34, USD
PO02982, POL2, V439,cat02,apac,2024-03-24,48448.83, USD
PO02983,POL1,V267,CAT07 , EMEA,2024-03-16,9011.24, USD
PO02984,POL3,V277,CAT06,NA,2024-10-23,53847.68,
PO02985,POL2, V181,CAT10,NA,2023-09-09,22192.6,
PO02986,POL2 ,V263,cat07, APAC,2023-01-16,35468.13,
PO02987,POL1 ,V494,CAT10, EMEA,2024-08-27,16137.4,USD
PO02988, POL2,V315,cat03,LATAM,2023-02-21,34568.9, USD
PO02989,POL2 ,V334,CAT05,apac,2023-04-25,13781.65,usd
PO02990, POL3, V393,CAT10 ,APAC,2024-10-06,23080.99, USD
PO02991,POL3,v497, CAT02,NA,2024-01-03,89772.31, USD
PO02992,POL1,V357,CAT08,na,2024-05-14,25681.99,
PO02993,POL1,V466,CAT05,EMEA,2023-08-20,91395.15,usd
PO02994, POL3, V331,CAT05 ,LATAM,2023-01-11,, USD
PO02995,POL1,V255,cat10,NA,2023-10-29,42674.39,
PO02996,POL1 ,V299,CAT03,EMEA,2024-01-03,44047.26,USD
PO02997,pol3,V401,CAT08,APAC ,2023-06-01,3123.51,
PO02998,pol3,V422 ,CAT05 ,EMEA ,2023-07-12,24359.73, USD
PO02999,POL2,V161,CAT03,APAC ,2023-03-26,95239.39,USD
PO03000,POL3,V338, CAT03,LATAM,2024-08-26,10793.71,usd
PO03001,pol2,V159,CAT02,EMEA,2023-04-13,54846.13, USD
PO03002, POL2,v494, CAT10,EMEA,2023-07-25,49409.46,USD
PO03003,POL2, V298,CAT09,apac,2023-09-20,16062.18,
PO03004,POL2,v381, CAT10,emea,2024-11-09,9650.78, USD
PO03005,POL1 ,V328 ,CAT05, NA,2023-08-04,92492.14,usd
PO03006,POL1 ,V146 ,CAT08,APAC,2024-05-13,99503.26, USD
PO03007,POL2,V394 ,CAT03 ,EMEA,2023-11-18,22806.15, USD
PO03008,POL3,v291,CAT09,NA,2024-05-10,95114.06,USD
PO03009,POL3,V016,CAT06,NA,2023-10-24,61503.56,usd
PO03010,POL2,V133,cat04, EMEA,2024-02-24,47976.33,USD
PO03011,POL3, V334,CAT02 ,NA,2024-05-16,80442.06,usd
PO03012,POL3,V472 ,CAT04 ,APAC,2024-01-20,60188.56,USD
PO03013,POL1,V489,CAT02 , APAC,2024-01-24,70425.5,USD
PO03014,POL1,V442,CAT07, LATAM,2023-11-23,42925.0, USD
PO03015, POL2,V237,CAT05,emea,2023-11-04,63920.23,usd
PO03016,pol3,v401,CAT08,emea,2023-05-30,89147.89,usd
PO03017, POL1,V187 ,cat02,EMEA,2023-03-04,5245.96, USD
PO03018, POL3, V231, CAT04,latam,2024-09-10,78405.4,USD
PO03019,POL1,V473 ,CAT06,APAC,2024-07-01,42671.77,usd
PO03020,POL3,V214,CAT02,EMEA,2024-02-13,, USD
PO03021,POL1,v283, CAT05,EMEA,2024-01-22,24918.73,
PO03022, POL2,V270,CAT04,LATAM,2024-02-06,64221.71,USD
PO03023,pol3,V112, CAT09,NA,2023-10-19,62946.5, USD
PO03024,pol3,V020,cat06,NA ,2023-12-19,39438.67,usd
PO03025,POL3,v108, CAT07,LATAM,2023-03-03,70228.3,
PO03026,POL2,V334,CAT03, EMEA,2024-03-25,19427.56,
PO03027,POL1,v352,CAT03,APAC,2023-02-07,51292.06,usd
PO03028,POL1,V491,CAT10 ,EMEA,2024-05-21,32594.36,
PO03029,POL2,V327 ,CAT06,NA,2023-07-21,47929.73,
PO03030,POL2,V337,CAT01,LATAM ,2023-04-27,64740.62,
PO03031, POL2,V002,CAT05,NA ,2024-06-09,67704.17,USD
PO03032,POL1, V112,CAT09,latam,2023-03-06,35000.91,USD
PO03033,pol2,V077,CAT02,NA ,2023-11-10,88905.14, USD
PO03034,pol2,V365 ,cat09,EMEA,2023-10-02,64217.38, USD
PO03035,POL1 , V007,CAT03 ,APAC,2023-06-16,39663.93,USD
PO03036,POL3,V210,CAT10,LATAM ,2023-03-15,42444.45,usd
PO03037,POL2,V175,CAT05,na,2023-01-27,73479.81, USD
PO03038,POL2,V171, CAT07, NA,2023-06-12,55494.09,
PO03039,POL2,V373,cat04,APAC,2024-11-19,30343.51,usd
PO03040,POL1 , V392,cat02,APAC,2023-01-01,51621.3,USD
PO03041,POL3,V477,CAT08,LATAM,2024-08-25,20847.37,
PO03042,POL2, V202,CAT07,EMEA,2023-02-08,78425.8,
PO03043,POL2 ,V235,CAT07 ,NA,2024-10-07,94256.19, USD
PO03044,pol2,V344,cat05,NA ,2023-04-03,20667.07,usd
PO03045,POL2,v061,CAT01,LATAM,2024-02-10,44600.73,
PO03046, POL2,V080,CAT04,NA ,2024-04-29,47170.35,usd
PO03047,POL2, V028,CAT03 ,NA,2023-10-22,31683.06,usd
PO03048, POL2,v126,CAT08, EMEA,2023-11-10,28488.4,usd
PO03049,POL3,V039,CAT06,NA,2023-08-03,2140.78,
PO03050,POL1,V314,cat02,EMEA,2024-01-25,2479.36,usd
PO03051, POL3,V300 ,CAT09,APAC,2024-12-16,36119.92,usd
PO03052,POL3,V161,CAT05,LATAM,2023-04-02,9016.07,
PO03053,POL1,V232,cat07,EMEA,2024-09-25,31544.38,
PO03054,POL3 ,V468,cat03,na,2023-08-19,90165.05,USD
PO03055,POL3,v021,CAT08,NA,2023-11-29,64206.94,usd
PO03056,POL3,v129,CAT01,EMEA,2023-07-23,39971.38,
PO03057,POL1,V499, CAT07,emea,2024-06-18,66165.59,
PO03058,POL3,V185,CAT02,LATAM,2023-11-27,, USD
PO03059, POL1,V241,CAT07,emea,2024-06-08,62912.47,USD
PO03060, POL2,V393,CAT08,apac,2023-05-11,5903.82,usd
PO03061,POL3,V289,CAT09 ,LATAM,2023-10-30,50074.62, USD
PO03062,POL1,V306,CAT08,EMEA,2023-01-14,12077.8,usd
PO03063,pol3,V076, CAT02,LATAM ,2024-03-17,67898.63, USD
PO03064,POL2 ,V387,CAT06,EMEA ,2024-06-16,11419.98,USD
PO03065,POL2,v215,CAT08 , APAC,2023-12-16,,
PO03066,POL3 , V377,CAT01,LATAM,2024-07-22,20421.13,
PO03067,POL3,V087,CAT02 ,APAC,2024-07-29,45808.44, USD
PO03068, POL2,V333,CAT04,APAC ,2024-08-15,89651.42, USD
PO03069,POL3,v324,CAT05,NA ,2024-10-29,61377.55, USD
PO03070,POL1,V152,cat08,APAC,2023-08-02,4347.57,USD
PO03071,POL3,V356,CAT08 ,LATAM,2024-12-09,1785.69,USD
PO03072,POL2,V003 ,CAT08, APAC,2024-06-16,73837.31, USD
PO03073, POL3,V190 ,CAT01,LATAM,2023-04-02,80529.98,usd
PO03074,POL1, V298,CAT05,APAC,2024-11-29,9498.58, USD
PO03075,POL2,V497,cat01,LATAM,2023-07-27,96542.55,
PO03076,pol2,v171,CAT04, EMEA,2023-12-09,94863.27,USD
PO03077,POL3 ,V256,CAT01 ,APAC,2023-05-24,70097.93, USD
PO03078,POL2,V311 ,CAT06,apac,2023-09-17,73917.18,
PO03079,POL2, V473,CAT09,apac,2024-02-15,88619.34,USD
PO03080,pol2,v331,CAT04,LATAM,2023-07-08,82364.22,usd
PO03081,pol1,V440, CAT07,NA ,2024-12-07,31159.66, USD
PO03082,POL3 ,V371 ,CAT05 ,APAC,2023-10-06,94121.88,USD
PO03083, POL3,V348,CAT09, NA,2024-03-26,63555.82, USD
PO03084,pol2,V015,CAT06,LATAM,2023-02-11,5168.65,usd
PO03085,POL3 ,v380,CAT10,,2023-07-10,97529.99, USD
PO03086,pol3,V290,CAT08,APAC,2023-03-10,8904.94,USD
PO03087,POL1,v420,cat06,NA,2024-11-23,20137.41,USD
PO03088,pol2,V456,CAT10 ,LATAM,2024-05-07,18740.04, USD
PO03089,POL2, V095,CAT05,NA,2024-04-04,36723.56, USD
PO03090, POL3,v077,cat07,LATAM,2023-03-01,99358.92,usd
PO03091,POL3,V192,CAT03, NA,2023-05-12,6330.14,
PO03092,POL3,v012,CAT02,apac,2023-12-06,81167.7,USD
PO03093,POL2,v396, CAT07,EMEA ,2023-07-27,79068.52,usd
PO03094,POL1,v330,CAT06 ,EMEA,2024-07-12,15154.49,USD
PO03095,POL2,V013,CAT06,LATAM,2024-12-17,27638.9,
PO03096,POL3,V490,CAT05, EMEA,2023-09-03,75069.66,USD
PO03097,POL2 , V089,CAT01,EMEA ,2024-11-26,80633.9,
PO03098, POL3,V300 ,CAT09, NA,2024-03-13,11082.32,usd
PO03099,POL1,v159,CAT03,EMEA,2024-08-17,65455.83,
PO03100,POL3, V224,CAT07,NA,2024-05-24,28766.81,
PO03101,POL2, V468,CAT01, LATAM,2024-04-07,24794.96,usd
PO03102,POL3,V373,CAT08,emea,2024-08-29,84067.04,USD
PO03103,POL2,V100,CAT06,NA ,2023-04-13,56824.34,usd
PO03104,POL1,V352,CAT05,APAC,2023-01-18,80010.53,USD
PO03105,POL2,V377,CAT04,apac,2024-09-04,,usd
PO03106,POL3, V038, CAT10, NA,2024-09-09,70748.29,USD
PO03107,POL1,V296,CAT02,EMEA,2023-07-04,15258.01,
PO03108,POL2,V333,CAT02,EMEA,2024-11-08,85912.87,USD
PO03109,POL1, V002,CAT06, EMEA,2023-05-16,22228.1,
PO03110,POL1, V013,cat01, EMEA,2023-01-10,15863.7, USD
PO03111,pol1,V089, CAT07,emea,2024-07-28,95310.81,usd
PO03112,POL2,V444,CAT09 , APAC,2024-09-08,92352.72,USD
PO03113,POL3,V065,CAT08 ,EMEA,2024-02-08,23946.0, USD
PO03114,POL3,v120,CAT01 ,LATAM,2024-08-09,13737.63,
PO03115,POL2 ,v384,CAT03,EMEA,2024-01-09,30522.23,USD
PO03116,POL3,V400 ,cat08,LATAM,2024-06-03,58611.79, USD
PO03117,POL2,v318,CAT01 ,na,2023-06-15,6631.68,
PO03118, POL2,v377,CAT08,,2024-10-06,22657.71,
PO03119,POL1,V405,cat04,NA,2024-01-08,32438.49,usd
PO03120,POL1,v478,CAT08,LATAM,2023-03-06,46945.73, USD
PO03121,POL2 ,V100,CAT08,LATAM,2024-04-28,5618.41,usd
PO03122,POL2 ,V339,cat01, LATAM,2024-12-21,13897.35,
PO03123,POL3,V383,CAT06, EMEA,2023-10-16,88081.51,USD
PO03124,POL1,V086,CAT10,latam,2024-09-28,73083.41,USD
PO03125,pol2,V284 ,CAT08,na,2023-04-18,60329.15,USD
PO03126,POL1,v133,CAT04,NA,2023-09-30,31649.05, USD
PO03127, POL1,V188 ,CAT07, LATAM,2024-01-14,69076.93,
PO03128,POL1,V071 ,CAT01,APAC ,2024-01-10,14744.77, USD
PO03129,POL2,V252,CAT02,EMEA,2024-08-07,25035.59, USD
PO03130, POL3,V291, CAT03,LATAM ,2023-06-23,93022.53, USD
PO03131,POL1,v421,CAT01,EMEA,2024-01-01,93092.29,USD
PO03132,POL1,V454 ,CAT06,APAC,2023-07-15,71991.32,USD
PO03133,POL1,V226,CAT04,LATAM,2023-11-02,8007.93, USD
PO03134,POL2 ,V132 ,CAT03 ,APAC,2024-03-02,42352.81,
PO03135,pol2, V091,CAT01,APAC ,2023-01-10,13894.42, USD
PO03136,POL2,V232,CAT02 , NA,2023-12-08,82091.41,
PO03137,POL3,V129,CAT08,LATAM,2024-07-08,65343.92,usd
PO03138, POL1,V464,CAT01 ,EMEA,2024-11-08,28846.77,usd
PO03139,POL2,V227,cat06,APAC,2023-04-12,33478.79,
PO03140,POL1,v358,CAT09, APAC,2023-04-07,41159.41,usd
PO03141,pol3,v163,cat01,EMEA,2024-08-28,36468.45,usd
PO03142,POL2,v398,CAT06,EMEA ,2023-11-18,55716.8,usd
PO03143,POL3,V045,CAT05,APAC,2023-05-22,73977.66,usd
PO03144,POL3,v264,CAT05,EMEA,2023-08-16,87784.37, USD
PO03145,POL2,V489, CAT07,APAC,2024-02-26,40769.52,
PO03146,POL1,V157,CAT04,EMEA,2023-04-21,20293.25,USD
PO03147, POL3, V032,CAT09 ,EMEA,2023-09-01,57962.67,USD
PO03148,POL2 , V263,CAT07,LATAM,2024-05-17,78303.59,
PO03149,POL1,V458,CAT01 ,apac,2024-03-25,79615.8,USD
PO03150,pol1,V037,CAT09,na,2023-11-20,88758.85,USD
PO03151,POL2 ,v194,CAT09,LATAM,2023-09-05,58921.79,
PO03152,POL2, V014,cat04,EMEA,2023-11-02,60331.64,usd
PO03153,pol1,V444,CAT01,APAC,2023-07-07,56021.25,
PO03154,POL2 ,V265,CAT05,NA ,2023-09-21,41138.74, USD
PO03155,POL2 ,V172,CAT05,apac,2023-12-27,12949.97, USD
PO03156,POL3,V204,CAT04,na,2024-09-20,60837.41,
PO03157,POL1,V407,CAT10 ,APAC,2023-03-26,57248.8,usd
PO03158,POL2,v430,CAT02,apac,2023-06-01,60109.57,usd
PO03159,pol2,v194,CAT08,APAC ,2024-01-01,22582.85,USD
PO03160,POL3,V497,CAT04,LATAM,2023-09-13,51333.3,usd
PO03161,pol1, V189,CAT04, LATAM,2024-12-31,67372.97,usd
PO03162,POL3, V239,CAT01, EMEA,2024-01-24,37842.69,USD
PO03163,POL2, V460,CAT08, EMEA,2024-06-30,41479.04,USD
PO03164,pol3,V390 ,CAT03,LATAM,2023-12-19,52095.4,
PO03165, POL1,V069 ,CAT09,na,2024-07-14,17258.99, USD
PO03166,POL2,V122,cat07,EMEA,2024-03-09,13651.47,usd
PO03167,POL1 ,V352, CAT04,apac,2024-12-02,,
PO03168,POL3,V205,cat02,emea,2023-10-02,46144.67,
PO03169,POL2 ,V296,CAT08,EMEA,2023-07-22,78941.43,usd
PO03170,POL2,V285,CAT09,NA,2023-07-17,64559.64,
PO03171,POL3,V011,CAT01,NA,2023-04-28,25216.57,USD
PO03172,pol2,v477, CAT03,apac,2023-05-02,89582.16, USD
PO03173,POL1,V001,cat09,EMEA,2023-10-02,52045.3,
PO03174,POL2,v371,CAT10, NA,2024-01-18,57576.84, USD
PO03175,POL3,V447 ,CAT03,NA,2024-09-10,14091.2,
PO03176,POL3,v088,CAT06 , LATAM,2023-08-12,5446.11,usd
PO03177, POL3,V333,cat04,NA ,2024-08-13,60089.42,
PO03178,POL2,V242,CAT05,APAC,2024-12-11,39597.52,
PO03179,POL3,v146,CAT02, EMEA,2023-05-26,55605.6,usd
PO03180,POL2,V500 ,CAT04,LATAM,2024-12-23,21564.46, USD
PO03181, POL1,v375,CAT08,EMEA ,2024-12-03,16921.92,
PO03182,POL1,V232,CAT07, NA,2023-03-01,40814.44, USD
PO03183,POL1,V467,CAT07,APAC,2024-10-06,54154.34,usd
PO03184,POL3,V343, CAT01,NA ,2024-05-22,17255.76,usd
PO03185,POL3,,CAT09,LATAM,2024-05-04,10883.22,
PO03186,POL1,V293,CAT03,emea,2023-03-05,63175.8,usd
PO03187,POL1,V347,CAT08,emea,2024-06-24,85269.85,USD
PO03188, POL2,V055,CAT02,na,2023-07-21,1185.21,
PO03189,POL3 , V186,CAT10,LATAM,2024-09-06,94817.84,usd
PO03190,POL3, V007,CAT01,LATAM ,2024-01-09,61842.05,
PO03191,POL2,V179, CAT06,LATAM,2024-11-02,42143.39,
PO03192, POL3,V243,CAT09,LATAM,2023-10-10,33584.64,
PO03193,POL3 ,V477, CAT04,APAC ,2023-01-07,,usd
PO03194,POL1,V350,CAT10, NA,2024-03-18,20408.6,usd
PO03195,POL2,V042,, LATAM,2023-09-10,5929.41,USD
PO03196,POL3,v089, CAT08,EMEA ,2023-11-27,16775.67,usd
PO03197,POL3,V187,cat09,LATAM,2023-04-10,67641.2, USD
PO03198,POL2 ,V309,CAT06,EMEA,2024-01-20,20784.01,
PO03199,POL1,V236,CAT05,latam,2023-01-30,99673.31,usd
PO03200,pol3,V340 ,CAT03,LATAM,2024-09-29,8579.61,usd
PO03201,POL1,V328,CAT07,LATAM,2024-06-04,14879.17,USD
PO03202, POL1,V217, CAT10,EMEA,2023-11-15,54599.79,USD
PO03203,POL2,V384,CAT09 ,na,2023-04-04,50754.5,
PO03204, POL1,V159,CAT06,latam,2024-10-13,69515.18, USD
PO03205,POL3,v086,CAT02,EMEA,2023-09-15,9194.41,
PO03206,POL3 ,V340,CAT06 , LATAM,2024-01-09,56685.99, USD
PO03207,POL3,V391,CAT05 ,latam,2024-12-08,94297.76,USD
PO03208,POL1,V333 ,CAT08,APAC,2023-09-17,87388.61,usd
PO03209,pol1,V043,CAT08 ,NA,2024-07-25,81843.65,usd
PO03210,POL3 , V179,CAT02,latam,2023-07-13,71216.69,
PO03211,pol1,V226,cat09,LATAM,2023-02-23,55284.37,
PO03212,POL1 ,V403 ,CAT01,NA,2023-07-21,95337.05,
PO03213,POL1 , V048,CAT03,NA,2024-07-06,96271.73,USD
PO03214,POL2 ,V123,CAT08,LATAM,2024-03-22,10679.99,
PO03215,POL1,V314,CAT10 ,EMEA,2023-03-05,49332.13,USD
PO03216,POL2,V228,CAT05,APAC,2024-03-09,59915.81,
PO03217,POL3,V385,CAT10,NA,2023-11-29,78819.67, USD
PO03218,POL3,V395,CAT04, EMEA,2024-12-20,11008.02,
PO03219,POL3,V230,CAT04,LATAM,2024-01-19,9197.33, USD
PO03220,POL3,v381,CAT05,EMEA ,2023-03-31,74648.41,
PO03221,POL2,V393, CAT04,APAC ,2023-05-26,54032.03,USD
PO03222, POL3,v272,CAT09,LATAM,2024-07-02,56501.4,USD
PO03223,POL2,V393,CAT03,EMEA,2023-05-01,85051.4,usd
PO03224,POL3,V235,CAT08 ,EMEA,2023-05-15,34029.8, USD
PO03225,POL2,V024,CAT08 ,apac,2023-03-12,50062.79,
PO03226,pol1,v153, CAT02, LATAM,2024-06-24,26792.56,
PO03227,POL2,V265 ,CAT08,LATAM,2023-10-06,48605.9,usd
PO03228, POL3,V140,cat08,APAC,2023-03-01,4255.23,
PO03229,POL2,V264,CAT04,EMEA,2024-05-13,39433.01,usd
PO03230,pol2,v409,CAT03,EMEA,2024-02-02,26026.89,
PO03231,POL3,V088,cat08,LATAM,2024-02-20,,
PO03232,POL2,V346 , CAT09,NA,2024-05-21,29491.21, USD
PO03233,POL2,V136,cat02,APAC,2023-09-13,26978.78,usd
PO03234,POL1 ,v317,CAT05,APAC,2024-12-20,42742.64, USD
PO03235,POL2,V108 ,CAT04 ,apac,2024-08-06,12599.12,
PO03236,POL1 , V392,CAT10 ,EMEA,2023-02-02,13057.04,
PO03237, POL1,V499,CAT09, NA,2023-10-27,99003.28, USD
PO03238,POL1,V056,CAT06 ,LATAM,2024-08-08,99600.85,usd
PO03239,POL2,V047,CAT07,na,2023-01-14,70754.7,
PO03240,pol2,V467 ,CAT03,LATAM ,2024-04-03,4602.97,usd
PO03241,POL1 ,V410,CAT06,NA ,2024-07-14,73564.7,USD
PO03242,POL3,v493,CAT10,LATAM,2023-07-01,98224.86,usd
PO03243, POL2,V347,CAT05,NA,2023-11-09,68395.45, USD
PO03244,pol3,V313, CAT05,APAC,2023-08-13,14584.05,usd
PO03245,pol2,V165, CAT08,NA,2023-07-18,51379.56, USD
PO03246,POL3,V085 ,CAT08,EMEA,2024-02-16,76545.08,USD
PO03247,POL1,V424,cat03,latam,2023-05-08,25021.54,
PO03248, POL3,V257,CAT05 ,LATAM,2024-02-17,50844.78,USD
PO03249, POL3,V420,CAT09 ,apac,2023-01-02,37117.11,
PO03250,POL3,V356 ,CAT08, LATAM,2024-03-11,10577.79,USD
PO03251,POL1,V355,CAT06 ,emea,2023-07-24,73929.64,usd
PO03252,pol1,V005,CAT08,EMEA,2023-03-05,90157.41,
PO03253,POL2,V453,cat06,LATAM,2023-06-28,77055.66,
PO03254, POL3, V440,CAT06,NA,2024-01-06,5133.96,USD
PO03255, POL2,v178,CAT07,emea,2024-07-19,18912.0,usd
PO03256,pol1,V340,CAT10 ,LATAM,2023-09-01,50120.9,usd
PO03257, POL1,V172 ,CAT06 ,NA,2024-02-02,11452.83,usd
PO03258,POL3,V280,CAT10 ,LATAM ,2024-01-27,82107.45, USD
PO03259, POL2,v295,CAT10,na,2024-07-16,31382.7, USD
PO03260,POL2,V472,cat06,NA,2023-06-03,97526.89,
PO03261, POL3, V053, CAT01,APAC,2024-11-19,24646.69,
PO03262,POL2,V496,CAT07,EMEA,2023-10-19,45118.36, USD
PO03263,POL2,V412,CAT08,EMEA ,2023-02-27,14438.74,usd
PO03264,POL1 ,V131,,APAC,2024-01-31,91601.68,usd
PO03265,POL1 ,v144,cat05,LATAM ,2023-08-03,96483.83,usd
PO03266,POL2,V003,CAT01,NA,2024-06-14,75549.73,USD
PO03267,POL2,V127,CAT07,LATAM,2024-10-07,82137.59,
PO03268,POL1,V247 ,CAT03,apac,2023-08-26,51639.52,
PO03269,POL3,V350, CAT05,na,2023-10-20,66261.65,usd
PO03270, POL1,V451 ,CAT08,APAC,2024-03-20,76932.34, USD
PO03271,POL1 , V221,CAT03,EMEA,2024-03-10,46081.06,
PO03272,POL3,V256, CAT03,apac,2023-03-09,98588.52,usd
PO03273,POL3,V415,CAT02,APAC,2023-04-21,70410.99, USD
PO03274,pol3, V074, CAT04,APAC,2024-05-16,78608.68, USD
PO03275,POL1 ,V217,CAT10,LATAM,2023-10-21,60662.41,USD
PO03276,pol2,V220,CAT05,APAC,2024-09-30,58491.51, USD
PO03277, POL3,v266,CAT07,APAC ,2024-01-05,8388.58,usd
PO03278,POL2,V302,cat03,emea,2023-08-21,,
PO03279,pol2,V237 ,CAT04,APAC,2024-06-21,40051.7, USD
PO03280,POL1,V151,CAT02 ,NA,2024-03-28,63367.74, USD
PO03281,pol3,V133,CAT09,LATAM,2024-02-18,92668.09, USD
PO03282,POL1, V151,CAT08 ,na,2024-04-17,99814.75,USD
PO03283,pol1,V143,CAT02,EMEA ,2024-08-05,85595.48,USD
PO03284, POL1,V475,CAT06,APAC ,2024-06-19,52795.96,
PO03285,POL3,V480,CAT09,na,2024-08-31,38339.09,USD
PO03286,POL2,V110,CAT09,apac,2024-04-06,98749.8,USD
PO03287,POL3,V354,CAT04,EMEA,2024-10-07,21963.68,
PO03288,POL1 ,v223,CAT05, APAC,2024-02-25,10457.03,usd
PO03289,POL3,V171,CAT10,NA,2023-11-07,59209.4, USD
PO03290,POL2,V358 ,CAT02 ,NA,2023-10-18,79752.07, USD
PO03291,POL2,V193,CAT04,emea,2023-08-01,19846.02, USD
PO03292,POL3, V309, CAT10,EMEA,2023-08-25,27976.69,USD
PO03293,POL1,V431,cat03,NA,2023-04-01,63013.66,usd
PO03294,POL2,v147,CAT06,LATAM,2024-12-20,64053.37,USD
PO03295,POL1,V310,CAT10,emea,2023-06-20,83162.52,usd
PO03296,POL3,v404,CAT09,na,2023-11-17,98796.18, USD
PO03297,pol3,V061,cat05,latam,2023-10-10,53845.71,usd
PO03298,POL2 ,V185,CAT04,EMEA,2024-05-15,25787.23,
PO03299,pol1, V206,CAT02,NA,2024-11-21,17542.4,usd
PO03300,POL2,V360,cat07,APAC,2024-01-19,64708.23,
PO03301,pol3,V459,CAT01,NA,2024-01-25,69496.97,USD
PO03302,POL2,v239,CAT02, LATAM,2023-01-19,64694.06,usd
PO03303, POL1,V172,CAT06 ,APAC,2024-07-18,,usd
PO03304,POL2, V016,cat06,EMEA,2023-01-24,44351.07,usd
PO03305,POL2, V053,cat02,NA,2023-01-22,31509.46,
PO03306,POL1 ,V362,CAT05,LATAM,2024-04-09,61944.79, USD
PO03307,POL3, V473,CAT06 ,APAC ,2024-09-24,69292.58,usd
PO03308,POL2,v028,CAT09,APAC,2023-08-18,39626.04,usd
PO03309,POL3,V492,CAT05, NA,2024-11-27,12670.47,
PO03310,pol1,V454,CAT05,LATAM,2024-04-26,91147.58,usd
PO03311,pol2,V385,CAT05,APAC,2024-02-10,8899.54,
PO03312,POL3,V275,CAT09, APAC,2023-06-23,85656.98,USD
PO03313,POL3,v083, CAT02,NA ,2023-07-05,12586.43,usd
PO03314,POL2 ,v447,cat09,LATAM,2023-10-18,56623.72,USD
PO03315,POL2,V097,CAT06, APAC,2023-05-06,53961.98, USD
PO03316,POL3,V413, CAT08,NA,2023-11-11,58096.68,
PO03317,POL2,V040,CAT06,emea,2024-10-02,30822.42,USD
PO03318,POL1,V008,CAT06 ,EMEA,2023-03-16,77846.67,
PO03319,pol3,v096,CAT02,EMEA,2024-09-24,20190.07,
PO03320,POL1,V277,CAT04,APAC,2024-07-05,34014.6, USD
PO03321,POL2,V464,CAT08, LATAM,2023-04-18,20559.86,
PO03322,pol1,V164 ,CAT08,NA,2023-02-25,44226.11,
PO03323,POL1,V178,CAT07,apac,2023-05-31,64636.44,
PO03324,POL2,v170,CAT07,EMEA,2023-11-18,7407.79,usd
PO03325,POL3,V119 ,CAT07,APAC,2023-01-18,93444.71,usd
PO03326,POL1,V363,CAT04,APAC ,2024-05-20,26557.84, USD
PO03327, POL2, V268,CAT02,LATAM,2024-07-02,16011.04, USD
PO03328,POL2,V322,CAT05,LATAM,2023-11-25,63397.82, USD
PO03329,POL1, V268,CAT04, EMEA,2023-07-12,81174.74, USD
PO03330, POL1,V039,CAT06,emea,2024-03-25,87150.53,
PO03331,POL3,v268,CAT06 , LATAM,2023-08-08,22769.21,
PO03332,POL2,V222 ,cat09,LATAM,2024-12-30,38084.78,usd
PO03333,POL2 ,V428 ,CAT08,NA,2024-10-10,,USD
PO03334,POL2,V200,CAT07,APAC,2023-09-02,76195.8, USD
PO03335, POL3,V311 ,cat03,LATAM,2023-11-30,69546.81,usd
PO03336,POL1 , V090,CAT10,APAC,2023-01-05,54430.45,USD
PO03337,POL1 ,V355 ,CAT06, EMEA,2023-07-06,74824.31,USD
PO03338,POL3,V230 ,cat05, EMEA,2023-01-13,13785.07,usd
PO03339,POL2,V079,CAT01,APAC,2024-03-18,49303.81,usd
PO03340,pol3,V343,CAT03,APAC,2024-05-03,29610.44,USD
PO03341,POL2,V086,CAT01,EMEA,2024-11-27,99899.74, USD
PO03342,POL2 ,v285,CAT04, EMEA,2023-06-06,66855.85,usd
PO03343,POL2,V047,CAT03,EMEA,2023-07-26,2609.28,usd
PO03344,POL3,V443,CAT05,APAC ,2024-11-17,20009.37,usd
PO03345,pol3, V082,CAT07 ,LATAM ,2024-07-14,19921.88, USD
PO03346,POL2,v445,CAT08 , LATAM,2023-05-15,96827.6, USD
PO03347,POL3,V268 , CAT10,EMEA,2024-04-09,58775.69,usd
PO03348,POL2 ,V065,CAT09, LATAM,2024-06-25,34661.98,
PO03349,POL1,v384,cat07,latam,2023-04-18,80379.51, USD
PO03350,POL2,V070,CAT06,EMEA,2023-09-18,39186.0,USD
PO03351,pol2,V360 ,CAT05,LATAM,2024-03-01,12260.86,usd
PO03352,POL1,V096,CAT04, LATAM,2024-09-03,41145.91,USD
PO03353,POL1,V237,CAT08,APAC,2024-02-02,26228.4,USD
PO03354,POL2,V370,CAT08,,2024-05-15,86161.69,usd
PO03355,POL1 ,v259,CAT09,EMEA,2024-01-22,39211.09,usd
PO03356, POL3,V230, CAT02,,2024-04-25,92945.58, USD
PO03357, POL2,V138,CAT04,EMEA,2023-03-23,72815.72, USD
PO03358,POL2,v490, CAT06,LATAM,2023-11-02,8731.37,USD
PO03359, POL1, V094,CAT04 , EMEA,2024-08-04,85271.16,usd
PO03360,POL1,V422,CAT04, EMEA,2024-06-23,1172.49,usd
PO03361, POL2,V325,cat08,APAC ,2023-09-08,50058.69,usd
PO03362,POL3,V387,CAT02,NA ,2024-07-18,81868.93,usd
PO03363, POL2, V361,cat08,LATAM,2024-02-11,69073.14, USD
PO03364,POL2 , V176,CAT04,NA,2023-11-11,89649.62, USD
PO03365,POL2, V099,CAT08,na,2024-07-18,7612.47,
PO03366,POL1,V440,CAT01,EMEA,2024-07-13,57671.59,
PO03367,POL3 ,V232, CAT02,LATAM,2024-04-29,87981.68,usd
PO03368,pol3,V393 ,CAT03,EMEA,2024-06-17,1251.79,usd
PO03369,pol1,V170, CAT09,EMEA,2024-12-06,63319.61,
PO03370,pol2,v183,CAT01, APAC,2024-10-21,53809.54,usd
PO03371, POL1, V112,CAT05,apac,2024-06-03,77292.51,
PO03372,POL2,V398,CAT04, NA,2024-11-27,19966.0,USD
PO03373,POL2, V326,CAT10,APAC ,2024-10-21,68267.04,
PO03374,POL1,V088,CAT09 ,EMEA ,2024-05-08,76529.01,usd
PO03375,pol2,V474,CAT10, EMEA,2024-12-24,4115.75,usd
PO03376,POL2,V160, CAT01,emea,2023-07-20,96571.78, USD
PO03377, POL1,V131,CAT06,NA,2024-06-02,55388.51,usd
PO03378,POL3,V498 ,,APAC,2023-03-08,70555.92, USD
PO03379,pol3,v173, CAT03,APAC,2023-06-09,47831.55,
PO03380, POL1,V267,CAT03,EMEA ,2024-08-03,5537.21,
PO03381,pol1,V359,CAT08,NA,2023-10-01,33531.59,usd
PO03382,POL3 ,v408,CAT09,APAC,2024-01-20,21624.93,USD
PO03383,POL1,V333,CAT04,apac,2024-01-12,63324.11,USD
PO03384,POL3,V054,cat02,LATAM,2024-05-17,24359.38,USD
PO03385, POL1,V276,CAT05, APAC,2024-03-02,31650.18,usd
PO03386,POL2,v185,CAT04,NA,2024-11-07,9249.67,usd
PO03387,POL1,V327 ,cat06,APAC,2023-02-05,59884.9,USD
PO03388,POL1 ,v205,CAT10,apac,2024-10-22,14814.8,USD
PO03389, POL1,V120, CAT02,APAC,2023-05-19,83203.51, USD
PO03390, POL3,V403 ,CAT04,latam,2023-10-07,80610.14, USD
PO03391, POL3,V195 ,CAT02,emea,2024-08-27,98997.51,usd
PO03392,POL1,V494,CAT03,EMEA,2023-04-08,3711.59,
PO03393,POL3,V344 ,CAT02 ,APAC,2023-05-11,15019.32, USD
PO03394, POL2,v383,CAT03,latam,2023-11-12,89587.12,USD
PO03395,POL1, V383,CAT08,NA,2024-02-23,,USD
PO03396,POL1,V365,cat06,emea,2024-08-02,81921.47,USD
PO03397,POL3, V037,cat03,latam,2023-01-23,52230.92,
PO03398,POL2,V146 ,CAT08,EMEA ,2023-06-17,61959.29, USD
PO03399,POL2,V181,CAT07,EMEA,2024-01-11,58378.35,
PO03400,POL3,V225,CAT03,EMEA,2024-09-07,88140.54,
PO03401,POL3, V435,cat03,EMEA,2024-11-08,82791.65,usd
PO03402,pol3,V123 ,CAT07,EMEA,2024-01-26,48418.53,
PO03403,POL3,V482, CAT06,NA,2024-07-01,20423.26, USD
PO03404,POL2,V304 ,CAT07,NA,2023-03-31,65347.95,
PO03405,POL1,V491 ,CAT03,apac,2024-03-20,50616.04,USD
PO03406,pol3,V017,CAT04 , APAC,2024-03-11,74783.84,
PO03407,POL2,V326 ,CAT01, NA,2023-11-06,77747.22,USD
PO03408,POL1, V106,CAT02 ,latam,2023-01-10,70404.41, USD
PO03409,POL3, V484,CAT10,NA,2023-03-24,72348.67,usd
PO03410,pol3,V441,CAT10,APAC,2024-05-13,24095.95,
PO03411, POL3,V262,CAT03,apac,2023-10-01,33645.6, USD
PO03412,POL2,V124,CAT09,APAC,2024-07-14,1783.81, USD
PO03413,POL2,V256,CAT10 ,NA,2024-08-23,33004.7,
PO03414,pol2, V193,CAT10,APAC ,2023-02-28,40405.81, USD
PO03415,POL1 ,V127,CAT08 ,APAC,2024-08-30,16523.87,USD
PO03416,POL2 ,V320,CAT08,APAC,2024-12-17,16867.04,USD
PO03417,POL2,V397,CAT01 ,NA,2023-02-12,34539.02, USD
PO03418,POL2,V277,CAT05,LATAM ,2023-04-29,19598.71,USD
PO03419,POL1 , V188,CAT02 ,LATAM,2024-12-28,8375.13, USD
PO03420,POL1 ,V235,CAT07 ,LATAM ,2023-08-13,1667.23,usd
PO03421,POL3 ,v102,CAT10 ,EMEA ,2023-01-25,19529.53, USD
PO03422, POL2,V011,CAT07,EMEA,2024-11-30,1252.16, USD
PO03423,pol3,V231,CAT05 ,NA,2023-07-08,31065.95,usd
PO03424,POL3 ,V393 ,CAT07 ,NA,2024-07-26,18161.99,usd
PO03425,POL1,V475,CAT08,emea,2024-05-10,86123.73,
PO03426,POL1 ,V221 , CAT05,NA,2024-12-07,40967.88,usd
PO03427, POL2,V237,CAT06, LATAM,2024-06-05,86518.1, USD
PO03428,POL1,V342 ,CAT09,NA,2023-08-20,20968.52,USD
PO03429,POL2,V492,CAT07 ,na,2023-07-21,40198.93,usd
PO03430,POL2,V176 ,CAT01,NA ,2023-06-14,86744.66,
PO03431,POL3,V500 ,CAT04 ,APAC ,2024-10-23,17410.77,usd
PO03432, POL2, V166,cat04,LATAM ,2023-03-04,80547.48,
PO03433,POL2, V353,CAT09,LATAM,2024-03-12,89667.54,USD
PO03434,POL3 ,V289,CAT04,APAC,2024-10-26,13414.27,usd
PO03435,pol2,V227,CAT04,EMEA,2024-11-05,48045.22,
PO03436,POL3,V187,cat10,NA,2024-03-25,,USD
PO03437,pol2,V147, CAT06,LATAM,2024-12-21,80963.89,
PO03438,POL1, V115,cat10,NA,2023-03-30,7047.91,
PO03439, POL2,V354, CAT08,LATAM,2023-11-11,63469.85,
PO03440,POL1,V437 ,CAT08 ,EMEA ,2024-03-12,46735.92,usd
PO03441,POL3,V074, CAT05, EMEA,2024-12-07,10577.51,USD
PO03442,pol1,V483,CAT05 ,APAC,2024-05-06,72874.55,usd
PO03443,POL3,V397,CAT01,EMEA,2024-10-03,88304.05,usd
PO03444,POL3,V084,CAT09 ,NA,2023-03-05,50728.88,
PO03445,POL3,V202,cat02, APAC,2023-07-16,9789.81,USD
PO03446,POL1,V448,CAT03,NA,2023-04-06,28218.11, USD
PO03447,POL2 ,V364 ,CAT08,EMEA,2023-05-16,85018.17,usd
PO03448,POL3,v427,CAT08,APAC,2024-06-07,84963.25,usd
PO03449,POL3,V152 , CAT10,LATAM,2024-02-25,90642.52,usd
PO03450,POL1, V077,CAT08,APAC,2024-09-03,7333.55,
PO03451, POL2,V021, CAT01, EMEA,2023-03-28,24243.87, USD
PO03452,POL1,v070,CAT03,NA,2024-12-04,16301.72,USD
PO03453,POL1,V392 ,CAT09,apac,2023-09-12,71842.82,
PO03454,POL1,V238, CAT08,NA,2023-05-26,80611.93,USD
PO03455,POL2, V375, CAT04,LATAM,2023-05-06,13848.78,
PO03456,POL2, V154,CAT02, EMEA,2023-10-14,90118.3,USD
PO03457,POL3,V422, CAT06,APAC,2024-05-21,78895.43, USD
PO03458, POL1,V440,CAT08, APAC,2023-12-17,40293.74, USD
PO03459, POL3, V480,CAT09,latam,2023-06-19,29232.91,usd
PO03460,POL1,V378 , CAT03, LATAM,2023-12-21,54095.47,
PO03461,POL3, V005,CAT03,EMEA,2023-07-05,72337.37,
PO03462,POL3,V299,CAT10,EMEA,2024-12-11,15515.99,USD
PO03463,POL2,V224,CAT06,NA ,2024-06-08,48804.21,usd
PO03464,pol1,V428,CAT01 ,latam,2023-11-06,58656.44, USD
PO03465,POL1, V295,CAT09,NA,2023-08-20,68122.87,
PO03466,POL3,V409,CAT10,na,2024-07-04,35269.32,USD
PO03467,POL2,V283 ,CAT02,APAC,2024-03-13,65442.48,USD
PO03468,POL3, V368, CAT10,APAC,2023-07-19,75455.54,
PO03469,POL3,V182 ,CAT09,NA ,2023-07-09,14146.42,usd
PO03470,POL3,V299, CAT09,NA,2023-05-27,27483.7,
PO03471,pol3,V014, CAT01,na,2023-06-21,41793.21,usd
PO03472,pol1,V245 ,CAT04,APAC,2023-03-14,81470.71, USD
PO03473,POL3,V046,CAT06,APAC,2024-05-08,8329.95, USD
PO03474,pol1,V122 ,CAT05 ,EMEA,2023-03-01,32367.73,
PO03475,POL3,V155,CAT10,EMEA,2024-11-16,27224.16,usd
PO03476,POL2,V284,cat02,APAC,2023-12-24,64293.7,USD
PO03477,POL1,V489,CAT03 ,LATAM ,2023-02-19,28557.43, USD
PO03478,POL3,V105,CAT01,apac,2024-03-28,49975.73, USD
PO03479,POL2, V494, CAT10,APAC,2023-12-08,44920.39,usd
PO03480,POL1 ,V135,CAT03 ,LATAM,2024-04-16,,USD
PO03481, POL3, V188,CAT04,LATAM,2024-07-20,76340.95, USD
PO03482,pol1,V110,CAT01,NA ,2023-01-09,53853.68,USD
PO03483,POL3, V320,CAT02,apac,2023-10-01,33602.29,
PO03484,POL2,V457,cat08,NA,2024-05-09,49057.64,USD
PO03485, POL3,v213,CAT04 ,NA,2024-07-31,37378.26,USD
PO03486, POL1, V123,CAT04,NA ,2024-10-20,,
PO03487,POL2 , V060, CAT08, APAC,2024-08-28,12410.35,
PO03488,POL3,V014,CAT05,EMEA,2023-10-05,,
PO03489, POL2,V045,CAT04,EMEA,2023-03-08,87857.15,usd
PO03490,POL3 , V105,CAT01,EMEA,2023-06-12,22658.62,USD
PO03491,pol1,V021, CAT03,apac,2024-01-22,94292.88, USD
PO03492,POL1,V440,CAT06,LATAM ,2023-10-01,89671.97,USD
PO03493,POL3,V084,cat09,LATAM ,2023-05-11,94179.56, USD
PO03494,POL2,V026,CAT10,EMEA ,2024-07-24,43104.74,usd
PO03495,POL2 ,V271,CAT03,NA,2024-06-18,45506.49,
PO03496,pol1,V195 ,CAT10,NA,2024-03-25,47925.19,USD
PO03497,POL2 , V415, CAT03,emea,2024-08-03,48659.82,USD
PO03498,POL2,V060,CAT05,NA,2024-04-07,16023.43,usd
PO03499,POL3 ,V347,CAT06,EMEA ,2023-02-22,20102.35,USD
PO03500,POL2,V019,CAT08, EMEA,2024-01-12,96892.6,
PO03501,pol2,V344 ,CAT02,APAC,2023-08-30,69738.44,usd
PO03502,POL1 ,V201,CAT09,latam,2023-05-27,93880.04,USD
PO03503,pol3,V419,CAT10,latam,2024-03-06,63623.21, USD
PO03504,POL2, V227,cat10,EMEA,2024-06-10,71094.34,
PO03505,POL1,V390,CAT07,EMEA,2024-01-30,75451.93,USD
PO03506,POL2 ,V321,CAT02,LATAM,2024-02-29,11057.67, USD
PO03507,POL1,V154,CAT01 ,latam,2024-04-20,13686.6,usd
PO03508,POL2,V451,cat01,LATAM,2024-09-03,25999.16, USD
PO03509, POL3,V467,CAT08,APAC ,2023-03-04,77865.8,usd
PO03510,POL3,V440,cat03,na,2023-04-23,82072.19, USD
PO03511, POL2,V281,cat03, LATAM,2024-02-29,14452.32,
PO03512,pol1,V317,CAT06,apac,2024-06-12,53003.78,
PO03513,POL3,V407 ,CAT01,APAC,2024-12-14,6559.64, USD
PO03514,POL3,V019,CAT07 ,NA,2024-01-31,15210.0,USD
PO03515,POL2,V016, CAT08,na,2024-12-08,77705.61,usd
PO03516,POL3,V106,cat10, EMEA,2023-04-19,17683.49,usd
PO03517,POL1 , V391,CAT04,NA,2024-07-10,19103.33, USD
PO03518,POL3 ,V140 ,CAT08,LATAM,2023-04-13,90878.13, USD
PO03519,POL1,V304,CAT02,LATAM,2024-12-23,16574.79, USD
PO03520,POL1,V491 ,CAT05 ,NA,2023-10-01,47990.67,usd
PO03521, POL3,V458,cat09,EMEA,2024-04-24,16162.88,usd
PO03522,POL1,V201, CAT04,EMEA,2024-01-24,34879.0, USD
PO03523,pol1,V367 ,CAT02,EMEA,2023-05-22,85724.01, USD
PO03524,POL1,V385 , CAT02,LATAM,2023-05-19,29009.01, USD
PO03525,POL3,v363,CAT07,na,2023-06-22,34366.89,
PO03526, POL2,V078,CAT08 ,APAC,2023-03-30,20640.19,usd
PO03527,POL1, V194,CAT02,LATAM,2023-09-24,47483.59,
PO03528,POL3,V061,CAT09,APAC,2024-04-09,52645.05,
PO03529,pol2,V101,CAT04,NA ,2024-11-20,5825.56, USD
PO03530, POL3,V258,cat02,LATAM,2023-03-22,43540.25,
PO03531,pol2,V334,CAT03,LATAM ,2023-04-16,34795.25, USD
PO03532,POL2,V382,,APAC ,2024-08-12,54574.35, USD
PO03533,POL3,V162,CAT08, APAC,2024-01-02,87356.57,USD
PO03534, POL3,V387, CAT03,LATAM,2023-05-13,48381.63,USD
PO03535,pol1, V498,CAT03 , NA,2024-02-23,86959.24,
PO03536,POL2,V389,CAT05,NA,2024-02-11,72557.02,usd
PO03537,POL1, V195,CAT07, EMEA,2023-12-23,40868.89,USD
PO03538,POL3,V031, CAT05,LATAM,2023-07-12,70975.4, USD
PO03539,POL2,V237 ,CAT02,LATAM,2023-07-25,47971.36, USD
PO03540,pol2,v305,CAT05,apac,2023-01-27,80960.99,USD
PO03541,POL2,V468,CAT01 ,emea,2024-02-06,56052.79,usd
PO03542,POL1,V496,CAT04,NA,2024-03-26,43162.67,USD
PO03543,POL1,V310, CAT05,emea,2024-04-08,7148.56,usd
PO03544,POL1, V071,CAT08 ,APAC,2023-08-13,78295.47,USD
PO03545,POL3,V112,CAT07,APAC,2024-09-26,35395.56, USD
PO03546,POL3,V015, CAT07, NA,2023-11-27,94611.67, USD
PO03547,POL3,V349,CAT03, NA,2023-10-19,43763.89, USD
PO03548,pol1,V005,cat08,EMEA,2023-09-20,16660.7,usd
PO03549,POL2,V254,CAT05,APAC,2024-05-02,45092.66,USD
PO03550,POL1,V141,CAT01 ,NA ,2023-12-07,3242.37, USD
PO03551,POL1 , V216,CAT06,LATAM,2023-12-30,23863.85,USD
PO03552,POL2,V111,CAT03,LATAM,2024-03-09,77822.68,USD
PO03553,pol3,v016,CAT03 ,LATAM,2024-06-12,60314.39,
PO03554,POL1 ,V173,CAT10 ,APAC,2024-11-18,98397.75,
PO03555,pol1,V252,CAT03,LATAM,2023-05-21,77894.29, USD
PO03556,POL1 ,V278,cat08,NA,2023-12-02,38663.77,usd
PO03557,POL2,V099,CAT05,emea,2023-09-23,7266.17,usd
PO03558,POL1,V088 ,CAT10,NA,2023-06-11,36107.54,usd
PO03559,POL2,V308,CAT07,LATAM,2024-04-24,43911.79,USD
PO03560,POL3, V296,CAT04,EMEA,2024-11-17,51811.89,usd
PO03561,POL3,V269 , CAT09,EMEA,2024-05-11,23745.77,USD
PO03562,POL3,V468,CAT02,EMEA,2023-05-08,30480.37,USD
PO03563, POL1,V073,CAT02,LATAM,2024-07-29,48645.6,USD
PO03564,POL1,V485 ,CAT06,latam,2023-12-09,56664.79,
PO03565,POL1,V183,CAT10,EMEA ,2024-10-28,49936.14, USD
PO03566,POL2 ,V058,CAT02,APAC,2023-11-17,69240.36,usd
PO03567,POL2,v059, CAT06,NA,2023-03-21,22784.56,usd
PO03568, POL1, V401,CAT05 ,apac,2024-03-17,48014.42,usd
PO03569, POL2,V471,CAT01 ,EMEA ,2024-06-29,99473.55,USD
PO03570,POL1, V085,cat04,EMEA,2024-11-18,58263.26,USD
PO03571,pol1,V220,CAT10,apac,2024-04-23,75253.43,usd
PO03572,pol1,V466,CAT09,LATAM,2024-05-13,36912.6,usd
PO03573,POL1,V251,CAT01,LATAM ,2023-02-11,58787.28,usd
PO03574,POL3, V431,CAT04,EMEA,2023-01-17,48002.4,USD
PO03575, POL2,V488,CAT06,NA,2023-03-07,24812.49, USD
PO03576,POL1, V017,CAT04 , LATAM,2024-07-23,,usd
PO03577, POL1,V211 ,cat05,LATAM,2023-10-07,37964.84, USD
PO03578,POL3,v266,cat06,APAC,2024-07-12,45797.93, USD
PO03579,POL3,V461,CAT10,LATAM,2023-10-15,79018.84,USD
PO03580,pol1,V221,CAT08 ,NA,2024-01-02,86597.62, USD
PO03581,POL3, V137,CAT05,na,2024-03-16,72828.74,USD
PO03582, POL2, V252,CAT10,NA ,2023-10-28,57338.8,
PO03583,POL1 ,V020,CAT05,NA,2024-10-02,37225.31,USD
PO03584,POL2, V235,CAT03 ,LATAM,2024-06-12,35316.77,
PO03585,pol2,v295,CAT07,NA,2024-12-10,,usd
PO03586,POL2,V020 ,CAT08,EMEA,2023-02-06,83946.5,usd
PO03587,POL1 ,V263,CAT06,NA,2023-08-18,32163.91,usd
PO03588,POL1,V053,CAT08,EMEA,2024-01-14,64930.47,usd
PO03589,POL3,V138,cat07,apac,2024-02-18,3802.79,usd
PO03590,POL1,V190, CAT03,APAC,2024-03-24,80709.4, USD
PO03591,POL2,V058,CAT01,EMEA,2024-03-10,4925.02,usd
PO03592,POL2 ,V110,CAT06,APAC,2023-04-29,81796.07, USD
PO03593, POL1,v038,CAT07,EMEA,2023-03-17,99069.35,USD
PO03594, POL1,v061,CAT10,LATAM,2023-12-21,28729.42,
PO03595,POL3, V470,CAT02,emea,2024-03-02,97048.42,USD
PO03596,POL2,V450,CAT04,EMEA,2023-10-19,61346.4,usd
PO03597,POL3,v265,cat03,NA,2023-02-26,55952.15,USD
PO03598,POL3 ,V384,CAT08,apac,2023-11-21,,usd
PO03599, POL3,V171, CAT10,LATAM,2024-07-04,60501.66,
PO03600,POL2,V323 , CAT08,APAC,2024-05-19,40440.8, USD
PO03601,POL1,V466,CAT08,EMEA,2023-08-05,30326.7, USD
PO03602,POL3, V204,CAT01,APAC,2023-11-15,94842.83,USD
PO03603, POL1,V195 ,CAT10 ,APAC,2023-07-03,92024.69,USD
PO03604,POL2 ,V474, CAT10,latam,2023-06-16,1201.65,
PO03605,POL2, V498,CAT06,NA,2024-12-11,91218.07, USD
PO03606,pol1,V256 ,CAT09 ,EMEA ,2023-07-04,27205.78,usd
PO03607, POL1,V414 , CAT08,LATAM,2024-01-03,90561.71,USD
PO03608,pol2,V450 ,CAT03, EMEA,2023-07-13,49367.07,USD
PO03609, POL3,V324 , CAT04,emea,2024-07-02,49018.9,
PO03610,POL1 ,V174 ,CAT01 ,latam,2024-02-05,15902.93,usd
PO03611,POL1,v346,CAT07,,2023-04-28,43072.77,
PO03612,pol1,V015, CAT10,NA,2024-11-16,92104.69,USD
PO03613,POL2,V436,CAT10,na,2024-06-26,8148.68,USD
PO03614,POL2, V490,CAT05, LATAM,2023-05-07,58179.35,
PO03615,pol3, V078,CAT04 ,EMEA,2024-03-31,44776.37,USD
PO03616,POL2 ,V490,cat09,APAC ,2023-09-10,18310.01,usd
PO03617,POL1,v193, CAT10,latam,2023-05-05,24362.49,usd
PO03618,POL2, V465,CAT03,EMEA,2023-09-15,20605.31,usd
PO03619,pol3,V354,CAT09 ,APAC ,2023-08-21,94880.93,usd
PO03620,POL3,v373,CAT01, NA,2023-02-22,56068.31,usd
PO03621,POL1, V381, CAT08,APAC,2024-09-26,32757.83,USD
PO03622, POL1, V200,CAT01,APAC,2023-02-05,14895.19,
PO03623,POL1,V274,cat08,EMEA,2023-06-27,49496.49, USD
PO03624,POL1 ,V448,cat02, LATAM,2023-02-21,44216.24,USD
PO03625, POL3,V167,CAT08,APAC ,2024-02-15,89607.84,USD
PO03626,POL2,,CAT08,APAC,2024-06-06,61496.41,
PO03627,pol2,V300,CAT04, NA,2023-03-20,18216.57,usd
PO03628,POL3,V400,CAT02,LATAM,2024-07-20,34971.62,usd
PO03629,POL3 ,V044 ,cat10,NA,2023-08-10,94900.86,
PO03630,POL1 ,V017,cat06,NA,2024-03-14,11841.78,USD
PO03631,POL3,V097,CAT05,APAC,2024-09-09,54909.42, USD
PO03632,POL1,V405,cat02,EMEA,2023-05-03,74951.33, USD
PO03633,POL2, V397,CAT10,NA,2023-05-13,16830.32,usd
PO03634,POL1,V141,CAT08,EMEA,2023-09-14,20478.11,
PO03635,POL1, V129,cat01,apac,2024-06-15,44858.3,
PO03636,POL1 ,v447, CAT01,APAC,2024-09-30,67672.15, USD
PO03637,pol1,V417,CAT03,EMEA,2024-11-22,82116.68,USD
PO03638,POL2,V354,CAT07,NA ,2024-04-16,38254.29,
PO03639, POL3,V250 ,cat02,LATAM,2023-04-12,50286.58,USD
PO03640,POL2,V365 ,CAT02 ,apac,2024-11-16,,usd
PO03641,POL2 ,V449 ,CAT04, EMEA,2023-09-08,30537.66, USD
PO03642,POL3 ,V416 ,CAT01,APAC,2024-05-19,87138.73,USD
PO03643, POL2,V131, CAT01,NA,2023-08-08,35579.07,USD
PO03644,POL2,V199 ,CAT03, NA,2024-07-28,98187.97,
PO03645,pol2,V151,CAT03,NA ,2024-07-10,2483.73,
PO03646,POL3,v380,CAT04, APAC,2024-05-16,30004.09, USD
PO03647,POL2 ,V432 ,CAT01,LATAM ,2024-12-08,72755.67, USD
PO03648,pol1,v433,CAT01,LATAM,2023-06-07,88878.8,
PO03649,POL3,V176,CAT02,NA,2023-09-14,57248.49,usd
PO03650,pol1,v496,CAT02,NA,2024-10-03,6115.11, USD
PO03651,POL1,V496,CAT04, LATAM,2023-02-16,11672.66,
PO03652,POL2 ,v443,CAT10, LATAM,2024-12-11,69507.51, USD
PO03653,POL2,v105,cat07,EMEA,2023-02-02,46411.78,usd
PO03654,POL1,V297 ,cat10,na,2023-05-22,88206.85,usd
PO03655,POL1,V357,CAT02,LATAM ,2023-11-02,,USD
PO03656,POL1,V095,CAT05,NA,2023-09-05,60666.81,usd
PO03657, POL1,V061,CAT02,latam,2023-06-08,68849.71, USD
PO03658,POL3,V109, CAT07,NA,2023-09-21,12033.99,usd
PO03659,POL3,V084, CAT09,LATAM,2023-01-07,57635.09, USD
PO03660,POL3,V264,cat06,LATAM,2023-12-18,31359.11, USD
PO03661, POL3,V047,CAT05,NA,2023-02-07,25794.19,USD
PO03662,POL3,V437,cat06,APAC,2024-12-06,,
PO03663,POL1,V228, CAT02,NA,2023-09-30,38130.82, USD
PO03664,POL3, V495,CAT02,LATAM,2024-08-12,29400.43,usd
PO03665,POL3,V350 ,,NA,2023-03-30,2747.45, USD
PO03666,POL3,v326,CAT03 ,LATAM,2023-04-12,65352.49, USD
PO03667,POL2 ,V208,CAT05,EMEA,2023-09-13,88178.44,USD
PO03668,pol1,V379,CAT07,APAC ,2024-06-29,88002.73,
PO03669,POL2,V139,CAT03,LATAM,2023-02-18,30169.12,USD
PO03670,pol2,V485 ,CAT03,EMEA,2024-07-09,84428.53,USD
PO03671,POL2 ,V287,CAT09, NA,2023-03-15,31945.61,
PO03672,POL1, V472,CAT03,NA,2024-10-19,24874.67,USD
PO03673, POL3,V321,CAT05,APAC,2024-07-23,59736.19,usd
PO03674,POL3, V435,CAT06 ,APAC,2023-03-23,44110.66,USD
PO03675, POL1,V161,CAT10 , NA,2023-08-26,22645.4,USD
PO03676, POL1,V077, CAT01,LATAM ,2024-04-29,12039.83,
PO03677, POL1,V457,CAT05 , NA,2024-08-08,56274.9,USD
PO03678,POL3,V110, CAT03,latam,2024-04-22,75974.64, USD
PO03679,POL1 ,V274,CAT06,APAC,2024-11-29,51404.99,USD
PO03680,POL1 ,V184,CAT08 ,latam,2024-10-19,28219.48,usd
PO03681,POL1,V252,CAT09,LATAM,2023-06-03,62825.95,usd
PO03682,POL3,V064, CAT04,EMEA,2023-10-15,41989.85,
PO03683, POL1,V471 ,CAT01,latam,2024-10-04,1447.21,USD
PO03684,POL3 ,v194,CAT04,LATAM,2023-03-12,17252.34, USD
PO03685,POL1,V487,CAT03,NA,2024-04-04,74285.38,usd
PO03686,POL2,V424,cat09,EMEA,2023-09-18,27323.99,USD
PO03687, POL3,V287,CAT08,APAC,2023-07-07,82713.58,USD
PO03688,POL3,V374,CAT03,LATAM ,2023-05-13,28971.86,USD
PO03689,POL1,v269,cat08,emea,2024-11-11,50317.05,USD
PO03690,POL2,V492,CAT04,emea,2024-02-28,97863.03,
PO03691,POL3 ,V405, CAT05,APAC,2023-11-21,91542.57, USD
PO03692,POL1 ,V478,cat01,APAC ,2023-09-16,63324.13, USD
PO03693,pol1,V250,cat07,NA,2024-07-27,18214.43,
PO03694,POL3,V060,cat07, LATAM,2024-07-01,98997.54,usd
PO03695,pol3,v039,CAT01,latam,2023-12-18,30846.81, USD
PO03696,POL2,V132,CAT10,APAC,2023-04-26,86243.17,USD
PO03697,POL1,V333,CAT05,NA,2023-02-24,15325.08,
PO03698, POL3, V299,CAT02,na,2023-04-20,34161.25,USD
PO03699,POL3,v031,CAT01,EMEA,2023-01-02,55907.3,
PO03700,POL2, V186,cat08, EMEA,2023-05-10,63773.35, USD
PO03701,POL1 ,V375,CAT05,latam,2023-03-06,79317.93,USD
PO03702,POL3 ,V471,CAT06,APAC,2024-10-28,69733.06,
PO03703,pol3,V417,CAT06,NA,2023-04-27,62948.09, USD
PO03704,POL3 ,V470,cat05,latam,2023-08-14,1937.68,usd
PO03705,POL1,V392,CAT06,apac,2024-11-15,16622.52,USD
PO03706,pol2,V095,CAT02,NA,2023-07-27,71143.78, USD
PO03707,POL1,V343 , CAT08,NA,2023-10-03,96472.4,
PO03708,POL2,V287,CAT05,NA,2023-02-11,61545.09,
PO03709,POL3,V254,CAT10,APAC,2024-04-06,66098.78,usd
PO03710,POL3,V241,CAT03, EMEA,2024-06-01,60821.71,usd
PO03711,POL3, V324, CAT08,EMEA,2023-03-06,13482.88, USD
PO03712,POL1,V089,CAT03,EMEA,2023-09-28,14087.55,usd
PO03713,POL3,V081,CAT07 ,APAC,2023-07-03,19189.93,USD
PO03714,POL1,V373,CAT05,APAC ,2024-03-15,83117.58,usd
PO03715,POL1, V016,CAT05,LATAM,2024-11-20,17065.5,usd
PO03716,pol3,v387,CAT05,apac,2024-02-11,76441.56,USD
PO03717,POL2,V293,CAT05,LATAM,2023-09-11,8681.18,USD
PO03718,pol2,v315,CAT05 ,LATAM ,2023-06-26,21542.6,
PO03719,POL2, V211,CAT01,APAC ,2024-05-18,72917.35,
PO03720,POL1,V278, CAT01,emea,2023-11-18,29189.18, USD
PO03721,pol3, V432, CAT02, LATAM,2024-08-03,12213.98,
PO03722, POL3,V425 ,CAT07,EMEA,2023-07-12,18793.43, USD
PO03723,POL3,V236 , CAT10,APAC,2023-09-28,69867.31,usd
PO03724,pol2,V207, CAT09,emea,2024-06-09,2228.0,
PO03725,POL1,V272, CAT04,NA ,2024-04-30,50009.3,
PO03726,POL2,V394,CAT05 ,EMEA,2023-11-25,7596.04,
PO03727, POL2,V008,cat04,emea,2024-01-09,, USD
PO03728,POL2,, CAT07,APAC ,2024-11-28,73561.64,
PO03729,POL2,V384,CAT03,LATAM,2023-09-03,69704.55,usd
PO03730, POL2, V229,CAT10,LATAM ,2023-11-30,41010.97,USD
PO03731,POL1,V250,CAT07,APAC,2024-11-10,2601.09, USD
PO03732,POL3,V271,CAT08 ,EMEA,2023-12-18,31229.69,
PO03733,POL2,V376, CAT10,EMEA,2024-09-24,83229.6,usd
PO03734,POL1,V361, CAT01,EMEA,2024-05-22,41534.59,USD
PO03735,POL1, V414,CAT10,APAC,2024-07-06,93467.52,USD
PO03736,POL3,,CAT04,na,2024-04-03,60821.38, USD
PO03737,POL1 ,V431,CAT08,na,2024-10-08,55208.75,
PO03738,POL1,V018,CAT10 ,LATAM,2024-12-10,25647.83,
PO03739,POL3,V121 ,CAT08,EMEA ,2024-08-18,53122.55,USD
PO03740,POL2,V305,CAT02,APAC,2024-08-21,,
PO03741,POL2,V355,CAT02 ,EMEA,2024-03-22,62037.31,
PO03742,POL3 ,V156,cat09, NA,2023-09-06,57845.88,usd
PO03743,POL2, V210,CAT03 ,LATAM,2023-06-12,84529.14,
PO03744,POL1 ,V316, CAT04,na,2023-08-29,6128.09,usd
PO03745,POL1,V437 ,CAT09 ,emea,2024-06-18,97528.85,usd
PO03746,POL2,V345,CAT09,APAC,2024-03-23,66310.42,usd
PO03747,POL3,v175,CAT07,emea,2024-03-12,30981.85, USD
PO03748,pol3,v069,CAT02,LATAM ,2023-11-04,51846.93,usd
PO03749, POL3,V185,CAT08 ,LATAM,2023-06-26,23577.43,
PO03750,POL1, V396,cat01,latam,2024-08-07,2454.62,usd
PO03751,POL3 ,V258,CAT10,APAC,2024-04-12,44113.44,USD
PO03752,POL1,V139,CAT03,APAC ,2024-11-09,40833.23,USD
PO03753,pol2,,CAT06,APAC,2023-09-25,6458.37, USD
PO03754,POL1,V021 ,CAT10,latam,2024-10-07,1430.2,
PO03755,POL2, V392,CAT01,NA,2023-06-09,73605.6,usd
PO03756,pol2, V032,CAT05, APAC,2023-06-08,37225.25,USD
PO03757, POL1, V204,cat01, LATAM,2023-10-15,49961.6,usd
PO03758,POL3,V030,CAT04, NA,2023-11-15,88935.37,
PO03759,POL2,V381 ,CAT07,APAC ,2023-04-02,8313.72,USD
PO03760, POL1,V177 ,CAT05,NA,2024-03-30,69085.85,USD
PO03761, POL2, V488,CAT07,NA ,2023-12-25,65035.21, USD
PO03762, POL1,V006,CAT01,EMEA,2023-08-01,97270.68, USD
PO03763,pol1,v389, CAT03,LATAM ,2024-09-03,44766.24, USD
PO03764,POL2,V386 ,CAT03, LATAM,2024-12-13,26212.96,USD
PO03765, POL3,V398, CAT08,LATAM,2024-03-10,1991.18,USD
PO03766,POL3,V196, CAT02,EMEA,2024-05-09,18509.14, USD
PO03767,pol3, V222,cat02,NA,2024-04-22,65666.97, USD
PO03768,POL3,v332,CAT06,EMEA,2024-01-06,99654.41,usd
PO03769,POL2 ,V205 ,CAT09,emea,2023-08-13,7100.66, USD
PO03770, POL2,V063,CAT08 ,EMEA,2024-02-27,60406.22,usd
PO03771,POL2,V286, CAT02,LATAM,2023-05-22,70937.83,USD
PO03772,POL3,V325,CAT07 ,na,2023-05-03,94384.31,usd
PO03773,POL3,V032 ,CAT03,APAC,2023-01-08,82501.88, USD
PO03774,POL3, V431,CAT07,LATAM,2023-05-26,91074.97,
PO03775,POL3,V205,CAT05,LATAM,2024-05-11,9654.27, USD
PO03776,POL2, V209,CAT05,NA,2023-08-22,49358.55,
PO03777,POL3 ,v100,CAT04,EMEA ,2023-12-10,33182.33,
PO03778,POL3,V119 ,CAT09,APAC,2024-07-18,42641.4,
PO03779,POL1,V067 ,CAT07,APAC,2023-03-06,24918.68,usd
PO03780,pol1,V357,CAT03,APAC,2023-03-03,95332.72, USD
PO03781,POL2, V485,CAT10 ,APAC,2024-03-27,12857.68,USD
PO03782,pol1,V239,CAT01 ,LATAM,2024-12-10,18868.68,
PO03783,POL3 , V427,CAT08, EMEA,2024-08-29,17074.31,usd
PO03784, POL2, V255,CAT10 ,LATAM,2023-03-03,,USD
PO03785,POL1, V173,CAT03,NA,2023-06-03,88030.31,USD
PO03786,POL3 ,, CAT08,EMEA,2023-10-28,71057.74, USD
PO03787,POL3,V118,CAT05,LATAM,2024-05-11,1864.6,
PO03788,POL2,V393,CAT08, EMEA,2024-01-14,90573.84,usd
PO03789, POL1,V454, CAT10,EMEA,2024-02-23,74051.24,USD
PO03790,POL3, V355,CAT05,APAC,2024-05-03,87056.83,USD
PO03791,POL3 ,V336,CAT05,latam,2024-10-04,72011.58,
PO03792,POL1,V105,CAT05,EMEA,2023-01-06,29360.1,
PO03793,POL2, V137,CAT01, APAC,2024-12-17,19312.38,usd
PO03794,POL3,V455,CAT10,APAC,2024-04-25,83501.34,
PO03795,POL1,V064,CAT02,APAC,2024-11-10,59831.43, USD
PO03796,POL3, V455,CAT08 ,LATAM,2024-05-10,6794.8,USD
PO03797,POL1,v274,CAT05, NA,2023-02-07,98829.93, USD
PO03798,pol3,V325,cat01,APAC ,2023-07-09,71724.04,USD
PO03799, POL3,v066,cat10,LATAM,2023-03-11,42642.06,
PO03800,POL1,V457,cat03,APAC ,2023-09-27,68775.84, USD
PO03801,POL1,v138,CAT10,latam,2024-05-08,89433.59,usd
PO03802,POL3,V052,CAT04 ,APAC,2023-09-23,98548.04,
PO03803,POL1,V364 ,CAT04,APAC ,2024-01-05,49802.68,usd
PO03804,POL2,V386,CAT01,NA ,2023-11-20,19641.77,
PO03805,pol2,v059,CAT03,APAC,2023-02-05,86923.17,USD
PO03806,POL3,V293,CAT06,LATAM,2023-03-24,60022.01,usd
PO03807,POL2 ,V009, CAT06,APAC,2024-10-26,29623.08,USD
PO03808,pol2,V322 , CAT06,NA,2023-10-07,17378.29,usd
PO03809, POL2,V433 ,cat08, NA,2024-07-20,33005.72,
PO03810, POL2,V155,CAT04,NA ,2024-10-11,74758.44,USD
PO03811,POL2,v074,CAT06 ,EMEA ,2023-05-24,12792.96, USD
PO03812,POL1,V341,cat09, EMEA,2023-07-30,93897.67, USD
PO03813,POL1,V114,CAT01,EMEA,2023-10-09,58700.16,USD
PO03814,POL3,V081,CAT02 , EMEA,2024-11-03,96693.0,usd
PO03815,POL1, V166,CAT02,APAC,2024-04-02,40160.96,usd
PO03816,POL1, V323, CAT04,EMEA,2024-09-13,1350.04,usd
PO03817,pol1,V332,CAT07 ,EMEA,2024-07-31,64533.86,
PO03818,POL2,V220 ,CAT10,emea,2023-08-18,5243.56, USD
PO03819,POL3,V316,cat06,LATAM,2023-05-06,20522.38, USD
PO03820,POL1,V493, CAT10,NA,2024-06-30,33700.06,USD
PO03821, POL2,V110,CAT09,LATAM ,2023-10-03,52731.14,
PO03822,POL2,v020,CAT08,NA,2023-12-08,74761.58,
PO03823,POL1,v315,CAT04,EMEA,2024-11-12,72478.36,USD
PO03824,POL1,V468,CAT10,APAC,2024-12-12,,usd
PO03825,POL1,V266,CAT09,LATAM,2024-03-27,4943.8,USD
PO03826,POL2,V109 ,CAT01,APAC,2023-11-29,62638.98, USD
PO03827,POL3,V012,CAT05,latam,2023-10-17,98327.34,
PO03828,POL1 ,V305, CAT03,LATAM ,2023-07-12,28403.76,USD
PO03829,POL2,v298,cat08, EMEA,2023-03-31,10151.39,USD
PO03830, POL1,V494 ,CAT05, NA,2024-04-03,75581.45, USD
PO03831,POL1,V400,cat04,EMEA,2023-02-27,35208.7,USD
PO03832,POL1 ,V373 ,CAT02, LATAM,2024-03-15,90299.17,USD
PO03833,POL2,v006,CAT10,LATAM,2024-05-22,41550.56,
PO03834,POL2,V449,CAT07,APAC,2024-07-23,20627.43,
PO03835,POL3 ,V269, CAT08,APAC,2023-07-21,55720.35,
PO03836, POL1,V393,CAT08, LATAM,2024-01-31,33848.89, USD
PO03837,pol2,V235 ,CAT06,LATAM,2024-05-11,21574.9,
PO03838,pol1,V254,CAT08,NA,2024-03-11,45415.85,
PO03839,POL3,V446,CAT10, NA,2023-01-18,46723.04,USD
PO03840,POL3,v296,cat06,NA,2024-11-28,74194.91,USD
PO03841,POL1 ,V127,CAT07,APAC,2024-02-06,76637.3,
PO03842,POL3,V184,CAT03,LATAM,2024-08-08,26977.42,USD
PO03843,POL3, V456,CAT06,NA ,2024-03-15,70149.56, USD
PO03844,POL3 ,V271 ,CAT07, LATAM,2024-06-16,91412.33,USD
PO03845,POL2,v076,cat05, LATAM,2024-04-11,98322.28,USD
PO03846,POL1,V087 , CAT05, NA,2024-08-11,55127.34, USD
PO03847,pol2,v181,CAT04,APAC,2024-09-23,76197.16, USD
PO03848,pol1,v124,CAT02,EMEA,2023-05-09,67286.35,
PO03849,pol1,V152,CAT09,APAC,2024-06-13,35418.78,USD
PO03850,pol3,V213,CAT03, EMEA,2024-01-27,40668.07, USD
PO03851,POL2,V132,CAT03,LATAM,2023-09-05,30054.15,
PO03852,POL1,V148,CAT07,emea,2024-12-30,63964.18, USD
PO03853,POL1 ,V289,CAT01,emea,2023-02-22,93897.34,usd
PO03854,POL3,V381 , CAT07,APAC,2024-07-01,,
PO03855,POL3 ,V223,CAT06,NA,2023-06-25,76237.3,
PO03856,POL3,v189, CAT06,LATAM,2023-11-26,62065.25,USD
PO03857,pol1, V030,cat10, APAC,2023-08-15,36983.49, USD
PO03858,POL1,V017, CAT06,EMEA,2024-10-24,39419.27,usd
PO03859,POL1,V437,CAT01,NA,2024-09-27,48060.44,usd
PO03860,POL2,v075,CAT04,latam,2023-02-06,36474.8,usd
PO03861,POL1,V482,CAT08,NA ,2023-01-20,76935.81,
PO03862, POL3,V193,CAT05,NA,2023-12-26,57697.82, USD
PO03863, POL1,V499,CAT06 ,apac,2023-09-30,89860.24,usd
PO03864,POL1,v200,cat04,APAC,2023-08-15,48791.8,
PO03865, POL3,V105,CAT05,EMEA,2023-03-06,85327.9,usd
PO03866,POL3,V096,cat08,EMEA ,2024-01-22,66089.4,usd
PO03867, POL1,V105,CAT05 , NA,2024-10-27,12196.72,
PO03868,POL3 , V232,CAT07,APAC ,2024-03-31,17688.99,
PO03869,POL1,v307,CAT06,EMEA,2024-12-08,64403.75, USD
PO03870,pol2,V342, CAT04, EMEA,2023-01-08,22624.4,USD
PO03871,POL1,V050,CAT04 ,APAC,2023-10-03,59060.71,USD
PO03872, POL2,V309, CAT04, APAC,2023-02-21,75590.19,USD
PO03873,POL3,V266,CAT07 , NA,2023-09-28,5985.68, USD
PO03874,pol2,V497,cat08,APAC,2024-07-30,89809.99,USD
PO03875,POL3,V227,cat09,EMEA,2023-05-27,38619.1,
PO03876,POL3,V382 ,CAT01,na,2023-06-20,55894.03,
PO03877,pol3,v156,CAT03,EMEA,2023-06-18,40399.38,usd
PO03878,,V397,CAT06,LATAM,2023-09-16,37066.96, USD
PO03879,POL2,V322,CAT07, APAC,2023-02-18,82001.87,
PO03880,pol1,V241,CAT07,NA,2024-11-04,41877.64,usd
PO03881,POL2,V186 ,CAT06 ,emea,2024-03-22,60675.39,usd
PO03882,POL3,v047,CAT03, APAC,2024-03-21,43661.74,USD
PO03883,POL2,V408,cat07,EMEA,2024-12-31,54530.41,USD
PO03884,POL1,V316,CAT06,APAC,2024-03-06,2367.3,USD
PO03885,POL1,v102,CAT04, LATAM,2023-01-21,32446.04,USD
PO03886,POL2,V150,CAT05,LATAM,2024-02-19,50935.2,USD
PO03887,POL2,V363 ,CAT02 ,NA ,2023-09-16,, USD
PO03888,POL2,V327,CAT02 ,latam,2023-02-15,10359.75, USD
PO03889,POL3,V008,CAT01,LATAM,2024-01-21,97981.76,
PO03890,POL2,V252,cat05, LATAM,2023-09-28,24355.58,
PO03891,POL2,V140,CAT09,emea,2024-01-28,37420.38,
PO03892, POL2,v428,CAT04,emea,2023-06-14,15578.31, USD
PO03893,pol1, V406,CAT07,LATAM ,2024-04-22,64724.1,usd
PO03894,POL1,V277,CAT02,APAC,2024-06-23,27018.0,
PO03895,POL2,V452,CAT03,APAC,2024-07-21,5096.03,
PO03896,pol1,V403,CAT08,apac,2024-12-28,17608.22,
PO03897,POL1,V167,CAT04,NA,2024-03-11,3474.1,USD
PO03898,POL1,v016,CAT02,NA ,2024-02-21,96072.6, USD
PO03899, POL2,V224, CAT10,EMEA ,2023-07-26,66738.06,
PO03900,POL2,V284,CAT08,APAC,2024-06-12,86013.33,usd
PO03901,POL3,V410,CAT09,LATAM ,2023-01-12,42370.85,
PO03902,POL1,V231,CAT04,EMEA ,2023-01-05,2156.22,
PO03903,POL2,V271,CAT02, EMEA,2023-07-28,18299.3, USD
PO03904,POL1 ,v258, CAT08,LATAM,2023-07-20,20419.8, USD
PO03905, POL1,V141 ,CAT02,NA,2023-04-17,85471.42,
PO03906,pol3,,CAT02,EMEA ,2023-07-17,12736.61, USD
PO03907,POL1,V207,cat08,APAC,2024-04-27,79749.72, USD
PO03908,POL1,v110,CAT07, NA,2024-01-12,52704.53,USD
PO03909,POL1,V081,CAT09,APAC,2024-06-27,95611.4,usd
PO03910,pol2,V077,CAT07, NA,2024-12-06,64086.59, USD
PO03911,POL1,V441, CAT06,APAC ,2024-04-13,76713.76,USD
PO03912, POL3,V425 ,CAT07,APAC,2024-05-31,30791.42,
PO03913,POL1 ,V202,CAT02,NA,2023-02-18,45708.82,usd
PO03914,POL1, V085, CAT09,NA,2024-04-17,31506.25,USD
PO03915,POL2, V153,CAT09,latam,2024-04-08,4549.82,
PO03916,POL3,v184,CAT07 ,APAC,2024-02-01,20266.44,USD
PO03917, POL2,V305,cat02,EMEA,2024-03-31,36167.66,
PO03918,POL1,V096,CAT04,LATAM,2024-03-26,9487.26, USD
PO03919,POL2,V183,cat10,NA,2024-11-11,62871.21,usd
PO03920,POL2,V121,CAT05, NA,2023-12-27,15008.8, USD
PO03921,POL1,V003,CAT04,NA,2024-07-06,89254.01,
PO03922,POL3,V108 ,cat08,EMEA,2023-09-04,50268.65,usd
PO03923,pol3,v215,CAT03 ,LATAM,2023-04-23,84081.3,usd
PO03924,POL3 ,V219 ,cat06,APAC,2023-07-29,88380.85,USD
PO03925,pol3, V301,CAT07,APAC,2024-11-20,74057.22,USD
PO03926,pol3,v245, CAT02,LATAM,2024-11-30,61297.27,USD
PO03927,POL3,V142,cat06, LATAM,2024-10-12,87364.99,usd
PO03928, POL2,V468, CAT06,na,2023-04-05,28666.23,
PO03929,POL2 ,v380, CAT10,EMEA ,2023-05-28,87807.56, USD
PO03930,POL1,V042,CAT08 ,NA ,2024-08-25,70047.05,USD
PO03931,pol3,V416, CAT05, LATAM,2024-05-15,46767.49,USD
PO03932,POL2 ,V122,CAT07,EMEA ,2024-06-06,77744.04,USD
PO03933,,V349 , CAT04, APAC,2024-01-06,21581.75,USD
PO03934,pol2,v180, CAT06,LATAM,2023-12-10,9411.76, USD
PO03935,POL2,V364,CAT05,NA,2023-06-06,86856.41, USD
PO03936, POL1,V036,CAT08,EMEA ,2024-08-14,55992.82, USD
PO03937,pol3,,CAT07,NA ,2024-03-13,12153.07,
PO03938,pol2,V155,CAT08 , LATAM,2023-09-28,12316.85,usd
PO03939,pol3, V309,CAT05 ,NA,2024-06-21,60074.32, USD
PO03940,POL2 ,V191,CAT05,LATAM ,2024-11-14,34354.12, USD
PO03941,POL3,V213,CAT03,NA,2024-09-23,57793.13,usd
PO03942, POL3,,CAT08,APAC,2024-10-26,73749.35,
PO03943, POL3,V115 , CAT03,LATAM,2023-08-11,52063.0,usd
PO03944,POL3,,CAT06,apac,2024-08-26,2109.53,USD
PO03945,POL2,V014 ,cat09,APAC,2024-07-16,34672.83, USD
PO03946,POL2 , V403,CAT05,LATAM,2024-06-01,19435.23,
PO03947,pol1,V405,CAT06,apac,2024-12-05,90344.56,
PO03948,pol1,V449, CAT02,apac,2024-12-14,40085.96,USD
PO03949,POL2,V095,cat05,NA,2024-10-02,58776.53,USD
PO03950, POL3,V182,CAT06, EMEA,2024-02-22,39953.1,usd
PO03951, POL1,V494 ,cat07,NA,2023-05-08,79499.97,
PO03952,POL3,V287,cat10,LATAM,2024-12-24,44359.23,usd
PO03953,pol2,V469,CAT04,APAC,2023-04-27,13091.9,USD
PO03954,pol1,V307,cat05,APAC ,2023-07-29,3798.71,USD
PO03955,POL3 , V395,CAT02,NA,2024-08-26,16879.31,USD
PO03956,POL3,V468, CAT03,NA,2024-01-02,51069.88,usd
PO03957,POL1,V371 ,CAT09,APAC,2023-11-27,16895.77,
PO03958,POL1 ,V173,CAT04,EMEA,2023-10-06,77202.6,
PO03959,POL2,V344,CAT02 ,LATAM,2023-08-24,76527.74, USD
PO03960,pol1,V304, CAT08,LATAM,2023-10-21,68255.98,
PO03961,POL2,V211,CAT10, EMEA,2023-02-28,92018.45, USD
PO03962,POL3,V257,cat08, APAC,2023-11-29,75573.15,
PO03963,POL1,V253, CAT06,NA,2023-10-02,73967.65,usd
PO03964,POL1,V275 ,CAT01,apac,2024-11-05,65082.52,USD
PO03965,POL1,V313,CAT08, LATAM,2024-11-20,91066.38,usd
PO03966,POL2 , V436, CAT04,EMEA,2023-03-22,3840.14,usd
PO03967, POL1,V385,cat04,latam,2024-02-16,90236.52,
PO03968,POL2 ,V286,CAT08 ,LATAM ,2024-11-06,21439.44,
PO03969,POL3,V434 ,CAT02,NA,2023-07-09,89919.8,
PO03970,POL2,V009,CAT09,LATAM,2023-11-29,, USD
PO03971,POL1,V052,CAT08,LATAM,2024-01-04,31696.21,usd
PO03972, POL3, V079,CAT02,NA,2024-12-28,74296.13,USD
PO03973,POL1,V107, CAT01,LATAM,2024-07-20,24671.76,USD
PO03974,POL3,V391,CAT05,APAC,2023-02-27,44624.08,
PO03975,POL3, V181,CAT04,LATAM ,2024-06-08,78297.2,
PO03976, POL2,V022,CAT09,apac,2023-03-15,53552.68,USD
PO03977, POL1,V396,cat02, APAC,2024-05-22,44446.24,USD
PO03978,POL2,V341, CAT04,EMEA,2024-12-17,8446.38,usd
PO03979,pol1,V110,CAT01,latam,2024-06-01,19336.83, USD
PO03980,POL2,v038,cat01,EMEA,2024-02-15,55722.98, USD
PO03981,POL1,V254,CAT05, LATAM,2024-09-03,35894.56,
PO03982,POL2,V179,CAT06,LATAM,2024-05-12,19384.23, USD
PO03983,POL3,V230,CAT05,EMEA ,2024-05-03,42975.58,
PO03984,POL2,V199,CAT09,EMEA,2024-11-22,80743.8, USD
PO03985,POL2, V354,CAT10, LATAM,2023-06-02,15579.92,usd
PO03986, POL2,V464,CAT09 ,APAC,2024-07-14,,usd
PO03987,pol3,V068,CAT09,EMEA,2024-06-30,83962.97,usd
PO03988,POL1,v118,CAT08 ,EMEA,2024-04-12,99173.78,USD
PO03989,POL3,V304 ,cat08,APAC,2023-08-19,,USD
PO03990,POL2,V483 ,CAT02,na,2024-03-18,83235.58,usd
PO03991,POL1, V252,CAT10,EMEA ,2023-01-29,75025.04, USD
PO03992,POL2,v057,CAT05,APAC,2024-01-08,61905.79,
PO03993,POL2 ,V025,cat10,EMEA,2023-04-18,54873.06,USD
PO03994,POL2 ,V278, CAT10, APAC,2023-03-20,93653.66,usd
PO03995,POL3,V342,CAT04,APAC,2023-01-02,14888.2,usd
PO03996, POL2,V343,CAT06,APAC,2024-11-21,82542.15,usd
PO03997,POL1,V118,CAT04,NA ,2023-07-25,61188.74,usd
PO03998,pol2, V433,cat08,NA ,2023-12-29,2103.99,
PO03999,POL2,V101 ,cat07,APAC ,2023-08-05,22377.99, USD
PO04000,POL3,V183,CAT09, EMEA,2024-01-01,34491.3,
PO04001, POL2,V261, CAT10,NA,2024-07-29,57067.54,
PO04002,POL3,V369, CAT01,LATAM,2023-08-30,36127.86,USD
PO04003, POL1, V220,CAT07 ,EMEA ,2024-09-20,46450.53,USD
PO04004,POL2,V059,CAT01,APAC ,2024-09-21,2044.21, USD
PO04005,POL3,v340,CAT06 ,APAC ,2023-12-02,84995.24,USD
PO04006,POL2,V285,CAT02,EMEA,2023-05-17,76330.38, USD
PO04007,POL3,V359,cat03,EMEA ,2023-11-28,50141.62,
PO04008,POL2 ,V418,CAT07,EMEA ,2024-05-28,26905.98,USD
PO04009,POL1,v452, CAT04,emea,2023-03-04,84870.24, USD
PO04010,pol2,V325,CAT10 ,APAC,2023-02-23,77423.04,USD
PO04011,pol2,V208, CAT08,APAC,2023-01-27,49676.68,usd
PO04012,POL3,V496,CAT10, LATAM,2024-08-03,66574.7,usd
PO04013,POL2,V177,CAT02,EMEA,2024-03-19,89471.88,usd
PO04014,POL1,V073,CAT05,APAC,2023-07-18,91580.57, USD
PO04015, POL1,V112,CAT10,APAC,2023-03-29,24720.15,USD
PO04016,POL2,V266,CAT10 , EMEA,2024-06-22,,
PO04017,POL1,V141,cat06,emea,2023-02-12,99101.18,
PO04018,POL1,V456,CAT09,LATAM,2023-02-02,83188.69,
PO04019,POL3,V130,CAT03,EMEA,2024-08-09,38665.43, USD
PO04020,POL3,V414,cat08,APAC,2024-06-28,9271.76,usd
PO04021,pol3,V449,CAT03,LATAM ,2024-10-12,25491.2, USD
PO04022,POL3,V355,CAT04,EMEA,2024-02-18,78715.97, USD
PO04023,POL3,,CAT06,LATAM,2023-09-06,62917.14,USD
PO04024, POL1,V283 ,CAT05,apac,2023-07-22,35343.86, USD
PO04025, POL3,V218 , CAT02,APAC,2023-03-21,,
PO04026,POL1,V144 ,CAT09,APAC,2024-02-19,4625.71, USD
PO04027,POL1,V016,CAT05, NA,2024-02-04,10321.63,USD
PO04028,POL1,V303,CAT10,LATAM,2023-12-22,73970.78,
PO04029,POL1,V379,CAT06,NA,2024-09-26,45684.47, USD
PO04030,POL3, V018,CAT03,NA,2023-08-19,10909.08,USD
PO04031,pol1,V355 ,CAT01 ,LATAM,2024-04-08,51448.8, USD
PO04032,pol3,V175,CAT10 ,LATAM ,2023-08-12,10061.4,
PO04033,POL2,V286,CAT01,LATAM,2023-11-22,78921.98,USD
PO04034,POL1,V327,CAT03,na,2023-02-21,73367.99, USD
PO04035, POL1,V179,cat08,LATAM,2023-04-04,66174.73,usd
PO04036,POL2,V250, CAT05,LATAM ,2023-02-03,43232.62,
PO04037,POL3, V141, CAT08,APAC ,2023-08-03,, USD
PO04038,POL1,V341,CAT02,LATAM,2024-06-15,44968.36,usd
PO04039,POL1 ,v149,CAT03 , LATAM,2023-02-12,37100.82,usd
PO04040,POL1,V477,CAT08,NA,2023-01-12,31937.32,usd
PO04041,pol3, V227,CAT10,LATAM,2024-02-13,2070.51, USD
PO04042, POL3,V162,CAT07,EMEA,2023-04-08,86363.35, USD
PO04043,POL2 ,V390 ,cat08,apac,2024-12-08,7318.53, USD
PO04044,POL3,v233,CAT10,APAC,2024-09-03,33904.4,usd
PO04045,POL3,V310,CAT05,emea,2023-12-10,35726.59,USD
PO04046, POL2,V413,CAT10,EMEA ,2024-05-27,96350.32,USD
PO04047,pol1,V050,cat02, EMEA,2024-11-28,55066.77,
PO04048,POL2, V496, CAT05,EMEA,2024-04-30,57190.04, USD
PO04049,pol3,v269,CAT02,emea,2023-07-24,34675.25,
PO04050,POL1,V064 ,CAT08,APAC,2023-01-08,37368.02,
PO04051,POL2,V345,cat08,na,2023-05-08,73086.23,
PO04052,POL3,V164, CAT04,EMEA,2024-09-08,17219.59,
PO04053,POL2,V069,CAT05,APAC,2023-07-04,61256.53,USD
PO04054,POL3,V199,CAT05,LATAM,2023-11-03,69123.04, USD
PO04055,POL2 ,V229,cat02,APAC,2024-11-06,72707.54,USD
PO04056,POL2,v062,cat06,emea,2023-10-12,22147.3, USD
PO04057,POL2 ,V071,CAT07,APAC,2023-05-06,45808.37,
PO04058,POL2,V205,CAT05, NA,2024-07-25,27667.27,USD
PO04059, POL1,V098,CAT07,LATAM,2024-09-24,69999.6,
PO04060,pol1,v066,cat09,LATAM,2023-06-10,1668.96,
PO04061,POL2 ,V449,CAT09,APAC,2023-09-02,78266.3,usd
PO04062,pol2,v403,CAT04 ,APAC ,2023-10-13,39287.77,
PO04063,POL2,v334,CAT08,LATAM,2024-06-29,7140.5, USD
PO04064,POL2,V190,CAT08,APAC,2023-06-26,69493.03, USD
PO04065,pol1,V255, CAT10, LATAM,2023-06-05,17524.5,USD
PO04066,POL3 , V351,cat10,LATAM ,2023-06-27,89887.19,
PO04067,POL1,V033,cat07,na,2023-10-31,72692.65,usd
PO04068, POL3, V479,CAT01,emea,2024-04-17,46764.86, USD
PO04069, POL3, V106,CAT08,NA,2023-03-27,38631.64,usd
PO04070,pol1, V166,cat03,NA ,2023-12-23,11176.54,USD
PO04071, POL1, V493,CAT10,NA,2024-11-01,64399.28,usd
PO04072, POL1,v175,CAT03 ,EMEA,2023-11-30,86306.72,usd
PO04073,POL2,V426,CAT06,EMEA,2024-12-18,56826.59,
PO04074, POL3,V165,CAT05,EMEA,2023-05-03,68892.32,
PO04075,pol2,V429,CAT01,na,2023-11-23,33150.78,USD
PO04076,POL2,v200,CAT08, EMEA,2023-04-06,46101.99,USD
PO04077,POL1,V093,CAT01,apac,2023-12-12,45595.55,usd
PO04078,POL1, V029,CAT05 ,APAC,2024-10-10,82927.75,usd
PO04079,POL1,V005,CAT10,APAC,2023-06-12,75906.2,
PO04080, POL2, V460,CAT02,EMEA,2024-06-09,7934.17,
PO04081,pol1,V393,CAT09, APAC,2024-01-05,18269.52,usd
PO04082,POL1,V061 ,CAT05,APAC,2023-10-18,15972.21,
PO04083,POL2 ,V471 ,CAT08,,2024-07-25,43066.26, USD
PO04084,POL3,V314,CAT04,LATAM,2024-08-16,72633.86,usd
PO04085,POL2, V118, CAT04,NA,2023-12-30,31505.39,USD
PO04086,POL1 ,V125,CAT03,LATAM,2024-09-23,77406.12,usd
PO04087,POL3,V368,CAT07,latam,2024-06-19,52993.31,usd
PO04088,pol1, V310,CAT04 , EMEA,2024-03-26,81226.8,
PO04089,POL1 ,V472 ,CAT08,EMEA,2023-04-06,49565.86,usd
PO04090,POL2 ,V470,CAT05,EMEA,2023-04-02,43230.55,USD
PO04091,POL3,V116, CAT07,APAC,2024-09-29,41890.06,
PO04092,pol2,V417,CAT01 ,emea,2024-02-24,57143.65,USD
PO04093,POL2,V329 ,CAT07,NA,2024-10-10,76242.38,usd
PO04094, POL2,V442, CAT09, NA,2024-09-15,10012.0,
PO04095,POL2,V475,cat03,EMEA ,2023-02-01,80682.47,usd
PO04096,POL1,V114,CAT06,LATAM,2023-05-10,25067.04,usd
PO04097, POL1,V440,cat03,LATAM,2023-05-01,80161.53,
PO04098,POL2,V326,CAT05, LATAM,2023-08-13,9116.25, USD
PO04099,POL2,V247,CAT06,EMEA,2024-06-18,32251.97,
PO04100,POL2,V078 ,CAT10 , EMEA,2024-03-09,48113.73,usd
PO04101,pol2,V024,CAT06,EMEA ,2024-07-09,29070.5,usd
PO04102,POL2,V476,CAT08 ,EMEA ,2024-02-10,56264.52,usd
PO04103,pol2, V076,cat10,latam,2023-03-13,40134.31, USD
PO04104,POL1 ,V252,CAT07, APAC,2024-10-11,21342.99,usd
PO04105,POL3,V444,cat05,NA,2024-10-23,78589.68,usd
PO04106, POL1,V265,CAT01,latam,2023-04-16,89294.52,usd
PO04107,POL3 ,V335,CAT03,LATAM,2024-12-13,41950.68,usd
PO04108, POL3,v412,CAT01,latam,2024-07-10,37401.37,usd
PO04109,pol2, V078,CAT01 ,LATAM,2023-08-28,50173.93, USD
PO04110,POL2,v499,CAT06,LATAM,2024-08-01,54344.95, USD
PO04111,POL1,V266,cat09,APAC ,2023-11-10,26174.31,usd
PO04112,POL1, V413,cat05, EMEA,2024-09-30,11948.68,
PO04113,POL3,V348,CAT10,apac,2024-05-26,59157.2,
PO04114, POL1,V243 ,CAT07,LATAM,2023-11-25,61055.98,USD
PO04115,POL3 ,V398 ,CAT04,NA,2023-05-29,16696.88,usd
PO04116,pol1, V444,CAT04,LATAM ,2024-05-17,16190.02,usd
PO04117,POL3,V393, CAT04,EMEA,2024-11-23,24399.36,USD
PO04118, POL2, V268,CAT04,APAC,2023-04-13,23286.41, USD
PO04119,POL2,v101, CAT07,LATAM,2023-05-28,85038.84,USD
PO04120,POL3,V422 ,cat09,APAC,2024-08-17,31843.65,usd
PO04121, POL2, V160,CAT09,NA ,2024-11-22,99370.05, USD
PO04122,POL2, V066,CAT03,EMEA,2023-01-09,39531.09,usd
PO04123,POL1,v168,CAT08,APAC,2023-10-15,89693.31,usd
PO04124,POL2 ,V497,CAT07,EMEA,2023-06-11,42126.27, USD
PO04125,POL2,V388,CAT07,APAC,2023-10-21,1609.9,usd
PO04126, POL3, V170,CAT03, EMEA,2023-01-18,43499.1,
PO04127,POL3, V129,CAT08,NA ,2024-06-19,8357.74,
PO04128,POL1 , V284,CAT10,NA ,2023-06-29,68590.83, USD
PO04129, POL3, V262,CAT10,NA ,2024-05-24,2414.95, USD
PO04130,pol2,v004,CAT08,apac,2023-10-19,99534.4,USD
PO04131,pol3,v204,CAT06,NA,2024-01-27,37092.43,usd
PO04132, POL3,V469,cat10,LATAM,2023-04-18,35140.64,usd
PO04133,POL2,V273,CAT09,EMEA ,2024-09-17,34998.01, USD
PO04134,POL1 ,V497 , CAT07,LATAM,2024-06-25,22526.77,usd
PO04135,POL3,V362, CAT04,apac,2023-05-06,95672.42,usd
PO04136,POL3,V229,CAT10,NA,2024-03-10,24987.74,
PO04137,POL3,v067,CAT10,EMEA ,2023-11-15,56838.46, USD
PO04138,POL1,V161, CAT09,EMEA,2023-11-01,42782.61,
PO04139,POL3,V432,CAT03,LATAM,2023-08-28,30647.91,USD
PO04140,POL1 ,V467 ,CAT07,emea,2023-07-31,44308.28,
PO04141,pol2,V310 ,cat01,APAC,2024-10-16,11534.49,
PO04142,pol2, V398,cat08,EMEA,2024-04-30,78286.67,usd
PO04143,POL2,V203,cat09,APAC,2023-07-26,16640.41,USD
PO04144,pol2,,cat04, APAC,2023-01-25,17903.7,usd
PO04145,POL3,V152,CAT02,NA,2024-09-13,55525.56,usd
PO04146,pol1,V132 ,CAT10,APAC,2023-02-21,53919.01,
PO04147,POL1,,cat10, NA,2023-02-04,95417.87,usd
PO04148,POL2,v063,CAT09,NA ,2024-08-27,89439.42,usd
PO04149,POL3,V042 ,CAT10,NA ,2023-02-02,46543.98,USD
PO04150,POL1,V183,cat06, EMEA,2024-02-14,86439.86,
PO04151,POL1,V445 ,cat05,NA,2023-06-28,13069.25, USD
PO04152, POL1,V181 , CAT03, APAC,2024-09-25,48747.88,USD
PO04153,POL1 , V139,CAT07,LATAM ,2024-09-05,15703.61,usd
PO04154,POL2,V036,CAT04 ,EMEA,2023-03-27,36651.53,
PO04155,,V436,cat09,EMEA,2023-08-20,20677.43,USD
PO04156,POL2,V063 ,CAT04,EMEA,2024-09-15,59425.11, USD
PO04157,POL3, V117,CAT09,latam,2023-02-18,8859.73, USD
PO04158,POL1,V455,CAT10,NA,2023-09-23,29166.16,USD
PO04159,POL1,V478,CAT07,apac,2023-04-13,7155.39,usd
PO04160,POL2,v222,CAT04 ,EMEA,2023-01-14,72166.99,USD
PO04161,POL1 ,V015,CAT01 ,APAC,2024-10-22,97381.81,usd
PO04162, POL3,V024,cat08,na,2023-10-15,32054.66,USD
PO04163,POL2,V325 ,CAT07,APAC ,2023-02-24,66517.25,usd
PO04164,POL1,v155,CAT09,NA,2024-02-04,50620.01,
PO04165,POL3,V187,CAT03, NA,2023-08-26,31955.85, USD
PO04166, POL2,V359,CAT09,NA,2023-08-11,53371.76, USD
PO04167,POL1 ,V368,CAT08,APAC ,2023-04-26,25835.12,
PO04168,POL2 ,V376,CAT05,NA,2023-10-15,64114.5,
PO04169,POL2 ,v048,CAT06,NA,2024-04-22,41943.61,
PO04170,POL2,V263,CAT01, NA,2024-02-08,95831.73,USD
PO04171,POL3, V477,cat10,EMEA ,2024-05-23,26161.17,USD
PO04172,POL2,V060,CAT07,emea,2023-07-27,32779.83,
PO04173,POL1,V079 ,CAT10,APAC ,2023-01-21,73085.21,usd
PO04174, POL3, V112,CAT05 ,APAC,2023-02-20,14935.1,USD
PO04175,POL1,V264 ,CAT01,LATAM,2024-09-19,29935.96,usd
PO04176,POL3, V299,CAT05 ,NA,2023-04-17,53768.32,
PO04177,POL3, V110,CAT09,APAC,2024-02-20,18730.95, USD
PO04178,POL2,V096,CAT04,EMEA ,2023-10-25,36846.65,
PO04179,POL3,V165, CAT08,EMEA,2024-01-27,19757.94,USD
PO04180,POL2,V476,CAT05 ,NA,2023-03-18,49547.34,USD
PO04181,,V149,CAT04,NA,2024-09-23,11917.86,
PO04182, POL1,V061,cat05, APAC,2023-03-18,94455.09,
PO04183,pol2,V483,cat02, APAC,2023-11-17,41443.28,
PO04184,pol3,V112,CAT08,LATAM,2024-07-29,34365.67,usd
PO04185,pol3,v238,cat10,emea,2024-12-11,72835.08, USD
PO04186,POL2 ,V371 , CAT03,EMEA,2023-12-31,48917.71,
PO04187, POL3, V004,cat07,APAC,2023-08-05,70153.0, USD
PO04188,POL1,V207,CAT02 ,emea,2023-02-09,73526.53, USD
PO04189,POL1,V391,CAT04,EMEA,2024-06-15,14227.89, USD
PO04190,POL1,v002,CAT01,APAC ,2024-09-29,43205.81,
PO04191,POL2, V194,CAT03 ,NA,2024-03-04,21975.23, USD
PO04192,POL3,V083,cat01,APAC,2024-04-21,3848.54,
PO04193,POL1,V437,CAT07,APAC ,2023-09-15,4649.76,USD
PO04194,POL1,V496,CAT08,NA,2024-02-05,34725.43,usd
PO04195,pol2,V331, CAT07, APAC,2023-09-07,91132.54,
PO04196,, V298,CAT09 ,NA,2023-03-21,92830.93,USD
PO04197,POL1 ,v440, CAT02,LATAM ,2024-08-12,14929.02,
PO04198,POL1, V443,CAT09,LATAM,2023-10-26,25395.33, USD
PO04199,POL1,V247 ,cat01, EMEA,2023-12-18,72812.17, USD
PO04200,POL3,v391,CAT09,apac,2023-06-09,56514.12, USD
PO04201,pol1, V134,CAT03,EMEA ,2024-10-23,79307.14,
PO04202,POL1,V307,CAT08,,2024-12-06,92534.39,
PO04203,POL3,V006,CAT01, NA,2023-07-24,55240.42,USD
PO04204,POL3 ,V399,CAT10 ,NA,2024-03-14,9509.47,
PO04205,POL2, V430,CAT06 ,APAC,2023-05-12,48196.98, USD
PO04206,POL2,v340,CAT10,LATAM ,2023-04-18,55201.94, USD
PO04207,pol1,v206,CAT03,apac,2024-09-14,3302.16,
PO04208,POL3,V017,CAT05 ,APAC,2023-01-10,31814.22, USD
PO04209,pol2,V181, CAT07,EMEA,2023-07-15,61107.08, USD
PO04210,POL2,V094,CAT03 ,LATAM ,2024-02-24,69096.0,USD
PO04211,POL3,V469 ,CAT09 ,APAC,2023-03-18,10589.6, USD
PO04212,POL1 ,V267 , CAT05,APAC ,2024-02-02,14456.44,
PO04213,pol3,V297,CAT10,LATAM,2023-12-09,,
PO04214,POL1,V047,CAT10,APAC,2023-10-03,53844.76,USD
PO04215,POL3,V337,CAT08,EMEA,2023-08-18,66429.02,USD
PO04216,pol1,V409,CAT04,EMEA,2024-06-04,86602.37,
PO04217,POL1, V079,CAT04 ,LATAM,2023-10-31,53040.09,
PO04218,pol3,v061,CAT07,NA ,2023-09-17,84762.26, USD
PO04219,pol3,V384,CAT01 ,APAC,2023-05-04,48742.16,usd
PO04220,POL1,V350,CAT07,APAC,2024-10-24,76492.86,
PO04221,POL1,V363,cat02,LATAM,2023-05-13,79469.36,usd
PO04222,POL3, V364,CAT04,NA,2024-03-21,28846.96,usd
PO04223,POL2 ,V405,CAT02,apac,2023-08-19,84176.43, USD
PO04224,POL3,V487,CAT08,EMEA,2023-06-16,91888.27,USD
PO04225,POL3 ,V353 ,CAT09,apac,2024-10-22,26007.11, USD
PO04226,pol3,V297 ,CAT08,LATAM,2024-10-24,98320.67,
PO04227,POL1 ,V378,CAT07,LATAM,2024-03-04,38907.92,
PO04228,POL2,V413 , CAT04, APAC,2023-07-06,72022.2, USD
PO04229,POL2, V294, CAT02,EMEA,2023-08-25,99879.28,USD
PO04230,pol2,v038,CAT09,EMEA,2024-05-04,67015.17,USD
PO04231,POL2,V294,CAT09,na,2024-10-03,23523.74,
PO04232, POL3,v107,cat10,APAC,2024-03-02,13048.6,usd
PO04233,POL2,v100, CAT03,APAC,2023-07-29,82232.61,
PO04234,POL2, V173, CAT01,na,2023-10-03,44773.71,
PO04235,POL3,v251,CAT09 , NA,2023-12-01,10829.21,usd
PO04236,POL2,v267,CAT03 ,EMEA,2024-07-30,35380.37,
PO04237,POL3 ,V188 ,CAT01,APAC,2024-02-03,61792.72,USD
PO04238,POL3,V404, CAT01,NA,2023-06-17,86221.12,USD
PO04239,POL1,V107 , CAT02,EMEA,2024-03-19,79432.22,USD
PO04240,POL1,V046,CAT07,APAC,2023-07-29,12592.61, USD
PO04241,pol1, V038,CAT09,LATAM,2024-01-15,2120.95,
PO04242,POL1,V397,CAT10 ,LATAM,2024-10-04,79602.39,
PO04243,POL3,V013,CAT10,NA ,2024-12-26,89414.87, USD
PO04244,POL1 , V279,CAT09 ,NA,2024-11-28,51877.27,usd
PO04245, POL3,V222, CAT01,latam,2023-08-01,56830.24, USD
PO04246,POL3,V067,CAT09,APAC,2023-12-07,37053.14, USD
PO04247,POL2 ,,CAT07 ,NA,2023-05-09,1053.62,USD
PO04248,POL3 ,V251,CAT08,NA ,2024-12-20,28155.23,USD
PO04249,POL3,V187,CAT03, APAC,2024-11-11,89812.6, USD
PO04250, POL3, V049,CAT01 , LATAM,2023-06-21,19593.31,usd
PO04251,pol3,V313 ,CAT05 ,EMEA,2024-04-13,50803.5,usd
PO04252,POL3,V270 ,CAT09 ,APAC,2024-12-20,3746.25,
PO04253,pol1, V145, CAT07,LATAM ,2024-04-14,26658.13,
PO04254,POL1,v212,CAT01,NA,2023-09-26,44319.64,
PO04255,POL1,V317,cat01,LATAM,2024-06-23,71984.13,
PO04256,pol3,V134,CAT01 ,NA,2023-02-08,30344.84,USD
PO04257,POL1,V007,CAT05,LATAM,2024-05-11,35872.08,
PO04258,pol2,v372,CAT02, LATAM,2024-03-11,73832.63,
PO04259,POL2,v050,CAT02,NA,2024-02-10,58688.5,usd
PO04260,POL3,V398,CAT04,EMEA,2024-02-27,33006.4,usd
PO04261,POL1,V129,CAT07 ,EMEA,2023-02-17,29818.33, USD
PO04262, POL2,,CAT07,emea,2024-08-02,6411.27,usd
PO04263,POL3 ,V322,CAT06 ,EMEA,2024-02-22,31218.66,
PO04264,pol2,V309,CAT10,NA,2023-11-23,81521.15,
PO04265,POL2,v176,CAT06, NA,2023-11-10,3062.06,usd
PO04266,POL3 ,V115,cat08,APAC,2023-12-30,26815.32,usd
PO04267,POL2 ,V196, CAT09,LATAM,2024-12-27,9398.0,
PO04268,pol2, V196, CAT08,LATAM,2024-10-05,98432.82,usd
PO04269,POL3,V199,CAT10, EMEA,2024-08-09,89914.44,USD
PO04270,POL3,V300, CAT05,EMEA,2023-06-19,20733.47,USD
PO04271,POL2,V024,CAT08, APAC,2024-10-14,99134.17,USD
PO04272,POL2,v100, CAT10,apac,2024-10-02,, USD
PO04273,POL2, V157,CAT06,EMEA ,2023-11-22,69716.11,USD
PO04274,POL1,V030,cat10,APAC ,2023-10-01,87223.87,usd
PO04275,POL3,v199,CAT01,NA,2023-10-18,77520.44,usd
PO04276,pol2,V082 ,CAT03,LATAM,2024-08-12,91131.4,USD
PO04277,POL1,V318,CAT05,NA,2023-12-12,51699.65, USD
PO04278,POL1,V341,CAT05,LATAM,2023-03-12,32974.53, USD
PO04279,POL1,V187,CAT04,LATAM,2024-04-08,17384.65,
PO04280,POL3, V228,CAT02,LATAM ,2024-03-17,29639.22,
PO04281,POL2 ,v394,CAT01,NA,2023-11-01,12204.88, USD
PO04282,pol1,V004, CAT07, NA,2023-06-20,24866.29,usd
PO04283,POL1,V172, CAT04, LATAM,2023-11-01,28937.54,usd
PO04284, POL3,v050, CAT09,APAC,2024-08-25,92823.32, USD
PO04285,POL3,V347,CAT04,NA ,2023-09-04,22167.41,USD
PO04286,POL3,V414,CAT04 ,NA,2023-07-07,29820.59, USD
PO04287,POL3,V436, CAT06,APAC ,2024-05-06,84728.63, USD
PO04288, POL2,V495,CAT08,APAC ,2023-09-03,94569.91,USD
PO04289,POL2,V175,cat01,LATAM,2024-07-20,10162.26,USD
PO04290,POL2,V353,CAT04,EMEA ,2023-09-21,59678.29,USD
PO04291,POL3 ,V352,CAT03 ,APAC,2024-06-28,1438.46,usd
PO04292,POL3,,cat03,latam,2024-07-12,25776.68, USD
PO04293,pol2,V269,CAT06,APAC,2024-04-30,3963.7,USD
PO04294,POL2,V243 ,CAT07,APAC,2024-03-05,2257.37,
PO04295,pol2,v257,CAT01 ,LATAM,2023-03-18,69248.29,
PO04296,POL1,V442,CAT09,APAC,2023-01-07,97187.99,USD
PO04297,pol1, V303,CAT06,APAC,2023-02-27,22165.18, USD
PO04298,, V486,CAT06,APAC,2024-11-04,67689.49,
PO04299, POL3,V438 ,CAT04 ,EMEA ,2023-11-20,40439.81,
PO04300, POL2, V453,CAT08,latam,2024-09-29,86730.07,USD
PO04301,POL1,v196,CAT01,na,2023-09-14,70112.71, USD
PO04302, POL3,V203,CAT06,EMEA,2024-07-04,25578.92,usd
PO04303,POL3,V218,CAT09,EMEA,2023-05-26,20824.49, USD
PO04304, POL1,v448,CAT06,NA,2024-04-29,60206.64,
PO04305,POL1,V414 ,cat09,NA,2023-02-12,96322.8,USD
PO04306,pol3,v377,CAT08,LATAM ,2024-03-04,77318.42,
PO04307,pol2,v336,CAT05,NA,2024-09-03,47698.26,USD
PO04308,POL1,V317,CAT02,APAC,2023-02-09,93559.47, USD
PO04309,POL2,v325,CAT09,NA,2024-07-20,9214.1,USD
PO04310,POL2 ,V382 ,CAT06,LATAM ,2024-04-14,90364.42,usd
PO04311,pol2,V432,CAT02 , APAC,2024-10-30,26053.54,usd
PO04312,POL1 ,v123,CAT07,NA,2023-04-25,45704.31,
PO04313,pol3,V465 ,CAT10,APAC ,2023-08-06,6878.58,USD
PO04314, POL3,V332,CAT08, EMEA,2023-04-02,66400.29,USD
PO04315,POL1,V067,cat07,APAC,2024-09-21,94869.14, USD
PO04316, POL3,v187,cat03,LATAM,2024-04-17,73460.99,usd
PO04317,POL2,V087,CAT07 ,LATAM,2023-06-09,72750.32, USD
PO04318,pol2,V287,CAT05 , NA,2024-06-06,, USD
PO04319,POL1,V426,CAT06,EMEA,2023-12-20,52488.91, USD
PO04320,POL1, V204,CAT07, APAC,2024-06-08,56615.27,USD
PO04321, POL3,V329 ,CAT08 ,APAC,2023-02-25,62519.56, USD
PO04322,POL1,v450,CAT10 ,LATAM,2023-06-05,22453.91, USD
PO04323,POL3 ,V413 , CAT10,NA ,2023-01-01,32228.77, USD
PO04324,POL1,V284,CAT04,emea,2024-06-16,8927.27, USD
PO04325,POL1 ,V396,CAT03,APAC ,2023-06-12,60165.13, USD
PO04326,POL3 ,V004,cat09,LATAM,2023-02-18,41750.7, USD
PO04327, POL1,V111,cat03,APAC ,2024-12-10,14559.65,usd
PO04328, POL2,V191,CAT05 ,APAC,2024-11-06,94697.82, USD
PO04329,pol3,V097,CAT10, APAC,2024-11-14,60370.8,
PO04330,pol1,V062,cat07, EMEA,2024-02-17,97480.72, USD
PO04331,POL3,V195, CAT03,EMEA,2023-10-27,5413.82,usd
PO04332, POL1,V269 ,CAT07 ,APAC ,2024-02-01,73412.69, USD
PO04333,POL3,v416,CAT09,LATAM,2023-01-24,43359.84, USD
PO04334,POL1,V114, CAT06, APAC,2023-05-13,54444.64,usd
PO04335,POL3,V496 ,CAT02,APAC,2024-06-23,17826.39,usd
PO04336,POL2 ,V045, CAT04,latam,2024-06-15,86519.05,usd
PO04337,pol1, V451,CAT06,EMEA,2024-11-27,66208.08,usd
PO04338,POL1,V416 ,CAT02, LATAM,2024-10-06,15631.47,
PO04339,POL2,V430,CAT03 ,LATAM,2023-07-20,75518.59, USD
PO04340,POL1 , V024,CAT08 ,APAC,2024-02-23,58210.69,
PO04341,POL2, V209,CAT08, APAC,2024-06-13,51168.8,
PO04342, POL1,V446,CAT04,APAC,2024-01-05,68040.55, USD
PO04343,POL2, V298,CAT03,EMEA,2024-05-11,67352.41,
PO04344,POL3,v457,cat02, NA,2024-06-30,19591.89, USD
PO04345,POL3,v240,CAT02,NA ,2024-02-25,72881.06,USD
PO04346,POL3,V137, CAT07,NA ,2023-02-08,82842.5,usd
PO04347,POL1,V489,CAT06 ,NA,2023-04-02,4877.07,usd
PO04348,POL2, V222,CAT09, LATAM,2023-12-21,15635.4, USD
PO04349, POL3, V112,CAT05,EMEA,2024-06-19,56440.92, USD
PO04350,POL3 ,V463,CAT04,APAC,2023-01-09,97547.32,USD
PO04351,POL2,v402,CAT06,APAC,2023-09-20,50779.17, USD
PO04352,POL2,V136,CAT08,APAC,2023-09-08,12456.49,USD
PO04353,POL3 ,V076,CAT08 ,APAC,2024-09-27,61000.31, USD
PO04354,pol2,V489 , CAT01,APAC,2023-08-09,72205.16,
PO04355,POL3,V419,CAT10,emea,2024-09-16,58785.05, USD
PO04356,POL3, V450,cat07,APAC ,2024-06-29,18099.81, USD
PO04357,POL3 ,V322,cat06,LATAM ,2024-07-17,17312.53, USD
PO04358,POL1 ,V248,CAT08,latam,2024-11-27,28327.16,
PO04359,POL3,V350 ,CAT01,APAC,2023-03-27,76591.94, USD
PO04360,POL1 ,V059,CAT04 ,LATAM,2024-10-30,47093.68,USD
PO04361,POL2,v135,CAT03,NA ,2024-06-07,94570.29,usd
PO04362,POL3 ,v244,CAT09 ,NA,2024-03-16,6923.46,USD
PO04363,POL1 , V104,CAT05,LATAM ,2024-08-15,96377.58,usd
PO04364,POL2 ,v442,CAT10,EMEA,2024-03-03,23028.32,USD
PO04365,POL3 , V045,CAT03 ,LATAM ,2024-04-26,90863.45,USD
PO04366,POL2,V456,cat03,EMEA,2023-12-08,31755.91, USD
PO04367,POL3,V336,CAT04 ,APAC,2023-01-06,25061.09,USD
PO04368,POL1,V485,cat01,APAC,2023-11-02,32219.49,USD
PO04369,POL2,V108,CAT02,APAC,2023-11-03,95976.96, USD
PO04370,POL2,V485 ,CAT07,NA ,2024-03-07,40687.0,usd
PO04371,pol2,V343, CAT05, NA,2023-10-04,, USD
PO04372,POL3,V352,CAT04 ,NA ,2024-10-09,97592.56,usd
PO04373,POL3 ,V096,,APAC,2024-12-05,54433.99,
PO04374,POL3,V372,CAT06,NA,2023-08-03,58370.04,USD
PO04375, POL3,V241,CAT05,APAC,2024-12-27,4789.08,usd
PO04376,POL3 ,V241,CAT02 ,NA,2023-02-22,1884.65, USD
PO04377,POL1,V326,cat02,NA ,2024-05-20,20317.56,
PO04378,pol2,V278,cat04,APAC ,2024-05-24,48136.83,
PO04379,POL3 , V483,CAT09,NA ,2023-07-06,7898.32, USD
PO04380,POL3,v123,CAT10 ,NA,2023-02-18,68841.0,
PO04381,pol2, V473,CAT02, EMEA,2024-04-23,28403.06, USD
PO04382,POL1, V292,CAT02,EMEA,2024-11-09,,USD
PO04383,pol2,V252 ,CAT08 ,EMEA ,2024-06-08,74815.22,usd
PO04384,POL3 ,V307,CAT08,LATAM,2023-02-18,11411.86, USD
PO04385, POL3,V495,CAT05, EMEA,2023-07-11,77613.35,
PO04386,pol2, V053,CAT05,EMEA,2024-07-12,12687.34, USD
PO04387,POL3,v466,CAT05,APAC,2023-06-10,16001.27, USD
PO04388,pol1,v211,CAT06,APAC,2024-12-14,36138.23,USD
PO04389, POL2,V005,CAT04, APAC,2024-04-15,41037.62, USD
PO04390,POL1,V259,CAT04,EMEA,2023-08-19,86066.17,USD
PO04391,POL1,V251,cat08,LATAM,2024-08-03,84732.36,USD
PO04392,POL2,V023,CAT07,NA ,2024-06-29,43113.69,usd
PO04393,POL2,V208 ,CAT09 ,APAC,2023-02-16,7196.53,usd
PO04394, POL3,V061,CAT04, LATAM,2024-08-15,67124.23,usd
PO04395,POL1,v219,CAT02,EMEA,2024-09-18,24251.21,usd
PO04396,POL1 ,V019,CAT05,NA,2024-07-01,77028.52,USD
PO04397,POL3 ,V105, CAT08,emea,2024-06-07,28062.67, USD
PO04398, POL2,V331,CAT01, NA,2024-11-16,86417.12,
PO04399,POL3, V375,CAT01,NA,2024-08-14,82956.21, USD
PO04400,POL2 ,V413 ,cat05,LATAM,2023-12-07,4589.56,USD
PO04401,POL1,V265 ,CAT05,APAC,2023-08-19,24896.61,usd
PO04402, POL3,V237,CAT04,na,2024-05-05,22765.01,usd
PO04403,POL1,V169,CAT07 ,emea,2024-04-13,90857.13,
PO04404,POL2,V348 ,CAT06,NA,2023-11-13,91487.64,USD
PO04405,POL1, V450,CAT10, APAC,2024-04-02,47690.09,
PO04406,POL3 ,V246,cat02,APAC,2024-12-30,7819.84, USD
PO04407, POL2,V315,CAT04,na,2024-02-04,29490.36,
PO04408,pol2,V444,CAT03,LATAM,2024-10-01,11236.76,USD
PO04409, POL3,V420, CAT07,NA,2023-08-01,50293.94,usd
PO04410,POL1,V340, CAT08,LATAM,2023-01-27,25199.68,usd
PO04411,pol1,V132,cat08,emea,2023-10-23,54585.16,
PO04412,POL3,V220,CAT10,NA,2024-12-25,36839.23,
PO04413, POL2,V167, CAT05, LATAM,2023-12-14,34081.36,usd
PO04414,pol1,V425 ,CAT07 ,LATAM ,2023-03-15,45484.17,usd
PO04415, POL3,V137,cat10,EMEA,2023-02-07,50308.46,
PO04416,POL3,V288 ,CAT04 ,APAC,2024-12-29,10227.17, USD
PO04417,POL3,V381,CAT03,APAC,2024-01-07,16558.08,
PO04418, POL3,V103, CAT06,EMEA,2024-07-02,44535.38,
PO04419,POL3,V018 ,CAT01,apac,2024-12-31,18103.28,usd
PO04420,POL3,V224,CAT06,APAC ,2023-08-11,82471.56,
PO04421,pol2,v423,CAT08,LATAM,2024-05-13,86746.85,USD
PO04422,POL2 ,V318,CAT05,LATAM ,2024-07-17,4678.74,usd
PO04423,POL1, V064,CAT04 ,APAC,2023-11-14,, USD
PO04424, POL3,V106,CAT10 , LATAM,2024-09-06,79549.47,USD
PO04425,POL2 ,V020,CAT03, APAC,2024-06-09,, USD
PO04426, POL2,V486,CAT07,LATAM,2024-03-15,97202.43, USD
PO04427, POL3, V206,CAT01, APAC,2023-02-11,28939.73, USD
PO04428,pol2,V011,CAT08 ,APAC,2023-03-04,38490.91, USD
PO04429,POL1, V457,CAT01,NA,2024-01-19,3229.53,usd
PO04430,POL1,v184, CAT05,apac,2023-11-03,79657.58,usd
PO04431,POL2,V181,cat02,latam,2023-05-23,59267.11,usd
PO04432,POL2 ,V126,CAT05,LATAM,2024-01-04,8953.63,
PO04433,pol2,V330,CAT10,na,2023-03-14,4807.76,usd
PO04434,pol3,V181,cat04,LATAM,2024-06-27,80587.94,
PO04435,POL1 , V431,CAT05,LATAM ,2024-06-09,32847.16,USD
PO04436,POL1 , V350,CAT03 ,NA,2024-03-21,11927.53,usd
PO04437, POL2,V014,CAT03, NA,2024-10-26,24857.47,
PO04438,POL3,V500 ,CAT07,NA ,2024-06-15,83294.04,
PO04439,POL3,V111 , CAT10,LATAM ,2024-09-18,5665.89, USD
PO04440,POL1 , V003, CAT04,EMEA,2023-02-21,16928.64,USD
PO04441,POL1,V103,CAT06, NA,2024-11-29,77788.38,usd
PO04442,POL3,V072,CAT10, LATAM,2023-12-25,41553.43,usd
PO04443,POL3,V355,CAT10,latam,2023-12-26,90594.51,USD
PO04444,POL2 ,V065,CAT05, LATAM,2023-01-18,63411.64,
PO04445, POL2,V155,CAT10 , APAC,2024-05-18,1590.62,USD
PO04446, POL2,V401,CAT02 ,NA,2024-04-27,64887.74, USD
PO04447, POL1,V122,CAT08, LATAM,2024-06-06,23465.63, USD
PO04448,POL3,V466 ,cat05, EMEA,2024-07-06,78570.38,usd
PO04449,POL1,v272,CAT06 ,LATAM,2023-09-26,83517.64,
PO04450,POL3,V112 ,CAT02,LATAM,2023-08-21,28927.15, USD
PO04451,POL3,v228,CAT09,LATAM ,2024-08-17,,
PO04452, POL2, V308, CAT06,NA,2024-08-08,58473.51,USD
PO04453, POL1,V301,cat09,LATAM,2024-01-14,13045.34, USD
PO04454,POL3,V077,CAT07,APAC,2024-11-01,26420.77, USD
PO04455,POL1,V169 ,CAT08,LATAM,2024-11-07,3866.56,usd
PO04456,POL1,V122, CAT01,EMEA,2023-01-23,4958.7, USD
PO04457,POL2 ,V192,CAT02,EMEA,2024-09-12,76041.18, USD
PO04458,POL3,V081,CAT09,NA ,2023-04-14,22699.22,USD
PO04459,POL1,V348,CAT04,EMEA,2024-06-29,18950.31,usd
PO04460,POL2,V446 ,CAT05 ,LATAM,2023-03-23,9645.12,
PO04461,POL2,V437 , CAT05,NA,2023-10-24,21603.59, USD
PO04462,POL3,V445,CAT06,emea,2024-09-19,68319.57,usd
PO04463,POL2,V176 ,cat06,EMEA,2024-06-25,31101.82,
PO04464, POL2,V187,CAT05, LATAM,2024-11-05,60252.11,USD
PO04465,POL1,V215,CAT04,APAC ,2023-08-08,55847.37,
PO04466,POL2 ,V270, CAT04,APAC ,2023-12-04,89594.38, USD
PO04467, POL2,V173,CAT06,latam,2023-02-15,75805.36,USD
PO04468, POL3,V022,CAT05,APAC,2023-06-23,5753.56, USD
PO04469,POL1,V064,CAT04,NA,2024-03-10,83884.7, USD
PO04470,pol1,V373,CAT04 ,EMEA,2023-12-28,91330.28,usd
PO04471,pol1,V169 ,CAT03 ,latam,2023-06-08,18907.52,
PO04472,POL3,v380,CAT02, NA,2024-06-26,36927.84,usd
PO04473,POL2,V053 ,cat05, EMEA,2024-05-05,69099.85,usd
PO04474,pol2,V008,cat01,APAC,2024-08-08,58649.9,
PO04475,POL3 ,V151 ,CAT09,APAC,2023-02-06,22054.36,
PO04476,POL3,V300,CAT10,EMEA,2023-11-25,19133.84,USD
PO04477,POL3 ,V433,CAT03 ,NA,2024-09-19,90059.24,usd
PO04478, POL3,V262,CAT08 ,LATAM,2024-04-04,59526.92,USD
PO04479, POL3,V131,cat08,APAC,2023-08-16,48816.5, USD
PO04480,POL1,V149 ,CAT02,EMEA,2023-01-05,98270.08,USD
PO04481,POL2,V014, CAT02,NA ,2024-11-16,75251.79,usd
PO04482,pol3,V212 ,CAT01,NA,2024-12-14,29152.22, USD
PO04483,POL2,V178,CAT03 ,LATAM,2024-04-03,64012.45,USD
PO04484,POL2, V358,CAT06,EMEA,2024-03-28,26211.7,usd
PO04485,POL1,V189, CAT07,na,2024-05-14,75798.57, USD
PO04486,pol3,V262,CAT03,NA,2024-07-26,74653.3, USD
PO04487,POL3, V260,CAT06,LATAM,2023-04-23,82700.05,
PO04488,POL1 ,v340, CAT05,APAC ,2023-02-19,40323.27,
PO04489,POL2,v398,CAT07,LATAM,2024-06-28,96697.38, USD
PO04490,POL1 ,V394,CAT03,LATAM,2024-07-17,61797.04,
PO04491,POL2,V255 ,CAT03 ,NA ,2023-04-20,27043.29,USD
PO04492, POL2, V191,cat06,APAC,2023-09-08,77426.21,USD
PO04493,POL2,V190,CAT02,NA,2023-02-11,89348.35, USD
PO04494,POL1,V061,CAT05,EMEA,2024-01-16,,USD
PO04495,POL1,V230 ,CAT10,NA,2024-03-25,1154.9,USD
PO04496,pol2,V378,CAT08,EMEA,2023-12-15,15216.01,USD
PO04497,POL3,v128,CAT01,na,2023-10-04,72495.71,USD
PO04498,POL3,v316,CAT02,LATAM,2023-04-13,15569.41, USD
PO04499,POL3,V032, CAT10,NA,2023-01-21,76711.39, USD
PO04500,POL2 ,V170, CAT07,NA,2023-01-10,32148.82,USD
PO04501,POL1,V146 ,CAT04,NA,2023-07-26,81565.15,
PO04502,POL1,v292,CAT07 ,na,2023-04-11,87510.72,USD
PO04503,POL1,V237,CAT05,emea,2024-02-27,68135.45,
PO04504,POL2,v433,CAT01,EMEA,2024-08-22,25104.28,USD
PO04505,POL1 ,V219,CAT07,emea,2024-09-12,78228.35, USD
PO04506,POL1 ,v289,CAT04,APAC,2024-02-04,70671.86,USD
PO04507,POL3,V338,CAT06,NA ,2023-06-09,70714.23,
PO04508,POL2,V079, CAT08,APAC,2023-03-20,,usd
PO04509,pol3,V114,CAT09 , APAC,2023-07-29,58857.36,USD
PO04510,POL2,v477,cat06,LATAM,2024-08-10,79358.9,
PO04511,POL1,V221,cat09,NA ,2023-06-30,97167.79,USD
PO04512,POL3,v376,CAT03,EMEA ,2023-07-21,3923.17,
PO04513, POL1, V155,CAT03 ,emea,2024-06-28,63736.58,USD
PO04514,POL2, V467,CAT07,NA,2023-05-03,16193.55, USD
PO04515,POL2,v252,CAT10,APAC,2024-02-16,3029.03, USD
PO04516,POL2,V204,CAT10,APAC,2024-01-06,48624.1, USD
PO04517,pol1,V033,CAT07,EMEA,2023-03-28,58131.95,usd
PO04518,POL2,V189,CAT10,NA,2023-09-23,41343.27,usd
PO04519, POL1,V322,cat08,NA,2023-05-16,28701.28,USD
PO04520, POL1,V255,cat08,APAC,2024-10-08,92378.63,usd
PO04521, POL2,V420 ,CAT10,NA ,2023-09-15,29077.71,
PO04522,POL2 ,V145 ,CAT04, LATAM,2023-08-06,60715.13,
PO04523,POL1,V285 ,CAT10,APAC,2023-05-31,41784.49, USD
PO04524,POL1 ,V181 ,CAT10,LATAM,2024-09-11,88150.73, USD
PO04525,POL3,v455,CAT08,na,2023-10-09,72466.96, USD
PO04526, POL1,V411,CAT03,apac,2023-06-13,40327.16,USD
PO04527,POL3,V218,CAT02,APAC,2024-10-14,21101.8,USD
PO04528,POL3 ,V110,CAT01 ,APAC ,2024-09-26,59967.43,usd
PO04529,POL3 ,v497,CAT02,emea,2023-06-06,20930.13, USD
PO04530,POL2 ,V359,CAT08 ,APAC,2024-06-19,18288.72, USD
PO04531,POL3,V213, CAT09,EMEA,2024-12-08,95708.32,usd
PO04532,POL3,V287, CAT08,LATAM,2023-11-11,3795.38,usd
PO04533,POL2,V183 ,cat04, NA,2023-01-10,72383.63,
PO04534,POL3,V412,CAT01, LATAM,2024-03-11,25096.86, USD
PO04535,POL3,V016,cat10,LATAM,2023-10-28,86187.18,USD
PO04536, POL3, V368,CAT07,APAC,2023-12-05,17128.9,
PO04537,pol1,V041 ,CAT09,NA,2023-07-30,66379.98, USD
PO04538,POL2,v467,CAT05, APAC,2023-08-28,32461.91,
PO04539,POL2, V287,CAT07, LATAM,2024-07-12,5849.21,USD
PO04540,POL2,V048,CAT01,NA,2023-11-10,65352.78,usd
PO04541,POL2 , V234,CAT07,,2024-01-04,84514.05,USD
PO04542,POL1,V201,CAT02,LATAM,2023-06-16,53196.04,usd
PO04543, POL1,V399, CAT05,EMEA,2023-11-03,65929.14,USD
PO04544, POL1,V495,CAT10,LATAM ,2024-04-05,31464.27, USD
PO04545,POL1,V343,CAT06 ,LATAM,2024-09-13,32572.49,
PO04546,pol2,V269,CAT04 ,LATAM,2024-09-18,60467.9,USD
PO04547,POL2 ,V260,CAT06,NA,2024-10-17,86682.79,
PO04548,POL1,V348,CAT01,latam,2023-09-26,69273.1,usd
PO04549,POL2,V018,CAT01,NA ,2023-04-20,17602.38,USD
PO04550,POL1,V391,CAT03,NA,2024-09-09,31053.0,USD
PO04551,pol2,V041 ,CAT07,EMEA ,2024-04-20,66848.02,usd
PO04552,POL1,V431,CAT09,EMEA,2023-07-27,30000.39,USD
PO04553,POL2,V083,CAT06,LATAM ,2023-12-08,28475.76,USD
PO04554,pol2, V017,CAT08 ,LATAM,2024-04-01,34082.31,USD
PO04555,pol2, V352,CAT09 ,EMEA,2023-04-21,28380.1,usd
PO04556,POL2 ,V363,CAT03 ,latam,2024-07-03,48087.37,usd
PO04557, POL1,V222,CAT10 ,NA,2024-07-10,5827.65,
PO04558,POL2 ,V022, CAT03,LATAM ,2023-07-04,3139.61,USD
PO04559,POL3, V341,CAT06, NA,2024-06-15,96215.94,usd
PO04560,POL1,v279, CAT07,LATAM,2024-01-15,26783.03, USD
PO04561,POL3,V266,CAT01,EMEA,2023-07-30,36535.19,USD
PO04562,POL2,V488,CAT02, APAC,2023-08-29,34227.63, USD
PO04563,POL3,V315 ,CAT05, EMEA,2023-05-23,33209.74, USD
PO04564,POL1,v146,CAT10 ,latam,2023-07-26,52549.21,
PO04565,POL1,V267,CAT02 ,NA,2023-04-15,15237.85, USD
PO04566,POL2,v212,CAT02 ,latam,2024-09-16,55510.74,usd
PO04567,POL3,V207 ,CAT01,NA,2023-12-23,21822.74,
PO04568,POL1 , V451,CAT02,APAC,2023-05-06,40332.3, USD
PO04569,POL2, V379,CAT05 ,APAC ,2023-06-11,4038.88,usd
PO04570,POL1,V154,CAT03,LATAM,2023-04-11,47362.14,USD
PO04571, POL1,V096,CAT07,emea,2024-12-12,72818.8,usd
PO04572,POL1,V393 , CAT07,LATAM,2023-12-04,61919.71,
PO04573,POL2,V247,CAT03 , APAC,2023-10-03,35979.81,USD
PO04574,POL2,V418 ,CAT08,NA,2024-10-12,59056.46,USD
PO04575,POL1 ,v435,CAT05,APAC,2024-06-27,47695.19, USD
PO04576,POL1,V332, CAT10, EMEA,2024-03-27,41139.37,
PO04577,POL2,V351,CAT05,NA,2024-07-08,99029.45,
PO04578,pol3,v254,CAT07 ,APAC,2024-11-03,33017.19,USD
PO04579,POL3 ,V209,CAT03,emea,2024-09-13,19293.28, USD
PO04580,POL1 ,V402,CAT02,APAC,2024-05-12,88112.98,USD
PO04581,pol3,V048,CAT05,EMEA,2023-02-13,84787.99, USD
PO04582,POL2,V243,CAT04,APAC ,2024-06-21,61024.63,USD
PO04583,POL2,V155,CAT07 ,NA,2024-03-31,1528.85,
PO04584, POL2,V087,CAT03,LATAM,2023-11-15,38181.37,
PO04585, POL2,V229 , CAT07,EMEA,2024-01-30,78026.48,
PO04586,POL1,v478,CAT01,LATAM,2024-05-14,41030.61,
PO04587,POL1,V418, CAT09,LATAM,2023-09-27,52872.23,USD
PO04588, POL3,V292 ,CAT05,NA,2023-03-02,85528.17,
PO04589, POL1,V128 ,CAT07 ,EMEA,2024-09-26,20892.57,usd
PO04590,POL1 ,v170,CAT03,latam,2023-01-10,22105.39,
PO04591,POL2, V160,cat01, LATAM,2024-11-24,65099.57, USD
PO04592,pol1, V315,CAT01,EMEA ,2024-01-25,19498.33,
PO04593,POL2,V321,CAT08,APAC ,2023-04-22,53873.58, USD
PO04594,POL3,V299, CAT10,latam,2023-10-02,81940.24,usd
PO04595,POL3,V285,CAT06,LATAM,2023-08-10,,USD
PO04596,POL1,V193,CAT06, APAC,2023-11-21,50613.79,usd
PO04597,pol1,V199, CAT08,APAC ,2024-01-24,85657.95,
PO04598,POL1,V414,CAT04, APAC,2024-11-23,60390.59,
PO04599,POL1, V339,CAT03 ,EMEA ,2024-10-08,6229.3,usd
PO04600,POL2,V430,CAT04,NA ,2023-09-11,42201.56,usd
PO04601,pol2,V405,cat08, EMEA,2023-03-07,14772.04,USD
PO04602,pol3,V396,CAT01,na,2023-01-26,64423.59,USD
PO04603,POL1,V070,cat04,NA,2024-07-04,50479.68,
PO04604,POL3 ,V252, CAT06,NA ,2023-06-06,43729.2,USD
PO04605, POL3, V116,CAT06,EMEA,2023-08-30,52150.66, USD
PO04606, POL1,V249,CAT08,NA,2023-07-06,90960.72, USD
PO04607,pol2,v139, CAT02,NA,2024-10-16,53124.43,
PO04608, POL2, V346, CAT04,EMEA,2023-03-14,33900.59,USD
PO04609,pol1,V264 ,cat03, LATAM,2023-04-23,20056.83,
PO04610,POL2,V362,cat10,,2023-05-05,9665.45,USD
PO04611,POL1,V494,CAT05 ,APAC,2023-12-08,9184.59,USD
PO04612,POL1,V126 , CAT02, APAC,2023-01-16,53838.83, USD
PO04613,POL2 ,V404,CAT02 , EMEA,2024-06-15,4776.96, USD
PO04614,pol2,V198 ,CAT02,EMEA,2023-07-11,,usd
PO04615, POL3,V346,CAT04, APAC,2023-10-30,19665.03,
PO04616,POL2,V205,cat05,emea,2024-11-28,83150.46,usd
PO04617,POL3 ,V470 ,CAT07 , LATAM,2024-10-24,63893.39,usd
PO04618,POL3,V423,CAT05,LATAM,2024-06-06,34873.44,USD
PO04619,POL3,V198,CAT10,APAC,2024-03-05,99690.48,USD
PO04620,POL1,V028 ,CAT01,NA,2024-10-23,90030.55,
PO04621,POL1, V035,CAT05, NA,2023-04-02,26701.36,
PO04622,POL3,V470,CAT04,EMEA,2024-10-12,34299.46,
PO04623,POL2 ,V246 , CAT07,EMEA ,2023-04-11,58575.6, USD
PO04624,POL1,V328,CAT07, LATAM,2023-11-01,11827.24,USD
PO04625,pol1,v136,cat04,EMEA,2023-03-22,14273.85,USD
PO04626,POL2,v469,CAT04,latam,2024-02-24,15101.02,
PO04627,POL3 ,V019, CAT05, LATAM,2023-08-11,90247.15, USD
PO04628,POL3 ,V131 , CAT09,LATAM ,2024-01-03,85460.9,
PO04629,POL2,V099,CAT04 , NA,2023-12-10,18315.2,
PO04630,POL1,V130,CAT04,LATAM,2023-12-19,28260.41, USD
PO04631,POL3 ,V150,CAT06,NA,2024-05-10,81395.06,usd
PO04632,POL1,V262 ,CAT10,LATAM,2024-05-30,70663.27,USD
PO04633,pol1,V234,CAT10 ,LATAM,2024-06-21,45408.93,
PO04634,pol1, V189,CAT10 ,APAC,2023-10-06,24443.03, USD
PO04635,POL1,V167,CAT08,NA,2023-03-31,5367.22, USD
PO04636,POL2,V048, CAT04,latam,2023-10-16,79128.85,usd
PO04637,,V178,CAT06, EMEA,2023-12-22,56034.06,USD
PO04638,POL3,v012,CAT10,LATAM,2024-04-12,93799.03,USD
PO04639,POL2, V192,cat07,NA,2023-10-21,46362.02, USD
PO04640,POL1,V115, CAT05, NA,2024-05-05,15493.18,usd
PO04641,POL1,V281,CAT02, APAC,2023-09-05,57749.51,
PO04642,POL2, V045,cat03,NA,2023-12-19,4596.49, USD
PO04643,pol1, V468,cat09,NA,2023-12-19,47206.96,
PO04644, POL3,V364,cat06,APAC ,2024-07-28,3306.94,usd
PO04645,POL3,v476,CAT04,LATAM,2024-04-12,80284.36,usd
PO04646,POL3 , V211,CAT01,EMEA,2024-06-25,14290.93, USD
PO04647,pol3,V096,CAT05 , EMEA,2024-10-21,43204.09,USD
PO04648,POL1,V303,CAT02,LATAM,2024-10-19,85128.27,usd
PO04649,POL3, V400,CAT06, NA,2023-11-24,18043.55,USD
PO04650,pol2,V105,cat07,NA,2024-05-25,46626.91,usd
PO04651, POL1,V206, CAT05,EMEA,2024-01-31,16925.98,USD
PO04652,POL3,V410,CAT02,EMEA,2024-05-05,66960.05, USD
PO04653,POL2,V378,CAT07 ,APAC ,2023-03-21,96646.69,USD
PO04654,POL3, V020, CAT06, APAC,2024-01-31,71757.34, USD
PO04655,POL1,V309 ,CAT07,NA,2023-08-19,79479.15, USD
PO04656,POL1,V179,cat08,APAC,2023-11-07,59011.78, USD
PO04657,POL1,V336 ,cat08,APAC,2023-10-01,76817.5,
PO04658,POL2,v298, CAT08,APAC,2024-05-26,6195.23,USD
PO04659,POL2,V186,cat07,EMEA,2024-04-15,62842.98,usd
PO04660,POL3,v171,,LATAM,2024-07-30,36859.62, USD
PO04661,POL2 ,V010 , CAT02,LATAM,2024-07-21,20647.42, USD
PO04662,POL1,V316,CAT04,APAC,2024-04-02,28603.98,USD
PO04663,POL2,V491 ,CAT09,NA,2023-08-29,81237.37,USD
PO04664,POL1 ,V111,CAT09,APAC,2023-07-24,32206.09,USD
PO04665,POL3,V421 ,CAT02,EMEA,2023-03-26,59395.07, USD
PO04666, POL1,V483,cat03,apac,2023-03-26,99572.81,usd
PO04667,POL1,V248,CAT08,EMEA ,2024-08-10,83064.17,usd
PO04668,pol3, V369,CAT07,NA ,2024-03-26,79007.06,
PO04669,POL3 ,V021,CAT10,apac,2023-12-20,10645.22,usd
PO04670,pol2, V305,CAT09 ,LATAM,2024-04-04,16323.47,usd
PO04671,POL1,V056,CAT08,APAC,2024-01-13,88195.13,
PO04672, POL2,V234,CAT07,NA,2023-09-13,70908.2,USD
PO04673,POL3,v480,CAT04,NA,2023-03-05,10192.31,USD
PO04674,POL3,v057, CAT06, APAC,2024-10-27,10117.87, USD
PO04675,POL3, V123,cat07,NA ,2024-12-31,3116.12,
PO04676,pol2,V023,CAT09,EMEA,2023-10-28,99723.86,
PO04677,POL2 ,V313 ,cat03,EMEA ,2023-11-30,50054.16,
PO04678,POL1, V128,cat10,EMEA,2023-07-24,25501.11, USD
PO04679,POL2,V212 ,CAT02, EMEA,2024-04-22,23652.95,USD
PO04680,POL2, V204,cat01,NA,2023-02-23,49671.73,usd
PO04681,pol2,V114,CAT07 ,LATAM,2024-05-25,76088.12, USD
PO04682,POL3 ,V464 , CAT10, LATAM,2023-10-05,29517.59,USD
PO04683,POL2,v174,cat03,LATAM ,2024-11-18,20062.98,
PO04684,POL1,v391,CAT09,LATAM,2024-05-24,39442.98, USD
PO04685,pol1, V167,CAT09,emea,2023-04-11,92967.84,usd
PO04686,POL2, V216, CAT07, NA,2023-08-06,8726.52,usd
PO04687,POL3, V458,CAT01,latam,2023-03-19,64203.44,usd
PO04688,POL3,v208,CAT04,emea,2023-09-17,31825.0,USD
PO04689,POL3 ,v383,CAT08,EMEA,2023-08-11,9426.66,USD
PO04690,POL3 ,V371,CAT02,EMEA,2024-08-15,30353.18, USD
PO04691,POL1,V004 ,CAT03,APAC,2024-02-26,30894.84,USD
PO04692, POL2,V463,CAT03,EMEA ,2024-08-04,44523.79,usd
PO04693,pol3,v470,CAT09 ,NA,2023-06-04,23937.38,usd
PO04694,POL1,v282,CAT10,NA,2024-02-25,94853.27, USD
PO04695,POL2,v297, CAT02,latam,2023-03-28,27705.34, USD
PO04696,POL2 ,V490,CAT10,LATAM,2024-08-04,81989.28,USD
PO04697,POL3,V498, CAT08,LATAM,2024-11-07,9362.77,
PO04698,POL1 ,v268, CAT01,LATAM ,2023-05-11,5395.56, USD
PO04699,POL1,V233, CAT06,EMEA,2024-06-22,80043.23, USD
PO04700,POL1, V104,CAT04,emea,2023-06-23,58686.73,usd
PO04701,POL3 , V187,CAT10,na,2024-11-27,84966.84,usd
PO04702,POL1 ,V295, CAT02,NA ,2024-11-07,56473.93, USD
PO04703,POL2,V357,CAT10,EMEA,2024-04-21,75411.28,USD
PO04704,POL1,V323 , CAT08, NA,2024-10-11,23715.01,
PO04705,POL1 ,V272,cat09,EMEA,2024-09-09,28094.97,
PO04706,POL2,V359,CAT10, EMEA,2023-08-26,25241.77,USD
PO04707,POL3,V446 ,cat08,EMEA,2023-02-08,66004.22,usd
PO04708,POL3,v243, CAT09, EMEA,2024-03-28,95734.93,USD
PO04709,POL3, V298,CAT07,LATAM ,2024-11-14,38084.74,USD
PO04710,pol3,V441,CAT05, NA,2024-01-15,59832.42,
PO04711,pol1,V117 ,CAT07,APAC,2023-02-16,71805.12,
PO04712,POL1 ,V091 ,CAT07 ,APAC,2023-09-25,7448.94, USD
PO04713,POL3,V212,CAT05,NA,2024-03-27,85263.56,USD
PO04714,POL1,V172,cat09,NA ,2023-12-08,35389.28,usd
PO04715,pol1,V170,cat05,apac,2024-04-22,40858.65,usd
PO04716,POL1 ,V013,cat03,NA,2023-03-03,59297.4,USD
PO04717,POL2 ,V156,CAT09,na,2024-08-01,84984.97,usd
PO04718,POL1,V335 ,CAT09,APAC,2024-10-16,84830.43, USD
PO04719, POL1,V364,CAT10,EMEA,2024-03-25,26403.62,
PO04720,POL1,V017,cat10,APAC,2023-11-09,53277.46,USD
PO04721,POL3, V026,CAT03,EMEA ,2024-12-01,25916.24,
PO04722,POL1,V146 ,CAT10,EMEA ,2023-05-06,37066.56,
PO04723,POL3,v371,CAT04,NA,2023-09-26,82122.55,usd
PO04724,pol3,V104,CAT09,APAC,2023-05-08,84836.42,
PO04725,POL1 ,V162,CAT04 ,EMEA,2024-05-22,66654.23,usd
PO04726,POL3, V189,CAT02,EMEA,2023-11-12,96516.77,usd
PO04727, POL1,V239,CAT02,EMEA,2023-11-29,63542.76,
PO04728,POL1,V002, CAT08,NA,2023-02-01,15023.13, USD
PO04729,POL3,v461,CAT04 ,APAC ,2023-04-10,32690.62,usd
PO04730, POL3, V395,CAT01,LATAM,2024-11-20,53771.07, USD
PO04731,pol2,V231,CAT05 ,LATAM,2024-10-23,84535.71,
PO04732, POL3,V328,CAT01 ,EMEA,2024-11-07,10249.67,USD
PO04733,POL3,V403, CAT04,LATAM,2024-12-01,50413.81,usd
PO04734,POL3,v495,CAT08, LATAM,2023-04-11,43366.69, USD
PO04735,POL3, V032,CAT10,EMEA,2024-12-04,45992.67,usd
PO04736,POL2,V175,CAT01,LATAM,2023-12-08,51722.71,usd
PO04737,POL2,V319,CAT05,emea,2024-09-06,41582.95,usd
PO04738,POL1,V428,CAT05,latam,2024-01-01,70793.59,USD
PO04739, POL1,V109,cat07,EMEA,2024-09-19,11462.33,USD
PO04740, POL1,v420,CAT10, NA,2023-09-11,71934.91,usd
PO04741,POL1,V048,CAT07 , NA,2023-03-15,72500.74,usd
PO04742, POL1,v434,CAT01,EMEA ,2024-07-16,61080.6,USD
PO04743,POL1,v271,CAT06,EMEA,2024-01-16,77463.09,USD
PO04744, POL3,V310, CAT07,LATAM,2024-05-09,94644.14,usd
PO04745,POL3,v182,cat09,LATAM,2024-12-11,49365.73,USD
PO04746,POL1 ,V488,CAT01,APAC ,2023-03-16,99477.69, USD
PO04747, POL1,V397,CAT06,APAC,2024-09-02,68161.63,USD
PO04748,POL3,V391, CAT05,APAC ,2024-03-30,15683.22,USD
PO04749,pol2,V352 , CAT08,NA,2023-11-24,85055.35,
PO04750,POL2,V457,CAT03,EMEA ,2023-03-30,85038.0,
PO04751, POL2,V397,CAT06,LATAM,2024-02-16,46645.98,usd
PO04752,pol3,V281,CAT06,NA,2023-10-01,43802.4,USD
PO04753,POL2,V334,CAT09 ,APAC,2023-09-16,81504.14,usd
PO04754,pol3,v109, CAT02,EMEA,2024-04-02,57348.52,
PO04755,POL2 ,V148,CAT06,LATAM,2024-06-28,47667.1,USD
PO04756, POL1,V266,CAT02,APAC,2023-12-01,27285.45,usd
PO04757,POL1,V132,cat05,latam,2024-07-14,60795.35,USD
PO04758,POL1,V198,cat09,EMEA,2024-08-09,62722.44,
PO04759,POL2,V411, CAT02,EMEA,2023-11-07,61211.97,USD
PO04760,POL2 ,V182,CAT10,APAC,2023-09-18,3422.92,
PO04761,POL1,V172,CAT01, NA,2023-07-21,24794.07,USD
PO04762,POL2,V189,CAT10 , EMEA,2024-09-19,6928.65, USD
PO04763,POL1 ,v255,CAT09,emea,2024-04-18,29676.02,
PO04764,pol2,V443,CAT06,APAC ,2024-01-23,5625.39,
PO04765,POL1 ,V134,CAT02,NA,2023-06-10,,usd
PO04766,POL2 ,V007,CAT02,EMEA,2023-03-27,53674.47, USD
PO04767,pol1,V165,cat01, APAC,2023-01-23,64641.39,
PO04768, POL1,v483,CAT01, EMEA,2024-06-10,57798.82,usd
PO04769, POL3,V057,CAT06 ,APAC,2024-08-03,10825.99,
PO04770, POL3,V082,CAT10,na,2024-12-14,76465.36, USD
PO04771,POL1 ,V066,CAT03,LATAM,2024-05-14,45437.9,USD
PO04772,POL3,V324,CAT02,NA,2023-09-25,5490.18,USD
PO04773,POL2,V379, CAT09,EMEA,2024-07-20,10145.04,USD
PO04774,POL2,V063, CAT04,EMEA,2023-12-30,35746.42, USD
PO04775,POL1,V441,CAT02,na,2024-12-28,22855.54, USD
PO04776,POL1 ,V061, CAT07,latam,2023-11-14,7054.29, USD
PO04777,POL1, V454,CAT08,LATAM,2023-06-21,26676.49,USD
PO04778,POL3,V224,CAT10,APAC,2023-02-15,,USD
PO04779,POL3,V333 ,CAT09,EMEA,2024-05-27,87320.63,usd
PO04780,POL2,V433,CAT08,APAC,2023-11-02,12651.43,USD
PO04781,POL1 ,v285,CAT08,EMEA,2024-07-28,47945.5,USD
PO04782,pol3, V026, CAT02,emea,2024-11-30,57234.02,usd
PO04783,pol3,v070,cat09,NA,2023-05-03,64974.03,
PO04784,POL1,V342,CAT08 , LATAM,2023-08-28,82234.76,
PO04785,pol2,V177,,NA,2024-08-09,59349.23,usd
PO04786,POL2 ,V343,CAT05,APAC,2024-12-18,92846.48,USD
PO04787,pol3,v237,CAT09,na,2024-10-31,31096.01,
PO04788,POL3,V436, CAT03,LATAM,2023-12-08,10201.61, USD
PO04789,POL3,V044,CAT02,NA ,2023-04-22,2610.63,USD
PO04790, POL2,v238, CAT05,APAC,2024-09-12,93787.51,
PO04791,POL1,V260,CAT05,LATAM ,2023-01-13,48596.18, USD
PO04792,POL2,v054,CAT02 ,EMEA ,2023-10-15,96179.48, USD
PO04793,pol1,V332,,apac,2024-05-17,37447.31,
PO04794,POL1,V308 ,CAT05, LATAM,2024-03-31,9846.1,usd
PO04795,POL1,v223,CAT08,LATAM,2023-05-06,17897.77, USD
PO04796, POL3,V231 ,CAT05 ,APAC ,2024-06-07,81764.11,USD
PO04797, POL2,v493,CAT10 , APAC,2024-03-19,59373.37,USD
PO04798,POL2,V357,CAT10,APAC ,2024-12-16,6519.07,USD
PO04799,POL1,V058,CAT01,EMEA ,2024-05-01,3130.48,usd
PO04800, POL2,V086 ,CAT10,na,2023-08-21,22032.83, USD
PO04801,POL3 ,V444,CAT10 ,EMEA,2023-01-05,29070.59,USD
PO04802,POL1,V062 ,CAT06 ,NA,2024-06-18,27572.83, USD
PO04803,POL3 ,V206,CAT02,APAC,2024-01-03,11439.86, USD
PO04804,pol3,V427,CAT02,NA,2024-10-04,78612.74, USD
PO04805, POL1,V340 ,,EMEA,2024-01-31,94733.81, USD
PO04806,POL3,V375,CAT07,NA,2023-06-29,6703.39,
PO04807,POL2,V313,CAT08,emea,2024-01-23,70754.61,usd
PO04808,POL3,V025,CAT02,latam,2023-07-03,4127.97,USD
PO04809,POL1,V218 ,CAT07 ,APAC,2023-08-19,32048.14,
PO04810,POL2,V451,CAT07,APAC,2024-09-22,51308.28,
PO04811,POL3, V214, CAT09,APAC,2024-10-16,59050.48, USD
PO04812, POL2,V186,CAT01, APAC,2023-07-04,73659.84,usd
PO04813,POL2,v067,CAT08 , EMEA,2023-10-01,78799.01,usd
PO04814, POL1,V373,CAT09,EMEA ,2023-03-30,85311.96, USD
PO04815,pol3,V231 ,cat09,emea,2023-12-31,2687.33,
PO04816,POL3 , V256, CAT10,NA,2023-04-01,3574.83,usd
PO04817, POL2,V192,CAT04 ,LATAM ,2023-09-05,58916.6,usd
PO04818,POL1,V476,CAT05 , LATAM,2023-10-18,50247.82,
PO04819,POL3 ,V484,CAT08 ,LATAM ,2024-11-17,88424.3,USD
PO04820, POL1, V158, CAT08,APAC,2023-02-12,24702.07,USD
PO04821,POL1,V191,CAT02,LATAM,2023-03-27,56422.02,
PO04822, POL1,V303, CAT10,EMEA,2024-04-18,95113.5, USD
PO04823,pol1,V091,CAT07, LATAM,2023-10-08,15811.68,
PO04824, POL1,V019,CAT10,EMEA,2024-09-12,43187.76,
PO04825,POL3,v103,CAT05 ,LATAM,2024-11-13,40982.85,usd
PO04826, POL3,V457,CAT02,na,2024-11-22,24584.32, USD
PO04827,POL2,v296,CAT03,APAC,2024-04-18,99764.58,usd
PO04828,pol2,V415,cat10,LATAM,2023-04-15,50937.59,usd
PO04829,POL1,V046,cat01,LATAM,2023-07-29,2886.81,USD
PO04830,POL1,V295 ,CAT07,APAC,2024-10-15,40421.07,USD
PO04831,POL1, V123,cat07,NA,2024-12-18,97312.86, USD
PO04832,pol1,V322,CAT03,LATAM,2024-03-19,33770.28,USD
PO04833, POL1, V285,CAT06,APAC,2023-09-23,97042.59,usd
PO04834,pol1,v021,CAT04,APAC,2023-03-21,39546.56,USD
PO04835,POL1,V272,CAT05,NA,2023-05-12,57557.62,usd
PO04836,POL1,v378,CAT01 ,NA,2023-11-25,14194.7,
PO04837,POL3,V192 ,,NA,2023-10-03,33578.54, USD
PO04838,POL3,v432,CAT06, NA,2023-05-01,65916.65,
PO04839,pol3, V354,CAT03 ,EMEA,2024-06-16,68013.87,
PO04840,POL1,V307,cat07,EMEA,2024-08-26,79405.29, USD
PO04841, POL3,V282 ,cat05, NA,2023-12-16,52533.75, USD
PO04842,POL2,V246,cat06,NA ,2023-01-19,34873.01, USD
PO04843,POL2 ,v096,cat08,APAC ,2024-06-19,20774.24,
PO04844,POL3,V303,CAT02,EMEA,2023-04-26,89461.85,usd
PO04845,POL1 ,V101 ,cat02,APAC,2024-11-26,63858.6,
PO04846,pol2,V063,CAT01,LATAM,2024-02-13,56015.01, USD
PO04847,POL1, V499,CAT01,LATAM,2023-10-04,55848.84,USD
PO04848,POL3,V071, CAT09,na,2024-07-19,36181.11, USD
PO04849,POL1,V226,cat06,EMEA,2024-05-06,56672.7,usd
PO04850,pol1,V221,CAT10,EMEA,2024-12-09,39667.54, USD
PO04851,POL3,V407,CAT07,LATAM,2024-04-29,95040.97,usd
PO04852, POL1,V142,cat06,EMEA,2023-07-26,20007.85,
PO04853,POL3,V433,CAT07,LATAM,2024-09-03,16838.66,
PO04854,POL1,V389,CAT04,LATAM,2024-05-02,57798.41,USD
PO04855,POL3,v162,CAT10,emea,2024-10-14,57410.99,usd
PO04856,POL1,V355,CAT05,EMEA,2024-07-28,,USD
PO04857,POL1,V248,CAT09,na,2024-01-25,10968.88,USD
PO04858,POL1 , V041,CAT07,NA,2023-11-18,50868.89,usd
PO04859, POL3,V038, CAT09,EMEA,2023-04-15,29650.63, USD
PO04860,POL1,V155, CAT01,NA,2024-04-06,57580.89,
PO04861,POL1, V164, CAT05,EMEA,2024-08-11,99574.72,usd
PO04862,POL1,V258,CAT10,EMEA ,2023-08-02,52936.55,usd
PO04863,pol3,v036, CAT08,apac,2024-07-26,52112.63,usd
PO04864,POL1,V181,CAT03,LATAM,2024-10-22,73350.24, USD
PO04865,POL3,v073, CAT01,APAC,2023-12-29,96438.27, USD
PO04866,POL2,V081 ,CAT04, EMEA,2024-12-14,33641.27,usd
PO04867,POL2 ,,CAT10,LATAM,2023-05-23,61835.54,usd
PO04868,POL1,V097,CAT10,EMEA,2024-01-07,16982.8,
PO04869,POL1,V438,CAT01,apac,2023-05-28,9827.5,USD
PO04870,POL1, V181,CAT07 , APAC,2024-11-27,83000.5, USD
PO04871, POL1, V452,CAT10,latam,2024-04-16,77025.68,usd
PO04872,POL3,v103,CAT02,NA,2023-10-28,,
PO04873, POL1,V275,CAT06,EMEA,2024-12-03,77936.86, USD
PO04874,POL2,V405,CAT01 ,NA,2024-04-08,70745.08,
PO04875,POL2,V413 ,CAT08,EMEA,2023-01-11,2680.1,USD
PO04876,POL3,V167,CAT10 ,LATAM,2023-10-15,52841.29, USD
PO04877,POL3,V389,CAT10,latam,2024-01-24,36343.59,usd
PO04878,POL1 ,V473 ,CAT08,LATAM,2023-12-03,63268.86,USD
PO04879,POL2,V137, CAT01,EMEA ,2024-04-07,73187.09,usd
PO04880,POL3,V403,CAT07,APAC,2023-04-03,98322.38,usd
PO04881,POL2,v154,CAT10, APAC,2024-10-13,62239.22, USD
PO04882,POL3,v400,CAT09,APAC,2024-04-13,84766.22, USD
PO04883,pol3,V134 ,CAT09 ,LATAM,2023-08-19,86065.17, USD
PO04884,POL2, V143, CAT09,NA,2024-10-14,45177.18,USD
PO04885,POL1,V059,CAT07,LATAM,2024-03-27,97423.87, USD
PO04886,POL2,V055,CAT07,NA,2024-04-13,51790.51,USD
PO04887,pol1,V037,cat04, APAC,2024-10-11,39530.32,USD
PO04888,pol1,V315,cat08,LATAM,2024-11-24,24790.53, USD
PO04889,POL1, V329,CAT08,NA ,2023-03-10,74360.42,
PO04890, POL1,V391,CAT07,NA,2024-01-04,24474.78,usd
PO04891,POL2 ,v301,CAT10,LATAM,2024-04-09,36114.92,usd
PO04892,POL1, V498,CAT03,NA,2024-07-01,30879.42,USD
PO04893,pol2,V271,CAT02 ,EMEA,2024-10-19,62369.53,
PO04894, POL2,V455,cat09,LATAM,2024-03-29,78584.93,USD
PO04895,POL2 ,v046,CAT09,NA,2023-07-02,53861.51,USD
PO04896,POL3 ,V020 , CAT05, EMEA,2024-08-06,91773.87,USD
PO04897,POL2 ,V235, CAT05,,2024-11-22,89880.32,USD
PO04898,POL2,V330,cat08,NA,2023-08-26,8812.66,USD
PO04899,POL3,V211,CAT01, LATAM,2023-01-03,13988.54,usd
PO04900,POL3,V083 ,cat09,EMEA,2024-02-05,80005.75,
PO04901, POL2,V427 ,CAT06, LATAM,2023-01-05,90388.04,
PO04902,POL1, V146,CAT06 ,EMEA,2024-07-05,73430.87,usd
PO04903,POL3,V002,CAT05,EMEA ,2024-08-07,79171.99,USD
PO04904,POL2,V426,CAT02,NA,2024-12-30,26789.8,
PO04905,POL3,V129,CAT09, EMEA,2024-07-22,66356.11,USD
PO04906,POL3, V364,CAT07,emea,2023-03-25,61432.75,USD
PO04907,POL1,V340 ,CAT06,LATAM,2024-09-20,96166.15, USD
PO04908,POL1 ,V003,CAT04, EMEA,2023-07-01,,USD
PO04909,POL3, V043,cat10,apac,2023-01-18,5165.26,usd
PO04910,POL3 ,V342 ,CAT01 ,NA,2024-09-03,15638.82, USD
PO04911,POL3,V198, CAT02, LATAM,2023-07-14,94524.62,usd
PO04912,pol3,V471,CAT01 ,NA,2024-06-01,58486.78,usd
PO04913, POL2,V475 ,CAT10,APAC,2023-06-23,77584.8,
PO04914,POL3,V242, CAT09, LATAM,2024-08-15,12364.34, USD
PO04915,POL1,V339,CAT09,APAC,2024-03-08,77126.14,
PO04916, POL2,V408,CAT03, NA,2023-08-01,31535.75, USD
PO04917,POL3,V270,CAT02 ,apac,2024-01-19,43440.87,
PO04918,POL2 ,V027, CAT01,APAC ,2023-11-17,83424.97,usd
PO04919,POL3, V184,cat05,LATAM ,2024-12-20,88800.75,usd
PO04920,POL3,V173 ,CAT04, APAC,2023-08-26,63603.59,
PO04921, POL2,V324, CAT08,APAC,2023-06-24,38776.75, USD
PO04922,pol1, V379, CAT04, NA,2023-12-08,82502.88, USD
PO04923,POL3,V085, CAT08, LATAM,2024-05-29,33834.59,usd
PO04924,pol3,V250,CAT01,EMEA,2024-05-11,9523.3,usd
PO04925,POL1,V197,CAT01 ,NA,2024-07-14,54348.2,USD
PO04926,POL2,V173,CAT05,NA,2024-06-18,26415.64, USD
PO04927,POL1 ,V425, CAT09,EMEA,2024-05-23,31247.64,usd
PO04928,POL3 ,V489 ,CAT03,EMEA,2023-01-16,72658.78, USD
PO04929,POL2,V063,CAT01,NA,2023-05-21,98065.2,usd
PO04930,POL1,V101 ,CAT06, EMEA,2023-05-17,17742.34,
PO04931,POL1 , V375,CAT07,na,2023-03-10,41852.7, USD
PO04932, POL2,V266,CAT08, NA,2023-05-25,52146.48,usd
PO04933,POL2,V410 ,cat04,EMEA,2024-10-10,36550.3,USD
PO04934,POL3,V464,CAT10,APAC ,2023-09-29,5578.9,usd
PO04935,pol2,V451,CAT10,LATAM,2023-09-19,41369.8, USD
PO04936,POL2,V225,CAT10,EMEA,2024-02-27,53722.49,usd
PO04937,POL3,v342,CAT09,apac,2023-11-15,,USD
PO04938,POL3,V281,cat05,LATAM ,2023-04-16,41606.22,usd
PO04939,POL1 ,V361,CAT02,na,2024-03-10,47857.93,USD
PO04940,POL1, V412,CAT10,LATAM,2023-04-24,25346.02, USD
PO04941,POL3 ,V088,CAT01, LATAM,2024-11-04,50815.83,usd
PO04942, POL2,V442, CAT06,LATAM,2024-01-25,53251.42,
PO04943,POL2, V053,cat06,NA,2024-01-26,6708.83,usd
PO04944,POL1 ,V293,CAT03,EMEA,2024-09-26,62723.63, USD
PO04945,POL1,V139 ,CAT10,APAC,2024-11-02,20752.56,
PO04946,POL1 ,V057,CAT01,emea,2024-11-08,6131.62,USD
PO04947, POL1,V044,CAT10 ,EMEA,2023-10-02,95956.87,USD
PO04948,POL1,V493,,LATAM,2023-12-13,6462.48,usd
PO04949,POL2,V204,CAT01 ,NA ,2024-08-05,84816.05,usd
PO04950,POL2,V098 ,cat05,LATAM,2023-11-16,93015.81, USD
PO04951, POL1,V438 ,CAT07,NA,2024-06-02,14810.73, USD
PO04952,POL1,V079, CAT06, NA,2023-08-02,63631.11,usd
PO04953,pol1,V425, CAT08,LATAM ,2023-01-31,74375.08,
PO04954,POL3,V016 ,CAT03,NA ,2024-05-03,41678.82,USD
PO04955,POL1,V456,CAT08,APAC,2023-10-09,25177.92,
PO04956,POL1,V318,CAT03,EMEA ,2023-04-01,57215.25,
PO04957,pol3,v155,CAT04,APAC,2023-08-09,42374.04, USD
PO04958,POL1,V317,CAT06,APAC,2024-08-20,39048.74, USD
PO04959,POL2,v492,CAT02,APAC ,2024-08-24,81162.38,usd
PO04960,POL2,V187,CAT08,APAC,2023-05-01,74985.91,USD
PO04961,POL1, V038,CAT01,NA,2024-12-07,31397.57, USD
PO04962,pol3,V238,CAT08,APAC ,2023-10-30,20056.2, USD
PO04963,POL2,V308,CAT04,APAC,2024-12-04,74764.24, USD
PO04964,POL2,V198,CAT05,APAC,2023-12-29,16811.13, USD
PO04965,POL2,V168, CAT04,LATAM ,2023-09-23,46090.27,USD
PO04966,POL3,V468 ,cat04,na,2024-12-13,30145.68,usd
PO04967,POL1,V356,cat06,EMEA ,2023-05-13,42438.95,
PO04968,POL1 , V466,cat10,na,2023-05-30,53990.95,USD
PO04969, POL2,V408,CAT07 , NA,2024-06-06,8697.2,USD
PO04970,POL3,V287,CAT04 ,NA,2024-08-19,17388.89,usd
PO04971,POL1 ,V051,CAT02 ,EMEA,2024-04-27,55764.34,
PO04972,pol2, V162,cat09,NA,2023-09-29,85311.77, USD
PO04973,POL2,V053,CAT09,na,2023-08-04,85336.82,
PO04974,POL3, V450,cat01,EMEA ,2023-09-21,12628.91,USD
PO04975,POL2,V455 ,CAT06,APAC,2024-05-10,10744.11,usd
PO04976,POL3 ,V094,CAT05 , LATAM,2024-02-15,30653.07,usd
PO04977, POL3, V499,CAT09,LATAM,2023-06-07,5788.82,USD
PO04978,POL1,V076,cat08,latam,2024-08-28,88024.5,
PO04979,POL1, V472,CAT05,LATAM,2024-03-11,62370.85,usd
PO04980,POL3,V483, CAT10,EMEA,2023-04-10,, USD
PO04981,POL2 ,V042,CAT08 ,latam,2023-03-15,84721.13,usd
PO04982,POL1, V081, CAT07,LATAM,2024-11-13,73254.84, USD
PO04983,POL2,V161,CAT10 ,na,2024-03-26,94390.83, USD
PO04984,pol3,V496 , CAT02,NA,2023-05-03,53538.11,USD
PO04985,POL1,v082,cat03,emea,2023-09-01,32297.59,USD
PO04986,POL1,V226,CAT04,LATAM,2024-09-20,91538.95,
PO04987,POL3,V230,CAT09,LATAM ,2024-02-05,1165.68,
PO04988,POL1 ,V160,CAT07, EMEA,2023-02-14,90416.24, USD
PO04989,POL2,V471,CAT02,EMEA,2024-07-21,68213.08,
PO04990,POL2,V325,cat08,LATAM,2023-07-18,72040.22,usd
PO04991,POL3 ,v303,cat05,APAC,2024-06-13,43652.48,
PO04992,pol1,v328,CAT04,EMEA,2024-08-28,73074.22,USD
PO04993,POL3 ,v363,CAT02,LATAM,2023-05-11,56859.16,USD
PO04994,,V155,CAT04,emea,2023-03-12,53075.63,USD
PO04995,pol2,V359,CAT08,EMEA,2024-03-21,88752.48,
PO04996,POL2, V256,CAT03,EMEA,2024-03-14,56533.08, USD
PO04997,POL3,V039,CAT10,na,2023-06-08,30623.88,usd
PO04998, POL1,V174 ,CAT07,emea,2024-12-26,28943.54, USD
PO04999,POL2,V432,cat09,APAC,2023-05-13,88262.61, USD
PO05000,POL1,V124, CAT05,na,2023-10-12,39706.14,USD
PO05001, POL1,V019 ,CAT01,NA,2023-03-16,75325.79,usd
PO05002,POL2,V438,CAT01,APAC ,2024-01-26,33724.58,usd
PO05003,POL1,V345,CAT06 , NA,2024-01-16,3126.83,
PO05004,POL1,v307,CAT07, NA,2024-02-20,32336.2,
PO05005,POL2,V495 ,CAT02 ,EMEA ,2024-05-01,,usd
PO05006, POL1, V409,CAT07,LATAM,2023-07-22,16260.36,usd
PO05007,POL1 ,v177,CAT07,NA,2024-06-04,35203.78,
PO05008,pol2,V178,CAT02, LATAM,2024-11-09,78037.16, USD
PO05009,pol3,V224,CAT03,APAC,2024-11-30,2325.96,USD
PO05010,POL3, V273, CAT04,NA,2024-03-15,61545.26, USD
PO05011,POL2,V304,CAT10,NA,2024-07-20,11776.33,USD
PO05012,POL3,V223,CAT08,EMEA,2023-01-13,75019.4,
PO05013,POL1,V364,cat07,APAC,2023-12-01,66711.48, USD
PO05014,POL2, V283,CAT06,LATAM ,2024-03-22,21723.66, USD
PO05015,POL1,V113,cat05,LATAM ,2023-03-10,92910.86,
PO05016,pol1,V413,CAT01,latam,2023-01-09,98764.97, USD
PO05017, POL1, V476,, APAC,2024-01-26,36547.57,
PO05018,POL2, V465,CAT06,EMEA,2023-06-18,21558.8,USD
PO05019, POL3, V497,CAT07,EMEA,2023-05-08,64429.35, USD
PO05020, POL2,V398,CAT06,emea,2024-04-16,68747.64,
PO05021,POL3,V334,CAT03 , NA,2024-12-02,89021.76,
PO05022,POL1,V245,CAT02 ,LATAM,2023-12-04,88460.11,USD
PO05023,POL2, V471,CAT07 ,APAC ,2024-03-04,91500.75,USD
PO05024,POL1,V334 ,CAT06,LATAM,2023-07-10,96675.2,
PO05025,POL3,V463,cat10,LATAM,2024-03-13,61064.38,usd
PO05026,POL3,V334,CAT09,apac,2024-09-06,1817.5, USD
PO05027, POL2,V315,CAT04,LATAM ,2023-05-31,13453.59,USD
PO05028,pol1,V121, CAT07,LATAM ,2023-07-31,89564.01,
PO05029, POL2,V372, CAT01,apac,2023-08-17,81177.04, USD
PO05030,POL2,V304,cat03,APAC,2024-07-26,70529.93,USD
PO05031,POL3, V334,CAT02, NA,2023-08-13,47191.6,usd
PO05032,POL2,V160,CAT02, NA,2023-09-10,14127.7,
PO05033,POL2,V030,CAT03 ,NA,2023-03-09,87550.5,usd
PO05034,POL2,V241,CAT10,apac,2023-06-01,30406.24,USD
PO05035,POL3,V002 ,CAT09,LATAM,2023-11-10,28696.32,usd
PO05036,POL3,V004,CAT06 ,LATAM,2024-03-04,38748.19,usd
PO05037,POL2,V471 ,cat06,EMEA,2024-05-09,79275.98,usd
PO05038,POL2,V290,CAT04,NA ,2024-01-20,93807.73, USD
PO05039,POL2,v313, CAT04,EMEA,2024-05-25,60065.44,USD
PO05040,POL3 ,v102,CAT04,LATAM ,2024-05-24,83646.73,usd
PO05041,POL3,V194,CAT04,apac,2023-07-18,35960.24,usd
PO05042,POL3,V491,CAT02, NA,2024-03-24,29300.49, USD
PO05043,POL3,V037,CAT04,APAC,2024-08-12,40354.89,usd
PO05044, POL1,V416, CAT05,APAC,2024-07-04,23364.37,USD
PO05045,POL1,V184,CAT06,NA,2024-07-20,18821.88, USD
PO05046, POL1,V422 ,cat01,APAC,2024-08-28,48268.2, USD
PO05047,POL2,V379,CAT10,apac,2023-01-21,60285.08,
PO05048,POL1,V088 ,CAT08,na,2023-01-03,52966.69,
PO05049,pol1,V299,CAT08, NA,2024-11-12,20798.7, USD
PO05050,POL1,V101,cat05, LATAM,2024-05-30,40846.97,USD
PO05051,POL2,V097,CAT03,LATAM,2023-11-08,93970.17, USD
PO05052,POL3,V168 ,CAT04,LATAM,2024-12-27,57673.05, USD
PO05053,POL1,v151,CAT03 ,LATAM,2024-10-23,1462.22,
PO05054, POL1,V107 ,CAT07,NA,2023-08-03,95077.49,usd
PO05055,POL2,V057,CAT05,LATAM,2024-06-09,,usd
PO05056,POL2,V474,CAT10,na,2023-10-13,56191.33, USD
PO05057,POL1,V306 ,CAT01,EMEA,2024-07-28,41306.44, USD
PO05058,POL1 , V176,cat01, EMEA,2024-01-18,9296.56,usd
PO05059,pol1,v441,CAT09,NA,2023-05-01,31678.27, USD
PO05060, POL3,V118 ,CAT07,LATAM ,2024-01-13,21654.62,USD
PO05061,pol3,V376,CAT07,EMEA ,2024-12-06,70367.91,
PO05062,,V172 ,CAT06,EMEA ,2024-09-15,40584.55,usd
PO05063,POL1,v034,cat10, APAC,2024-01-22,64058.29,usd
PO05064, POL2, V453,CAT03 ,na,2024-08-31,61398.62,USD
PO05065,POL2, V073, CAT05,APAC,2024-07-18,28802.67,
PO05066,pol3,v215,CAT02,APAC,2023-04-16,, USD
PO05067,POL2,V432,CAT05, NA,2023-08-04,78124.88,USD
PO05068,pol1,V239, CAT01,EMEA,2023-05-15,72173.57, USD
PO05069,POL2,V364, CAT08,NA,2023-06-20,35593.78,USD
PO05070,POL3,V348,CAT10,na,2024-11-15,92439.5,USD
PO05071,POL1 , V423,CAT09,APAC,2023-03-07,27063.82,usd
PO05072,POL3,V265, CAT03, EMEA,2023-06-22,6591.59,USD
PO05073, POL1,V455,CAT02,na,2023-10-19,66658.88, USD
PO05074, POL2,V418,CAT03,emea,2024-08-05,22615.01,
PO05075,POL1,V292 ,cat06,LATAM ,2024-01-05,3947.08,usd
PO05076,POL2 ,V484,CAT09 ,NA,2023-10-08,80634.73, USD
PO05077,POL3,V227,CAT05,LATAM,2023-07-19,,usd
PO05078, POL1, V384, CAT07,LATAM,2024-11-19,44644.23,USD
PO05079,POL2,V489,CAT04,EMEA ,2023-06-19,66290.26, USD
PO05080,POL1,V463,cat09, LATAM,2024-08-20,37950.15,USD
PO05081,pol2,v163,CAT08,LATAM,2024-08-04,29526.12,
PO05082,POL1,v126,CAT10,EMEA,2023-01-26,85527.48,
PO05083,POL2,V457,CAT04,LATAM,2023-07-12,76642.94, USD
PO05084,POL1,V045, CAT07, LATAM,2023-06-06,82298.67,usd
PO05085,POL3,V489,cat05,EMEA ,2023-12-09,20124.95,
PO05086,POL1,V460, CAT09,APAC,2023-08-07,94186.85,usd
PO05087,POL2, V258,CAT03 ,EMEA,2024-03-06,71950.17,
PO05088,POL3 ,V028,CAT09 ,NA,2023-04-21,52112.78,usd
PO05089,POL3,V393,CAT04,NA,2023-11-16,18713.36,USD
PO05090,pol3,V455, CAT04,EMEA,2023-10-13,95108.33,usd
PO05091,POL2,,CAT09,APAC,2023-08-16,79014.85,usd
PO05092,POL3,V476, CAT06,apac,2024-06-19,63770.43, USD
PO05093,POL3,V411,cat08,EMEA,2024-11-16,86015.38, USD
PO05094,POL2,V214 ,CAT04 ,,2023-01-09,23701.61,usd
PO05095,POL3,V367, CAT09,APAC,2023-12-19,28142.47,usd
PO05096,pol2,V470,CAT02,LATAM,2023-03-14,,
PO05097,POL2 ,V257,CAT05,NA,2023-11-26,39960.24,usd
PO05098,POL2,V362, CAT10,EMEA,2024-05-31,51865.41,usd
PO05099,POL2, V045,CAT03,emea,2024-08-29,44795.51,USD
PO05100,pol2,v266,CAT03,apac,2023-12-05,24940.6, USD
PO05101, POL3,V033,CAT03 ,APAC,2024-11-15,96284.7,
PO05102,,V241,CAT09,LATAM,2023-07-06,80380.87,USD
PO05103,pol1, V406, CAT04,LATAM ,2024-04-04,33461.15,usd
PO05104,pol3,V389,CAT04,NA ,2024-05-08,55924.66, USD
PO05105, POL2,V311, CAT02, EMEA,2024-06-12,10516.18,USD
PO05106,POL3, V469,CAT06,na,2023-08-14,68235.52, USD
PO05107,POL1 ,V341,CAT07,NA,2023-10-27,51847.23,USD
PO05108,POL1,V144 ,CAT08,EMEA,2023-03-05,36726.49,USD
PO05109,POL3, V341,CAT03 , LATAM,2023-10-22,12417.17,usd
PO05110,pol1,V371 ,CAT05,NA,2024-12-17,43166.26,
PO05111, POL1,v067,CAT06,,2024-02-24,17851.03,USD
PO05112, POL2,V185,CAT08,EMEA ,2024-03-04,86842.9,USD
PO05113,pol1,, CAT08,EMEA,2023-12-27,75215.09,usd
PO05114,POL1,V203,CAT02,EMEA,2023-02-27,89954.99,usd
PO05115,, V323,CAT07,EMEA,2023-10-21,90004.15,
PO05116,POL1,V063 ,CAT08, APAC,2024-03-20,90368.93,usd
PO05117,pol3,v171, CAT01,LATAM,2024-11-02,81896.75,usd
PO05118,pol1,V293,CAT07 ,emea,2023-09-09,36884.74,USD
PO05119,POL1, V370,cat10,emea,2024-06-10,87110.58,USD
PO05120,pol2,V351,CAT04 ,APAC,2023-06-28,41653.68,
PO05121,POL3 ,V119 ,CAT07 ,NA,2024-12-20,53431.71,USD
PO05122, POL2,V217,CAT09,NA ,2024-06-26,43392.08,USD
PO05123,POL2,V238,CAT01,latam,2023-07-02,38329.09, USD
PO05124,POL3 ,V251,CAT04,EMEA ,2023-08-24,84944.19,USD
PO05125, POL3,V040,cat06,EMEA,2023-06-22,11939.48, USD
PO05126, POL3,V392,CAT03,NA ,2024-02-27,96261.37,usd
PO05127,POL2,V287,cat03,LATAM ,2024-03-01,15389.83,USD
PO05128,POL1 ,V255, CAT06, EMEA,2024-07-03,29933.06, USD
PO05129, POL1,v422,CAT08,NA,2023-02-09,57494.88, USD
PO05130,POL3,V244 , CAT03,LATAM,2024-07-15,56635.73, USD
PO05131,POL2,V443, CAT02,APAC,2024-01-23,16450.68,
PO05132,POL1,V246,cat04,LATAM,2024-02-05,49447.09,
PO05133, POL2,V066,CAT03,latam,2023-07-26,70596.31,usd
PO05134,POL1,V275, CAT09,na,2024-12-09,4070.04,usd
PO05135,pol1,V115,CAT07,NA,2023-03-26,55215.61,usd
PO05136, POL3,V326,cat05,emea,2024-01-01,98306.96,usd
PO05137,POL1 , V143,CAT01,NA ,2023-06-12,43065.0,usd
PO05138,pol3,V020,CAT06,APAC,2024-10-17,64306.12,
PO05139,POL1 ,V301 ,CAT01,NA,2024-05-12,60876.39,USD
PO05140,POL3,V379,cat02, APAC,2023-04-11,14227.21,USD
PO05141,pol3,V414,CAT05,NA,2024-03-30,38871.6,
PO05142,POL1,V378, CAT04,APAC,2024-03-28,79875.52,usd
PO05143,POL1,V371,CAT04,EMEA,2024-02-27,69823.11,USD
PO05144,POL1,V276,CAT01,LATAM,2024-04-09,22417.73,USD
PO05145,POL3,V016,CAT02,EMEA,2023-10-22,23434.78,USD
PO05146,POL2 ,V337 ,CAT08,APAC,2024-03-19,57066.27, USD
PO05147,pol1, V373,,APAC,2024-02-04,26236.6, USD
PO05148,,V321,CAT03,NA,2023-06-22,20863.51,USD
PO05149,POL3,V179,CAT06,NA,2024-12-10,88948.52,usd
PO05150,POL3,V164,CAT03, APAC,2023-02-09,75318.62, USD
PO05151,POL1,V099,CAT04 ,EMEA,2023-07-16,62015.4, USD
PO05152,pol1,V393,CAT07,LATAM,2023-12-11,58578.54,usd
PO05153,POL1,v167,CAT09, LATAM,2024-02-25,2684.06,
PO05154,POL1,V369 ,CAT05,EMEA,2024-12-07,9052.34, USD
PO05155,pol2,V462 ,CAT08,LATAM ,2024-01-24,4256.3,
PO05156,POL3, V308,CAT01 ,LATAM,2023-03-05,98945.18,USD
PO05157,POL1,V299, CAT08,LATAM,2024-08-01,79395.03, USD
PO05158, POL2,V346 ,CAT05,apac,2023-09-28,92373.44, USD
PO05159,POL1, V016,CAT06, APAC,2023-10-07,47866.16,usd
PO05160,POL3,v265,cat02,NA,2024-01-27,86589.62,
PO05161,pol2, V459,CAT04,apac,2024-09-18,82782.65, USD
PO05162,pol1,V028,CAT07,LATAM,2024-05-18,43507.03,USD
PO05163,POL3, V039,CAT07,APAC,2024-07-10,27840.99,USD
PO05164, POL3,V235 ,CAT09,na,2024-08-18,97833.14,usd
PO05165, POL1,V096 , CAT07, LATAM,2024-01-14,27286.26,USD
PO05166,pol2,V184 , CAT08,na,2023-12-23,71542.25,USD
PO05167,POL3, V369, CAT02, APAC,2023-02-20,95071.95,USD
PO05168,POL3,V345 ,CAT06,latam,2023-02-21,55308.71,usd
PO05169,POL2,V480,CAT05 ,NA,2023-09-19,28785.45, USD
PO05170,POL3,V231, CAT01, NA,2024-05-02,67931.74,usd
PO05171, POL3,v363,CAT03,na,2024-09-29,39905.24,usd
PO05172,POL1,V234,CAT01, NA,2024-02-27,55117.92,
PO05173,POL2,V448,CAT06 ,APAC,2023-06-05,63435.85,USD
PO05174,POL3, V301,cat02,EMEA,2024-02-23,69601.97, USD
PO05175,POL3,V330,CAT10,EMEA ,2023-05-17,76027.35, USD
PO05176,POL3 ,V070,CAT06 ,emea,2024-01-09,91238.36,
PO05177,POL3,V055,cat07,NA,2024-04-04,87080.21,
PO05178,POL1,,CAT08,LATAM,2024-06-24,60641.09,
PO05179,POL2,V072,CAT05,EMEA ,2024-09-23,36109.68,usd
PO05180,POL3,V474,CAT02,APAC,2024-05-13,67768.53, USD
PO05181,POL3 ,v388,CAT09,NA,2024-02-21,82610.24, USD
PO05182,POL2,V390,CAT01,APAC ,2023-05-04,7819.3,USD
PO05183,POL2,v401,CAT01,emea,2024-10-17,44225.36,usd
PO05184,pol1,V055 ,cat04,na,2024-01-20,83406.04,
PO05185, POL1,V343,CAT05,LATAM,2024-10-22,83251.96,usd
PO05186,pol1,V008 ,CAT05,APAC,2024-07-23,, USD
PO05187, POL2,V049, CAT01,apac,2023-05-30,46336.41,USD
PO05188,POL3,V488 , CAT09,,2024-08-05,30443.85,
PO05189,POL1,v283,CAT03,EMEA,2024-02-20,32620.05,usd
PO05190,POL2,V042 , CAT09,EMEA,2024-07-28,98586.35,usd
PO05191,POL1,v487,CAT08,NA,2024-09-19,40106.4,USD
PO05192,pol3,V065 , CAT03,NA,2024-11-08,9543.04,usd
PO05193,pol2,v422,CAT04 ,APAC,2024-07-24,11354.41,
PO05194,POL2,V031,CAT06 ,EMEA,2023-03-20,13103.34,USD
PO05195,pol3,V281,cat05, APAC,2024-07-31,69781.67, USD
PO05196,POL3,V059,CAT07, NA,2023-05-25,,usd
PO05197, POL1,V258,cat07,emea,2024-07-11,81274.43,USD
PO05198, POL2, V008,CAT02, NA,2023-03-10,89658.79,USD
PO05199,POL2,V168,CAT01 ,APAC,2023-01-04,54808.75,USD
PO05200,POL3,V355 ,CAT10,APAC,2024-06-02,76535.15,usd
PO05201,POL3,V115, CAT09,LATAM,2024-04-05,57894.42,usd
PO05202,POL1,V238 ,CAT05,apac,2023-04-20,15119.75, USD
PO05203,POL1,v431,CAT04,LATAM,2024-05-14,9664.73, USD
PO05204,POL2,V396,CAT04,NA,2024-10-09,83776.71,USD
PO05205,pol2,V448 ,CAT10,LATAM,2024-02-11,57264.38,usd
PO05206,POL2 ,V308,CAT03, APAC,2024-11-04,81579.1, USD
PO05207,POL3,V031, CAT07, LATAM,2024-07-10,59898.07,USD
PO05208, POL1,V398,CAT02,na,2023-06-07,,usd
PO05209, POL2,V492,CAT06,EMEA,2023-04-29,11001.46,
PO05210,POL3 ,V412,CAT09,EMEA,2023-12-24,37827.29,usd
PO05211,POL2,V305,cat09,NA,2024-02-10,87876.17, USD
PO05212,pol2, V478,CAT06,EMEA,2023-11-25,61583.07, USD
PO05213,POL1,V134,CAT04,NA ,2024-06-07,78636.11, USD
PO05214,POL3,V083,CAT04,EMEA,2024-07-14,9089.52,USD
PO05215, POL1,V145,cat03,APAC,2024-01-23,27423.53, USD
PO05216,POL3,V054,CAT01,EMEA,2024-07-17,61782.21,usd
PO05217,POL2,V099,cat05,EMEA ,2023-01-21,54133.56,USD
PO05218, POL1,V219 ,CAT09 ,NA,2023-06-10,46246.79, USD
PO05219,POL3,V126, CAT01,LATAM,2023-06-25,56290.08,
PO05220, POL1,V417 ,CAT09,NA ,2024-03-10,45153.18,USD
PO05221,POL2,V353 ,CAT06,EMEA,2023-08-22,41781.28,
PO05222,POL2,V050,CAT05,EMEA,2023-10-14,39436.14,
PO05223,pol2,V086, CAT05,NA ,2024-04-29,18986.82,USD
PO05224,POL1 ,v042,CAT03,EMEA,2023-04-19,20884.94,usd
PO05225,POL2,V030 ,cat05, NA,2023-10-08,31212.24, USD
PO05226,POL1,v124,CAT01,emea,2024-11-05,16608.59, USD
PO05227, POL1,V139,CAT08,APAC ,2023-04-27,11882.81, USD
PO05228,POL2,v080,CAT08,APAC,2023-03-25,11838.93,usd
PO05229, POL3,V413 , CAT01,NA,2024-11-05,5389.63,usd
PO05230,POL3,V015,CAT07 ,apac,2023-08-28,1929.48,usd
PO05231,POL2,V496 , CAT10,EMEA,2024-02-09,, USD
PO05232,POL3 ,V108 ,CAT08, EMEA,2023-09-06,62929.57, USD
PO05233,POL2,V047,cat01,NA,2023-03-23,80514.01, USD
PO05234,POL2 ,V080,cat03,LATAM ,2024-11-22,56903.78,usd
PO05235,POL2 ,V421,CAT08, APAC,2024-05-19,67871.25,
PO05236, POL2,V327,CAT10,NA ,2024-03-31,76965.22,usd
PO05237,POL2,V429,CAT01,LATAM,2024-03-18,60664.35,
PO05238,POL3,v328,cat05,NA ,2023-07-04,77656.03,USD
PO05239,POL3, V006,CAT10,APAC ,2024-02-01,14652.93, USD
PO05240,POL1,V378,cat10,LATAM ,2023-01-06,98338.69,usd
PO05241, POL2,V105,CAT07, NA,2023-04-09,25725.23,
PO05242,POL3 , V185,CAT02,LATAM,2024-06-17,42606.09,USD
PO05243,POL3,V039 ,CAT09,APAC,2023-08-24,3414.37,USD
PO05244,POL1 ,V136,CAT03,NA,2024-01-04,21274.85, USD
PO05245,POL1,v218,CAT01 , APAC,2024-05-02,49372.86,USD
PO05246,POL2, V335, CAT09,na,2024-07-28,70806.53,usd
PO05247, POL2,V384, CAT06,APAC,2023-10-10,51959.81,USD
PO05248, POL1,V103,CAT01 , EMEA,2023-05-08,86832.01,
PO05249, POL2,v070,CAT04,emea,2024-04-14,92302.53,
PO05250,POL2,v062,CAT07 ,APAC,2023-01-17,22818.87,USD
PO05251,POL3,V056 , CAT10,na,2024-07-05,24337.09,usd
PO05252,POL2 ,V343,cat09,LATAM ,2024-05-08,45650.48,USD
PO05253,POL1,V367 ,CAT10,EMEA,2023-03-05,87430.91, USD
PO05254, POL2,V377,cat07,NA,2023-03-12,96469.72, USD
PO05255,POL3,V360 ,CAT06,APAC ,2023-09-23,15006.1, USD
PO05256,POL1,V436 ,CAT07 , LATAM,2024-01-10,4027.28, USD
PO05257,POL1 ,V108,cat05,EMEA,2023-01-09,7590.78, USD
PO05258,POL1, V450, CAT05,EMEA,2024-02-24,62203.17,USD
PO05259,POL3,V206,,NA,2024-01-04,,
PO05260,pol3,V329,CAT10, APAC,2024-07-25,34363.21, USD
PO05261,POL3,V274,CAT03 ,APAC,2023-01-06,90927.63, USD
PO05262,POL1,V314,CAT09,APAC,2023-10-18,52053.33,USD
PO05263, POL2,V337,CAT01,EMEA,2024-02-09,33637.41,usd
PO05264,POL3, V094,CAT06,EMEA,2024-08-01,37569.58, USD
PO05265, POL2,V100 ,CAT09 , NA,2023-11-23,93504.59,USD
PO05266,POL2,V304 , CAT07, EMEA,2024-04-29,24484.69, USD
PO05267,POL2 , V262,CAT05,APAC ,2023-12-03,57516.9, USD
PO05268,POL3,V486,CAT02,APAC,2024-01-12,6898.09, USD
PO05269,POL2 , V171,CAT01 ,APAC,2023-11-22,49225.3, USD
PO05270, POL2,V261 ,CAT04,na,2023-07-03,52645.68,usd
PO05271,POL2,v015,CAT09,LATAM,2024-01-24,88167.73,usd
PO05272,POL2,v162, CAT10,EMEA,2024-12-13,14156.16,USD
PO05273,POL2 ,V367, CAT08,APAC,2024-03-23,33544.92,usd
PO05274,POL3 ,V300,CAT08,APAC,2024-03-22,79002.35, USD
PO05275,POL2, V421, CAT08,APAC ,2024-02-10,39426.22,USD
PO05276,POL3,V185,CAT05,EMEA,2023-09-18,13623.16, USD
PO05277,POL1, V422,CAT04,LATAM,2024-12-13,60264.2,USD
PO05278,POL1,V184,CAT02,emea,2023-03-11,19039.77,USD
PO05279,POL3 ,v360,CAT07,NA,2023-12-02,54908.19,USD
PO05280,POL1,V248,CAT08,APAC ,2024-01-03,9127.02,usd
PO05281,POL1,v466,CAT02 ,NA ,2024-04-13,48640.15, USD
PO05282,POL1 , V136,cat01,NA,2023-01-16,3985.76,
PO05283,POL3,V018 ,cat04, LATAM,2024-08-31,7032.98,
PO05284, POL1,v414,CAT05,APAC,2024-09-28,30999.14,usd
PO05285,POL1,V005,CAT05,LATAM ,2023-03-13,31035.81,usd
PO05286,POL1, V448,CAT10 ,APAC ,2024-09-24,42565.96, USD
PO05287,POL2,v200,,LATAM,2023-02-22,16186.19, USD
PO05288,POL2,V065,CAT01,NA,2024-04-14,54833.32,
PO05289,POL3,V235 ,CAT02,NA,2024-09-13,16063.95,
PO05290, POL2,v411,CAT03 ,LATAM,2024-07-28,40979.9,USD
PO05291,POL3 ,V304,CAT09 ,NA,2023-10-14,5823.34,USD
PO05292,POL2,V288,CAT01,LATAM,2023-12-22,, USD
PO05293,POL3,V444,CAT04,NA ,2024-10-13,1172.57, USD
PO05294,pol3,V195,CAT10 ,na,2023-03-21,45151.37,USD
PO05295,POL1,V072,CAT09,NA,2024-04-18,38675.23, USD
PO05296, POL3, V131,CAT10,APAC,2023-09-30,16671.48,
PO05297,POL2,V441,CAT08 , LATAM,2024-11-15,61415.68, USD
PO05298,POL2 ,V182,cat05, NA,2023-08-03,45675.46,usd
PO05299,POL3,,CAT07 ,EMEA,2024-06-19,12235.53,usd
PO05300,POL1,V223,CAT07,NA,2024-07-19,98760.13,usd
PO05301,POL3,V315,CAT05,EMEA ,2024-12-22,1145.14,usd
PO05302,POL1 ,V114,CAT02,apac,2023-03-19,25567.47, USD
PO05303,POL1,V381, CAT09,NA,2024-06-22,53121.74,usd
PO05304,POL3,v226,CAT04 ,na,2024-12-11,59679.58,
PO05305,POL1,V488,CAT10 ,APAC,2023-02-01,83702.69,USD
PO05306, POL1,V481,CAT08,EMEA,2023-09-16,48721.9,usd
PO05307,POL1, V362,CAT10,APAC,2024-12-25,41046.88,
PO05308,POL1,V064,CAT08,na,2023-02-15,79581.96, USD
PO05309,POL1,V030 ,CAT02,EMEA,2023-01-13,62665.71,USD
PO05310,POL1, V031,CAT10,EMEA,2024-08-29,70603.27,
PO05311,POL1,V384, CAT09,APAC,2023-12-05,87815.86,
PO05312,pol1, V398,CAT09,LATAM,2024-02-14,57334.43,usd
PO05313,POL1,V346,CAT07,latam,2023-07-30,62793.54,
PO05314,POL2,V479 ,CAT10,APAC,2024-11-19,7184.84,USD
PO05315,pol1,V481,CAT10,APAC,2024-10-04,22492.74,USD
PO05316,POL3,V294,cat03,APAC,2024-07-30,81611.92,USD
PO05317, POL2,V474,cat10,NA,2023-11-01,57209.02,USD
PO05318,POL2 ,V403,CAT10,EMEA ,2023-09-26,91468.25,USD
PO05319,POL2 ,v467,cat03,APAC,2024-12-29,5100.26,
PO05320,pol3,V372,CAT08,EMEA,2023-12-06,,
PO05321,POL1,V157,cat09,NA,2023-08-16,79593.12,usd
PO05322,POL3 ,V459,CAT07,EMEA ,2023-06-03,9797.2,
PO05323,POL1,V182,CAT05,EMEA,2024-10-30,65744.96,usd
PO05324,pol3, V260,CAT07,LATAM,2023-06-11,54464.16,
PO05325,POL3,V230,CAT08 ,APAC ,2023-03-30,44068.89,usd
PO05326,POL1,V056,cat10,LATAM ,2024-05-20,68880.1,USD
PO05327,POL1,V148, CAT08,latam,2024-11-08,65621.61,USD
PO05328,POL3,v338,cat09,APAC,2024-06-19,38464.1,USD
PO05329, POL2, V374,,LATAM,2023-09-22,80144.15,USD
PO05330,POL2,V068, CAT07,latam,2023-04-02,63952.7,USD
PO05331,POL1, V144, CAT04,EMEA,2023-12-15,41640.58, USD
PO05332,POL3, V110,CAT04 ,NA,2023-03-30,4437.96,USD
PO05333, POL1, V202,CAT08,LATAM,2024-10-28,53779.81,usd
PO05334,POL1,v244,CAT02,LATAM ,2024-02-17,75694.41,
PO05335,pol3,V210 ,CAT03, APAC,2024-02-26,6121.21, USD
PO05336,POL1,V364,CAT09 ,EMEA,2023-04-07,93944.89,USD
PO05337,POL2,V142 , CAT08,emea,2024-05-15,54581.98,usd
PO05338,POL3 ,V373 ,CAT09 ,apac,2024-01-07,93531.99, USD
PO05339, POL1,V340,CAT05,LATAM,2024-08-06,62707.86,usd
PO05340,POL1 , V084,cat06,LATAM,2024-03-16,11440.34,
PO05341, POL3,V259, CAT04,EMEA ,2023-07-12,77185.9,usd
PO05342,POL3,V494,CAT04 ,APAC,2023-03-29,92742.37, USD
PO05343,POL1 ,V481,CAT09,LATAM,2024-11-07,89994.48,usd
PO05344,pol2,V412,CAT09,LATAM,2023-07-30,55293.35, USD
PO05345,POL3,v309,CAT09,NA,2024-02-24,60326.43, USD
PO05346, POL3,V397,CAT03,LATAM,2023-10-09,26394.11,
PO05347,POL1 ,V326 ,CAT03,EMEA,2023-07-25,34883.43, USD
PO05348,POL1,V087,CAT06,LATAM,2024-12-12,93531.19,usd
PO05349,POL2 ,v368,CAT08,EMEA,2024-11-03,67715.62, USD
PO05350,POL3,v400,CAT04,NA,2024-08-16,97014.01, USD
PO05351,POL2,V252 ,CAT09,na,2024-02-10,11046.53,
PO05352,pol1, V094,CAT01,LATAM,2023-07-09,95261.36,USD
PO05353,POL3, V163,CAT10, LATAM,2023-04-19,44292.09, USD
PO05354, POL3,V467,CAT10,emea,2024-10-15,64908.09,USD
PO05355,POL3,v328,CAT07,NA ,2024-09-12,67042.91,USD
PO05356, POL1, V100,CAT02 ,APAC ,2024-05-19,7952.43,USD
PO05357,pol3, V367,CAT04 , EMEA,2024-01-24,84107.57, USD
PO05358,POL3,V312,CAT10,APAC,2023-09-27,38409.6,
PO05359,POL1,V297,CAT08,NA,2023-02-23,36278.79, USD
PO05360,POL2,V491,CAT08,EMEA,2023-07-19,86728.06, USD
PO05361, POL3,V007,cat05, NA,2024-09-11,46573.68,
PO05362,POL1, V251,CAT08,APAC,2023-08-25,98420.53,usd
PO05363,POL1 ,V035, CAT08,LATAM ,2023-05-30,51740.5,
PO05364,POL2,V321,CAT05,NA,2024-04-23,64429.96, USD
PO05365, POL1,V268,cat06,EMEA,2024-12-09,5566.69,USD
PO05366,POL1 ,V342,cat04,APAC,2023-05-09,14566.72,
PO05367,POL3, V475,CAT06, APAC,2024-03-27,4170.95,
PO05368,POL3,V448 ,CAT01 ,NA,2024-12-14,77178.04, USD
PO05369,POL3, V463, CAT02,LATAM,2024-10-12,72794.21, USD
PO05370, POL2,V058 , CAT07,na,2024-01-19,89944.19, USD
PO05371,POL3,V093,CAT05,LATAM,2023-03-09,57662.47, USD
PO05372,POL2 ,V287,CAT07,LATAM,2023-10-18,60236.33,usd
PO05373,POL1,V233,CAT08,EMEA,2023-05-31,12426.52,
PO05374,POL2,V415 ,CAT04,APAC,2023-04-08,39653.92,
PO05375,POL1 , V027,cat06,NA,2023-09-18,66732.85,USD
PO05376,pol2,v431,CAT07,EMEA,2023-12-03,84927.77,USD
PO05377,POL3, V436,cat10,emea,2023-10-21,21529.34,
PO05378,pol3,V054,CAT02,NA,2024-03-26,70005.53,
PO05379,POL1,V244 ,CAT05,NA,2024-06-17,73830.27,USD
PO05380,POL1,V482 ,CAT10,APAC,2023-03-07,99076.58,USD
PO05381,POL3,V265,CAT03,APAC ,2024-03-11,99104.98,
PO05382, POL1,v082,CAT08,,2024-06-24,43328.24,
PO05383,POL3,V343 ,CAT10,LATAM,2024-08-29,65822.61,USD
PO05384,POL3,V311,CAT01,LATAM,2024-02-16,98193.88,USD
PO05385,POL2,v014,CAT04,na,2024-11-29,70857.77,USD
PO05386,POL2 ,V279,CAT10,EMEA,2023-12-31,35035.88,usd
PO05387,POL3, V312,CAT06 ,LATAM,2023-12-25,8570.97,usd
PO05388,POL1,V089,CAT07,LATAM,2023-05-31,25786.59, USD
PO05389,POL1,V322,CAT02 ,LATAM,2023-02-10,56416.58, USD
PO05390,POL2,V081,cat02,EMEA,2024-07-04,12602.23,
PO05391,pol1,V268,CAT05 ,NA,2024-02-08,99337.46,
PO05392,POL1, V500,CAT07 ,EMEA ,2023-07-02,68325.87, USD
PO05393,POL1,V126,CAT06,apac,2023-02-07,63878.26,USD
PO05394,POL1,v359,CAT03,apac,2024-04-04,92049.41,usd
PO05395,POL1, V396,CAT04 ,APAC,2024-01-25,85075.57,usd
PO05396,pol3,V108 ,cat06,EMEA,2024-03-19,36188.32,
PO05397,POL2,V416,CAT05,APAC,2024-08-11,55952.19,USD
PO05398,POL1,V458,cat06,EMEA,2023-10-03,39544.83,
PO05399,POL3,V238, CAT04,APAC,2023-05-18,49316.11,usd
PO05400,POL1,V236,CAT07,LATAM,2023-03-16,16353.95,
PO05401,POL1, V318,CAT07,apac,2024-04-01,,
PO05402,POL1,V101,CAT07,LATAM,2023-01-31,65193.33,
PO05403,POL2 ,V270,CAT08 ,LATAM,2023-01-12,70692.71,
PO05404,POL3,V223,CAT04,NA,2024-11-17,9883.11,
PO05405, POL2,v145,CAT06,NA,2023-02-23,61735.45, USD
PO05406, POL3,,CAT02,NA,2023-04-07,97737.02,USD
PO05407, POL1, V376,cat07,APAC,2024-07-11,11376.91,usd
PO05408, POL2,v478,CAT05, APAC,2024-06-26,37607.18,usd
PO05409, POL3,v263,CAT07,LATAM,2024-08-02,10321.7,USD
PO05410,POL2,V253,CAT07,LATAM,2023-10-08,76409.09, USD
PO05411,POL2,V359 ,CAT08,APAC,2024-04-17,45353.3,
PO05412,POL1 ,V175 , CAT02,LATAM,2024-12-21,88501.31,USD
PO05413,POL1 ,V487,CAT05,LATAM,2023-12-20,77249.17,USD
PO05414,POL1,V174,CAT06,APAC,2024-04-06,9389.94,usd
PO05415, POL2,V156 ,cat05, NA,2024-07-28,3945.6,usd
PO05416,POL2,v317,CAT05,LATAM,2024-02-11,80231.32, USD
PO05417, POL3,v091,CAT06,LATAM ,2023-06-16,54921.43, USD
PO05418,pol1,V212,CAT10 ,NA ,2023-03-06,12995.91,
PO05419,, V202,CAT04,APAC ,2024-06-02,15493.13,usd
PO05420,POL3,V257 ,CAT02 ,APAC,2024-11-02,73512.68,
PO05421,POL2 ,V054,cat01,NA,2023-01-25,71309.83,USD
PO05422,POL3, V148,CAT04, NA,2024-06-25,65924.77,USD
PO05423,POL1, V021,cat05,EMEA,2023-04-22,6549.17, USD
PO05424, POL3,V334, CAT06,EMEA,2024-10-17,84942.13, USD
PO05425,POL3,V340,CAT03,NA,2024-02-23,3749.3,
PO05426,POL2,V350 ,CAT01,LATAM ,2023-09-02,98377.29, USD
PO05427,POL3,V465, CAT10, EMEA,2024-02-07,14150.24,USD
PO05428,pol1,V250 ,CAT07,EMEA,2023-02-08,45680.46,USD
PO05429, POL1,V340 , CAT05,emea,2023-06-25,96859.59,USD
PO05430,POL2,V310,cat09,APAC ,2023-01-07,32847.28, USD
PO05431,pol2,V294,CAT01,latam,2024-08-10,48362.1,
PO05432, POL2,V218, CAT02,NA,2024-02-24,59318.09, USD
PO05433,POL1 ,v386,CAT01,latam,2023-05-09,30663.97,usd
PO05434,POL1,v132,CAT02,EMEA,2024-07-16,26042.07,usd
PO05435,pol1,V285,CAT04,NA,2024-03-08,87637.09,USD
PO05436,POL1 ,v345,CAT03,NA,2024-07-21,3078.43,USD
PO05437, POL3,V289,CAT07,NA,2024-11-17,76517.18,usd
PO05438,POL3,V443,CAT04,LATAM,2024-12-25,12198.28,USD
PO05439,POL1,V485 ,CAT07,EMEA,2024-03-14,15370.14,usd
PO05440,POL2,V229,CAT02,APAC ,2023-02-21,52700.1,usd
PO05441,POL2,V491,CAT10 , LATAM,2023-09-20,45594.81,USD
PO05442, POL1,v203, CAT10,LATAM,2023-10-08,74558.0,USD
PO05443,POL1,v235,CAT09,APAC ,2023-01-04,10833.38,USD
PO05444,POL3,V149,CAT04,APAC ,2024-09-08,84162.12,
PO05445,POL2,V230, CAT07,APAC,2024-11-12,60984.71,
PO05446,POL1,V297, CAT09,na,2024-09-06,11699.37,
PO05447, POL3,v458,CAT10 ,APAC,2024-08-24,45935.19, USD
PO05448,POL3 , V243,CAT02,apac,2024-05-23,34540.11,
PO05449,POL1,V143,cat02,emea,2023-12-25,90086.27,USD
PO05450,pol1,V057 ,CAT02,NA,2024-04-06,11553.53,usd
PO05451,POL2,V183,CAT07,APAC,2023-03-05,47893.0,USD
PO05452,pol3,V268 , CAT02, LATAM,2024-03-19,56009.91,
PO05453,POL2 ,v127,CAT10,APAC,2023-04-30,69155.3, USD
PO05454,POL2,v280,CAT03,EMEA ,2024-07-27,29001.86,
PO05455,pol2,v002, CAT06,latam,2024-01-19,22127.94,USD
PO05456,POL1 ,v322,CAT04,APAC,2023-04-09,7969.67,USD
PO05457, POL2,V177,cat06,NA ,2024-01-23,6508.38,usd
PO05458,POL2,v430,CAT03, EMEA,2024-06-06,28373.85,USD
PO05459,POL1,v403,CAT08,NA,2024-05-28,53086.52, USD
PO05460,POL1,V461,CAT05,NA,2024-10-03,89667.72,USD
PO05461,POL1,V072,CAT01,NA,2024-03-04,56726.61,
PO05462,POL3, V498,CAT01,LATAM,2023-06-29,98589.51,usd
PO05463,pol1,V343,CAT05,NA ,2023-02-18,64280.2,
PO05464,POL2, V082,CAT08,NA,2023-11-12,34649.89,
PO05465,POL2,v494,CAT07, NA,2023-08-06,38430.89, USD
PO05466,POL1,v061,CAT10,EMEA,2024-10-16,44848.12,USD
PO05467,POL1, V457,CAT09 ,NA,2024-04-08,32928.28,
PO05468, POL2, V038, CAT05,LATAM,2024-06-10,58060.24, USD
PO05469,POL3,,cat02,EMEA,2024-06-11,34795.98, USD
PO05470,POL1,V175,CAT03, LATAM,2023-04-03,58476.37, USD
PO05471, POL1,V442,CAT04,NA,2024-11-06,22346.92, USD
PO05472,pol3, V301,CAT05,EMEA,2023-11-21,82736.84,
PO05473,pol1, V073, CAT08,NA,2024-06-27,84614.6,USD
PO05474,POL3,v175, CAT03, APAC,2023-04-07,88916.36, USD
PO05475,POL1 ,V011,CAT03,LATAM,2023-10-30,81065.81, USD
PO05476,POL2 ,V402,CAT07, LATAM,2023-03-08,90494.2,
PO05477,POL2,v449,cat09,NA,2023-01-20,53007.45,
PO05478,POL2,v416, CAT09,LATAM ,2024-07-05,68733.51,
PO05479,POL1,V335,CAT06 , NA,2024-12-12,20991.25,usd
PO05480,POL2, V489,CAT06,EMEA,2024-07-15,48389.58, USD
PO05481,pol3,V462,CAT08,NA,2023-07-10,42798.04,
PO05482,POL2, V421,CAT05,LATAM,2024-02-02,31746.5,
PO05483, POL2,V421 ,cat01,na,2023-11-25,51595.83,
PO05484,POL1 ,V335,cat05,NA,2023-05-26,3601.49,usd
PO05485,POL1,V264,CAT07 ,EMEA,2024-01-06,48508.32,USD
PO05486, POL1,V480,CAT05 ,emea,2024-04-01,30217.96, USD
PO05487,POL2,V456,CAT08,NA,2024-01-03,83401.29,
PO05488,pol2,V228,CAT01 ,LATAM,2024-11-04,46301.4,
PO05489,POL1,V226, CAT03,LATAM,2024-03-09,60992.81,USD
PO05490,POL1,V378,CAT03,APAC ,2024-09-03,98031.66,USD
PO05491,pol1,v219,CAT03,APAC,2023-02-06,16667.7,usd
PO05492,POL1 ,V140,CAT05,NA,2024-03-30,54781.93,usd
PO05493,POL2, V426,CAT04 ,EMEA,2024-07-17,49342.47,USD
PO05494,POL2,V127,CAT02,EMEA,2024-11-20,42789.6, USD
PO05495,POL3,V027,CAT06, LATAM,2023-06-24,18893.04,usd
PO05496,POL1,V303,CAT09,na,2023-07-23,1321.34,USD
PO05497,POL2,V339 ,CAT08,EMEA,2024-08-06,49916.85,
PO05498,POL2, V457,CAT05, EMEA,2023-09-29,90261.51, USD
PO05499, POL3,V199,CAT09,NA,2023-11-04,85112.63,USD
PO05500,POL3,V339,CAT06,NA,2024-06-26,83531.92, USD
PO05501,POL1, V434,CAT07 ,APAC,2024-12-04,40048.27,
PO05502,POL3,v258,cat01,na,2023-02-18,74129.87, USD
PO05503,POL3,V224,CAT03 ,na,2024-10-11,51797.82,USD
PO05504,POL2,v465,cat04,emea,2023-09-20,30923.14, USD
PO05505, POL1,V363 ,CAT08 ,APAC,2024-06-27,67701.31,USD
PO05506,POL1,V427 ,CAT10,LATAM,2024-05-05,54336.19,USD
PO05507,POL3,V131,CAT08,APAC ,2023-08-05,95503.84,usd
PO05508,POL2,V257, CAT05,LATAM,2023-10-07,73016.97,USD
PO05509,pol2,V269, CAT07,LATAM,2023-01-12,,usd
PO05510,pol3,V277 ,CAT09,APAC,2023-11-19,66991.79, USD
PO05511,POL3,v035,,EMEA,2024-04-11,72994.75,
PO05512,pol1, V260,CAT07, EMEA,2023-03-10,64277.25,
PO05513,pol3,V322,CAT01,LATAM,2024-04-21,62074.33, USD
PO05514,POL2,V372,CAT01,LATAM,2024-09-22,71906.81,
PO05515,pol2,v257,CAT08,LATAM ,2024-12-26,52091.88,USD
PO05516,pol1,V107,CAT01,NA,2024-06-20,87797.0,USD
PO05517,pol2,V293,CAT03,LATAM,2023-12-16,7195.79,usd
PO05518, POL2,V083,CAT10 ,EMEA,2024-04-10,15252.39,usd
PO05519,POL1,V113,CAT03,APAC,2023-12-17,96700.45,usd
PO05520, POL2,V428, CAT10,EMEA ,2023-07-28,3780.56,usd
PO05521,POL3,V419,CAT04,NA,2024-08-26,70709.64,usd
PO05522,POL3 ,V161,CAT05,EMEA,2023-09-24,57154.68,
PO05523,POL3,V008, CAT04,NA,2024-02-17,74257.05,USD
PO05524,POL3, V063,CAT08,APAC,2023-07-24,26240.62,
PO05525,POL1 ,V339 ,CAT03,emea,2023-10-21,5392.28,
PO05526,POL1,V368,CAT01,APAC,2023-07-20,7776.86,USD
PO05527, POL3,V133 ,CAT01,APAC,2023-03-07,51154.51,USD
PO05528,pol2,V215,CAT03, LATAM,2024-01-13,61698.87,
PO05529,POL3,V248, CAT09, APAC,2023-07-03,21021.05,USD
PO05530,POL1,V424,CAT06,emea,2023-01-11,78520.37,USD
PO05531,POL1,V376,CAT10,LATAM,2024-07-15,44649.42,
PO05532,POL1,V357,CAT04,NA,2024-10-21,50400.06,
PO05533,POL3,V152, CAT05,LATAM,2023-07-10,48406.99, USD
PO05534,POL3,V302, CAT07, EMEA,2024-01-08,25815.24,USD
PO05535,POL1,v044,CAT03 , EMEA,2024-06-05,46542.64,usd
PO05536,POL3,V352 ,CAT01, APAC,2023-02-21,,USD
PO05537,POL3,v190,CAT08,NA,2024-10-19,19425.42,usd
PO05538, POL3,V252,CAT01, APAC,2023-05-15,5899.23, USD
PO05539,pol1,V342,CAT09,LATAM ,2024-08-27,11825.74,usd
PO05540,POL1,V418 ,cat06, NA,2024-07-21,52061.92,USD
PO05541,POL3 ,v419,CAT09 ,emea,2023-05-24,30037.32,usd
PO05542,POL3,V198 ,CAT07, NA,2023-12-06,58178.61,USD
PO05543,pol1,V247,CAT09 ,NA,2023-03-31,13664.68,
PO05544, POL2,V288,CAT10,NA ,2024-03-05,85288.2, USD
PO05545,pol1,V257 ,CAT01,APAC,2023-06-21,16382.64,USD
PO05546,POL2,V436, CAT06,APAC,2024-07-01,77593.38,usd
PO05547,pol1,V224 ,CAT03,EMEA,2023-03-26,40089.64,USD
PO05548,POL3,v475,CAT07, NA,2024-02-08,40429.91,USD
PO05549,POL3,V187,CAT01,LATAM ,2024-04-11,52074.3,USD
PO05550,POL1,v320,CAT10,APAC,2024-10-28,75136.5,
PO05551,pol2,V271,CAT05,LATAM,2023-07-10,38746.05,
PO05552,POL3, V257,CAT02,EMEA,2024-11-17,24693.88,usd
PO05553,pol1,V240,CAT06,emea,2024-03-31,72345.04,USD
PO05554,POL3,V142,CAT04,NA,2024-09-26,55195.51,USD
PO05555,POL2,V221, CAT09,NA,2024-01-21,78794.17,USD
PO05556, POL3,V284,CAT08 , EMEA,2024-02-13,21125.29,usd
PO05557,POL3, V213,CAT10, LATAM,2023-10-09,18232.83,USD
PO05558, POL3,v305, CAT01,apac,2023-03-14,3617.76,USD
PO05559,POL3,V402,cat06,APAC,2023-01-06,56587.27,USD
PO05560,POL3,V270,CAT09, EMEA,2023-02-20,76809.91,usd
PO05561,POL2,v142, CAT04,LATAM ,2023-03-15,77972.45,
PO05562,POL2,V410 ,CAT03,NA,2023-05-18,82819.13,
PO05563,POL2 ,v213,CAT08,emea,2024-06-02,91933.48,usd
PO05564,POL1 , V104,CAT07,APAC,2023-08-27,43681.45, USD
PO05565,pol1,V084,CAT06,latam,2024-12-25,5095.65,
PO05566,POL1, V132,CAT03,latam,2023-09-29,97396.78,USD
PO05567,POL2, V046,CAT10 ,LATAM,2023-10-06,,USD
PO05568,POL1 , V291,CAT10,emea,2024-09-25,77696.51,
PO05569,POL3,V124,CAT06,APAC,2023-06-19,,
PO05570,POL3 ,V056,CAT10,EMEA ,2023-03-05,75260.17,usd
PO05571,POL3,V445,cat08, EMEA,2024-11-07,58808.76,USD
PO05572,POL2,V011 ,CAT02,APAC,2024-05-13,95551.33,
PO05573,pol3,V257 , CAT01,NA,2024-10-05,99847.27,
PO05574,POL1,V268 , CAT04,LATAM,2023-08-28,43373.96,USD
PO05575,POL3,V069 ,CAT06, APAC,2023-03-10,42149.56,usd
PO05576,POL3,V079,CAT08 ,EMEA,2023-01-24,86486.86,
PO05577, POL2, V176,CAT01, EMEA,2024-06-05,54932.53,USD
PO05578,POL3,V211 ,CAT02,NA ,2023-08-11,,
PO05579,pol2,V178,cat09,NA,2024-12-11,73626.4,USD
PO05580,POL3,v109,CAT07,LATAM,2024-05-11,23256.12,USD
PO05581,POL2,V491,CAT05,NA ,2023-01-21,79714.15,
PO05582, POL2,v103,CAT08,LATAM,2024-06-29,39570.67, USD
PO05583,POL1 ,V365, CAT02, NA,2024-09-19,27900.83,usd
PO05584,POL3,v124,CAT02, NA,2023-01-07,25088.59,USD
PO05585,POL3,V490,CAT09,NA,2023-12-13,11481.73,
PO05586,POL3, V222,CAT06,NA,2023-08-01,63970.21,usd
PO05587,POL3,V337,CAT02,APAC,2024-05-22,53089.93,USD
PO05588,pol1,V431,CAT07,NA,2024-05-20,65943.68, USD
PO05589, POL3,V295, CAT06,NA,2024-09-30,79422.9, USD
PO05590,pol3,V276 ,cat04,NA,2024-08-13,54545.24,USD
PO05591,pol1,V035,CAT07,NA,2024-12-21,,USD
PO05592,POL2,V473, CAT05,EMEA,2024-06-30,71152.24, USD
PO05593,POL3,V199,CAT08,EMEA,2023-11-24,11467.21,
PO05594,POL1,V063,CAT01,APAC,2023-03-08,83427.86,usd
PO05595,POL1,V299,CAT09, EMEA,2024-09-16,49921.88, USD
PO05596,POL1,v421,cat02,LATAM,2024-02-09,29679.63, USD
PO05597,POL3,v067, CAT04,NA,2024-01-03,81018.84, USD
PO05598,POL1,V479, CAT05,na,2023-06-06,73007.64,USD
PO05599, POL3, V241,CAT03, LATAM,2024-07-06,38618.0,
PO05600,POL1,V304,CAT05, EMEA,2023-10-29,37853.37,USD
PO05601,POL1,V454,CAT06,APAC,2023-11-14,84052.35,USD
PO05602,POL2 ,V146,CAT10,LATAM,2023-12-06,85955.25, USD
PO05603,POL1,V441,cat02,APAC,2023-10-23,48266.05, USD
PO05604,POL2,v249,CAT09 , LATAM,2023-03-04,47177.39,USD
PO05605,POL1,V098,cat06,APAC,2024-01-27,11477.01,USD
PO05606, POL3,V373,CAT10 ,LATAM,2023-10-08,63548.7, USD
PO05607,POL2 ,V047,CAT04,NA,2024-12-15,89446.33,USD
PO05608,POL2 ,V068, CAT01,APAC,2024-09-18,13675.63,USD
PO05609,pol1,V435,CAT05,na,2024-05-15,76585.78,USD
PO05610,POL2,V311,CAT05, APAC,2024-04-24,76482.4,usd
PO05611,POL1 ,V403 ,CAT04 ,apac,2024-03-22,64471.34, USD
PO05612,pol1,V439,CAT10,EMEA,2024-07-08,34782.73,USD
PO05613,pol2,V443,CAT01,NA,2024-09-15,7658.8,usd
PO05614,POL3,V097,cat01,NA,2024-04-26,25177.1,
PO05615, POL1, V233,CAT10,emea,2024-08-26,20870.19, USD
PO05616,POL3,V064,CAT09,LATAM,2024-08-07,27768.05, USD
PO05617,POL3,V188, CAT04,APAC,2023-03-01,, USD
PO05618,POL1,V022 ,CAT02, APAC,2023-08-06,35164.53,USD
PO05619,pol1, V375,cat03, LATAM,2023-06-01,72242.43, USD
PO05620,POL3 ,V424,,latam,2023-08-14,74883.71,USD
PO05621,pol1, V139,cat04,,2024-12-19,91600.99,USD
PO05622,POL3,v078,CAT06,apac,2024-06-22,81394.15,USD
PO05623,POL1, V173,CAT10,LATAM,2023-11-02,62379.11, USD
PO05624,POL1,V324,CAT07,APAC,2024-07-26,32513.7, USD
PO05625,POL2,V109 ,cat02,APAC,2023-04-28,6219.5, USD
PO05626,POL2,V019 ,CAT02,NA ,2024-08-15,52891.94, USD
PO05627, POL3,v097,CAT08 ,LATAM,2023-11-29,69647.24,USD
PO05628,pol3,V066,,EMEA,2023-01-16,35534.32, USD
PO05629,pol3,V276 ,CAT06,EMEA,2023-01-20,59432.8,USD
PO05630,pol2,V008,CAT01 ,APAC ,2023-01-10,50794.81,usd
PO05631,POL3,V254,CAT04 ,APAC ,2023-04-12,, USD
PO05632,POL1,V305,CAT10,LATAM,2024-01-11,56003.06,
PO05633,POL2,V146 , CAT06,LATAM ,2024-12-15,91359.81, USD
PO05634,POL3, V458,CAT10,LATAM ,2024-10-22,4590.98,
PO05635,POL3,V453 ,CAT06,APAC ,2024-08-05,87478.2,
PO05636,POL3,V098 ,CAT07,NA,2024-12-12,72744.78,
PO05637,POL3 ,V026 ,CAT06,LATAM,2024-02-02,25558.8, USD
PO05638,pol1,V008,cat04,LATAM,2024-09-02,63554.28,
PO05639,POL3,V308, CAT09,APAC,2023-08-01,13619.03,usd
PO05640,pol1,V127,CAT07,APAC,2024-11-24,65529.07,
PO05641, POL3,V028,CAT02,emea,2023-12-28,25940.67,
PO05642,POL3,V482,CAT09,NA,2023-10-02,37644.03,usd
PO05643, POL3, V406,CAT04,EMEA,2023-03-27,63595.34,usd
PO05644,pol2,V136 ,CAT10,LATAM,2024-08-23,93744.59,
PO05645,POL3,V476,CAT04,LATAM,2024-06-02,28171.86, USD
PO05646,POL3 ,V013,CAT09,NA,2024-08-08,53053.66, USD
PO05647,pol2,V240,CAT07,latam,2023-08-03,88528.34,USD
PO05648,POL2,V286,CAT03,LATAM,2023-06-29,63156.02,
PO05649,POL3, V169,CAT09,APAC ,2023-02-12,88168.44,
PO05650,POL2 ,V481, CAT10,APAC,2024-09-06,47576.54,
PO05651,POL3 ,V446,CAT08,LATAM ,2024-07-24,24815.91,usd
PO05652,pol1,v330,CAT06,NA ,2024-08-14,,USD
PO05653,POL2 ,v182,CAT01,NA,2024-09-01,36284.3, USD
PO05654,POL3, V204,CAT05 ,LATAM,2023-09-11,99102.36,usd
PO05655,pol2, V228,CAT07,APAC,2024-03-12,59134.21,USD
PO05656,pol1,V173,CAT01,EMEA ,2023-11-28,82153.94, USD
PO05657,POL2,v475,CAT03 ,na,2024-08-28,34483.23,usd
PO05658,POL2,v481,cat10,APAC,2023-12-02,35682.2,USD
PO05659,pol2,V209 , CAT06,EMEA,2023-11-20,7702.95,USD
PO05660,POL2,V457,CAT06,NA ,2023-06-22,65707.07, USD
PO05661,POL3 ,V112,CAT06,APAC,2023-08-28,4041.59,USD
PO05662, POL2,V382,CAT08,EMEA,2024-01-20,85737.3,usd
PO05663,POL3,V137,cat06,EMEA ,2024-03-07,71432.31,usd
PO05664,POL2,V027,CAT02,LATAM,2023-06-26,42693.07,usd
PO05665,pol2,V178,,LATAM,2024-02-21,81729.07,USD
PO05666,POL2,V051 ,CAT02, APAC,2024-12-30,68023.25,
PO05667,pol3,V426,CAT05,LATAM,2023-09-23,29393.01,usd
PO05668,POL2,v128,CAT01,LATAM ,2023-07-24,48432.7,usd
PO05669,POL1 ,V081,CAT05,EMEA ,2024-04-04,10188.14,
PO05670, POL3,V380,CAT07,LATAM,2024-12-17,90273.22, USD
PO05671,POL1,V330,CAT06, APAC,2024-04-08,75152.7,usd
PO05672, POL2,V093,CAT07,LATAM,2023-03-17,44378.53, USD
PO05673,POL1 , V229,CAT10,latam,2023-11-21,28774.83, USD
PO05674,POL1,V361,CAT04,EMEA,2024-04-11,66782.96,USD
PO05675,pol2,V036,cat01,EMEA,2024-12-12,17156.52, USD
PO05676,POL3 ,V443,cat07,NA,2024-07-02,98275.99,usd
PO05677,POL2 ,V114,CAT06,LATAM ,2024-08-25,10577.09,USD
PO05678,POL3, V353, CAT05,APAC ,2024-08-06,95798.14,
PO05679,POL1 , V227, CAT01,,2023-08-25,14232.51,usd
PO05680,POL3,V291 ,CAT02, EMEA,2024-05-23,54886.04,usd
PO05681,POL2,V162,CAT06,APAC,2024-12-14,39932.82,
PO05682,POL3 , V486,CAT08 ,APAC,2023-02-17,15749.96,
PO05683,POL3,V044, CAT09, EMEA,2023-07-19,11003.36,usd
PO05684,POL2, V216,CAT05,NA,2024-06-25,92950.42,USD
PO05685,pol3,V091, CAT08,na,2024-05-03,84298.19,USD
PO05686,pol3,V201,CAT07,NA,2023-05-24,26977.43,usd
PO05687,POL2,V345,CAT10, EMEA,2024-02-05,82464.86,usd
PO05688,POL1,V024 ,CAT01,LATAM,2023-05-18,41862.95,usd
PO05689,POL1 ,v428,cat03,NA,2023-05-07,57358.54,USD
PO05690,POL2,v129,cat02,EMEA ,2024-04-22,54953.37,usd
PO05691,POL2, V137,CAT07,EMEA,2024-05-31,76327.68, USD
PO05692,POL2,V422,CAT10 ,NA ,2024-06-16,26245.34,USD
PO05693,pol1,v289,CAT03,APAC,2023-06-21,39404.08,usd
PO05694,POL1, V302,CAT02,LATAM,2024-09-11,18343.24,usd
PO05695,POL1,V081,cat08, LATAM,2023-07-31,9923.87,
PO05696,POL2,v004,CAT06, NA,2024-11-20,16512.82, USD
PO05697,pol2,v323,cat04, EMEA,2023-03-18,99261.5,usd
PO05698,POL2, V204,CAT02,APAC,2023-10-03,84821.2, USD
PO05699,POL2,V164,CAT05, EMEA,2023-11-12,23871.69,USD
PO05700,POL1 ,V025,CAT08,NA,2024-07-26,47661.13,USD
PO05701,POL3 ,v463,CAT02,emea,2024-04-05,7546.65,
PO05702, POL3,V472, CAT09,APAC,2024-12-12,34868.61,USD
PO05703,POL1,V247,CAT03, LATAM,2024-09-12,93939.55,
PO05704,POL1 ,V469,CAT01,APAC ,2023-11-16,10414.38, USD
PO05705,POL2 ,V385,,LATAM,2024-04-24,39702.78,
PO05706,pol1,V008,CAT07 , NA,2024-02-04,89475.42,
PO05707,POL2 ,v461,CAT01,APAC ,2024-09-06,26521.34,
PO05708,POL2 , V109,CAT09, EMEA,2024-11-05,68287.41,
PO05709, POL3,V176,CAT06,latam,2023-09-03,64826.06, USD
PO05710, POL1,v218,CAT02 ,APAC,2023-05-25,7112.2, USD
PO05711,pol1,V478 ,CAT09,NA,2023-12-04,19643.62,
PO05712,POL2,V146,CAT07, LATAM,2024-04-26,72466.84,usd
PO05713,pol3, V212,CAT09 ,emea,2023-07-06,72309.85,USD
PO05714,POL3,v284,CAT04,apac,2024-01-23,,
PO05715,POL1,V335 ,CAT09, APAC,2023-02-20,97371.45,USD
PO05716, POL2,V141,CAT04 , APAC,2023-10-17,54081.61,USD
PO05717,POL3,V111,CAT10 ,apac,2023-10-19,41049.67,USD
PO05718,pol3,V147 ,CAT03,NA ,2024-09-16,33765.9,USD
PO05719,,V333,CAT10 ,LATAM,2023-02-01,23105.36,USD
PO05720,POL3,V344,CAT09,LATAM,2024-10-01,55616.88, USD
PO05721,pol1,V271,CAT07,EMEA,2023-05-19,86848.42, USD
PO05722,POL2,V395 ,CAT10,LATAM,2023-12-27,13182.72,USD
PO05723,POL3, V384, CAT04,EMEA,2024-11-21,40528.07,USD
PO05724,pol1,V171 ,CAT02,EMEA,2023-06-03,68620.22,USD
PO05725,POL1 ,V254,CAT09,EMEA,2024-10-26,70477.45, USD
PO05726, POL2,V035,CAT02,EMEA,2023-05-10,2396.84,usd
PO05727,POL1,V188,CAT02, NA,2024-06-24,49572.86,usd
PO05728,POL1,v432,CAT06 ,EMEA,2023-02-11,54086.0,usd
PO05729,POL3 ,V292 ,CAT02,EMEA,2023-08-23,77581.69,
PO05730,POL3 ,V361 ,CAT06, LATAM,2024-08-22,29318.11,
PO05731,POL1,V468 ,CAT09,latam,2023-02-05,65857.32,USD
PO05732,POL1,V405,CAT04,EMEA,2024-08-04,68244.15,usd
PO05733,POL3,V403,CAT02,APAC,2024-07-28,24080.24, USD
PO05734,POL1,V471,CAT02 ,EMEA ,2024-07-21,23498.64, USD
PO05735,POL2,V113 ,CAT05,APAC,2023-01-02,4080.27,
PO05736,POL2,V079,cat06, EMEA,2023-06-09,21802.22,USD
PO05737, POL2,V203,CAT07,NA,2023-12-17,61865.14,USD
PO05738,POL2,V132, CAT07,APAC,2024-10-22,32244.19, USD
PO05739,pol2, V005,CAT07,LATAM,2023-08-29,28849.51,
PO05740, POL1,V498 ,CAT02,LATAM,2024-01-12,47239.48,usd
PO05741,POL3,V048 ,CAT03 ,LATAM,2023-05-28,82466.26, USD
PO05742,POL1,V181,cat06,APAC,2023-09-13,95543.38, USD
PO05743,POL1,V325,cat05,latam,2023-11-12,49899.47,
PO05744,POL3, V102,CAT06, APAC,2024-07-20,54035.46,USD
PO05745,POL3,v118, CAT10, LATAM,2023-10-19,63635.46,usd
PO05746, POL3,V024 ,CAT04, LATAM,2024-03-29,29378.78,
PO05747, POL3,V074 , CAT03, APAC,2024-11-17,52267.41,
PO05748,POL3,V110,cat03,LATAM,2023-04-11,98199.31,
PO05749,POL3,V434,cat02, EMEA,2023-05-31,81188.24,usd
PO05750,POL3,v040, CAT05,APAC ,2023-09-24,91163.1,USD
PO05751,pol3,V080,CAT04,LATAM,2023-11-06,23660.43,
PO05752,POL3,V074,CAT06,NA,2024-08-18,67738.88,usd
PO05753,POL1,V399,cat10,EMEA,2024-05-09,34909.98,USD
PO05754,POL3 ,V388,CAT03,APAC ,2024-05-09,63409.38,USD
PO05755,POL2, V098,CAT02,LATAM,2024-07-06,,USD
PO05756,POL1,V311,CAT03,EMEA,2024-05-24,34075.46,USD
PO05757,POL2,V045,CAT01,EMEA,2024-10-05,86726.09, USD
PO05758, POL1,V342 ,CAT10,APAC ,2023-06-30,53776.47, USD
PO05759,POL1, V291,cat07,EMEA,2024-03-19,8387.87,
PO05760,POL3,v286,CAT05, EMEA,2024-06-09,28081.94,
PO05761,POL3,V413,CAT02, NA,2024-01-02,24650.88,USD
PO05762, POL2,V342 ,CAT08,APAC,2024-02-25,48291.81,
PO05763,POL1,V102,CAT04,APAC,2023-11-20,75420.67,
PO05764, POL1, V240,CAT01,APAC,2024-01-09,56914.08, USD
PO05765,POL3,V338 ,CAT01,LATAM ,2023-01-15,77877.94,usd
PO05766,POL1,v385,CAT05, EMEA,2024-01-03,83645.03, USD
PO05767,pol3,V352,CAT06,APAC,2024-12-06,24121.75, USD
PO05768,POL1,V487,CAT05,NA,2023-05-17,93835.44,usd
PO05769,POL1,v080,CAT07,APAC ,2024-06-15,48328.02,
PO05770,POL1,v221,CAT07,APAC ,2023-10-14,43471.48,USD
PO05771,POL3,V312,CAT01,LATAM,2023-08-31,80212.3,USD
PO05772, POL3,V114,cat10,latam,2023-01-10,75739.82,
PO05773,POL1,V420,CAT03,LATAM ,2023-11-03,91752.06, USD
PO05774, POL1,V325,CAT09,EMEA,2023-10-30,55898.16,
PO05775,POL1,V210,CAT03,NA ,2023-09-07,75258.5,USD
PO05776,pol1,V381, CAT03,EMEA,2024-10-30,1712.55, USD
PO05777,POL2,V009 ,CAT03,EMEA,2023-11-06,,USD
PO05778,POL1,V297,CAT09,EMEA,2023-06-03,34267.1, USD
PO05779,POL3,V325,cat08,apac,2023-10-09,75997.79,
PO05780,POL3,v245,CAT10,LATAM,2024-03-04,60489.09,usd
PO05781,POL2,V195,cat07,NA ,2023-09-29,78706.76, USD
PO05782,POL1,V075, CAT07,LATAM,2024-01-04,80547.77, USD
PO05783,pol2,V074,CAT10,EMEA ,2023-06-12,13372.28,
PO05784,POL1, V418,CAT03,emea,2023-06-11,15827.06, USD
PO05785,POL1 ,V324,CAT05,LATAM ,2023-02-10,84268.83,USD
PO05786,POL2,V424,CAT02,LATAM,2023-08-22,99235.23,
PO05787,POL1,V420, CAT05,NA ,2024-09-19,70885.56, USD
PO05788,POL1 ,V085,CAT05,APAC ,2023-10-23,5892.94, USD
PO05789,POL2,v373,cat02,APAC,2024-07-28,90263.42,usd
PO05790, POL3,V091,CAT01 ,APAC,2023-02-12,32111.74,
PO05791,POL2,V349,CAT08, APAC,2023-12-28,92599.82, USD
PO05792,POL3,v129, CAT09,latam,2023-09-12,65257.17,
PO05793, POL1,V214,CAT04 ,,2023-09-10,,usd
PO05794,POL3,V181 ,CAT05,LATAM,2023-04-15,96798.4, USD
PO05795,pol2,v307,CAT05,LATAM ,2024-10-28,89976.41,usd
PO05796,,v045,CAT05,NA,2024-07-02,78999.47,
PO05797,POL2, V446,cat06,EMEA,2024-01-19,3839.84,
PO05798,POL3,v258,CAT10, LATAM,2023-10-29,77426.03,USD
PO05799,POL1,V388,CAT05 ,EMEA,2023-09-06,19913.26,USD
PO05800,POL1,v357, CAT02,NA,2024-05-17,15776.24, USD
PO05801,POL2, V483,cat02,na,2024-07-02,5839.21,usd
PO05802,POL1,V140,CAT03,EMEA ,2023-07-09,89580.63,usd
PO05803,POL2 ,V458,cat02,EMEA,2024-10-15,77744.47,USD
PO05804,POL1,V387, CAT01, LATAM,2024-03-11,2310.44, USD
PO05805,POL1,V389,CAT04,LATAM,2024-10-16,94558.19,usd
PO05806,POL2,v185,CAT05, LATAM,2023-06-25,76010.93,USD
PO05807,POL2,v319,CAT03,LATAM,2023-11-25,20003.84,usd
PO05808,pol2,V410,CAT05,LATAM,2024-10-26,67164.79,
PO05809,POL1,V154,CAT03,LATAM,2024-08-01,,USD
PO05810,POL2, V288,CAT06 ,LATAM,2023-11-04,85320.08,
PO05811,POL1,V357,CAT03,APAC,2023-12-17,40932.98, USD
PO05812, POL1,V052,CAT10,APAC,2024-06-29,37083.77,usd
PO05813,POL2,V015,CAT04,apac,2024-11-14,76368.81,
PO05814, POL3,v380,CAT01,EMEA,2023-07-14,28947.44,USD
PO05815,POL2,V216,CAT08,APAC ,2024-07-05,4287.31,USD
PO05816,POL1,V070,CAT04,LATAM,2024-10-03,82212.51, USD
PO05817,POL2,v471, CAT08,emea,2024-10-23,82588.52,
PO05818,pol3, V309, CAT10,NA,2023-12-08,56663.07,usd
PO05819,POL3,V324,cat05,LATAM,2023-07-10,5876.82, USD
PO05820,POL3,,cat03,na,2023-04-01,5807.29, USD
PO05821,POL1 , V345, CAT06,APAC,2023-10-30,33274.39,usd
PO05822,POL3 ,V477,CAT10,APAC,2024-09-10,39289.47,usd
PO05823,POL2,V198,CAT02,na,2023-12-25,27490.62,
PO05824,POL2,V392,CAT10,na,2024-04-12,99052.54,
PO05825, POL3, V004,CAT03,LATAM,2024-12-13,31088.23, USD
PO05826, POL1, V297,CAT10,na,2024-11-19,22939.19, USD
PO05827,POL2, V111,CAT04,NA,2024-09-30,84875.45,usd
PO05828,POL2,v125, CAT06,EMEA,2023-12-08,77737.39,usd
PO05829,POL3, V327,CAT10,LATAM,2024-05-03,57176.04,usd
PO05830,POL1 ,V348,CAT06 ,APAC,2024-02-07,16522.75,usd
PO05831,POL1, V003,CAT01,LATAM,2024-05-20,83668.36,
PO05832, POL3,V041,CAT06,APAC ,2024-02-13,82430.0,USD
PO05833,POL1 ,V094,cat05,APAC,2023-01-25,52229.31,
PO05834,POL2,v305,CAT09,EMEA,2023-06-27,88030.03,
PO05835,POL2 ,V096,cat07,,2023-10-18,78643.32,USD
PO05836,POL3,V094,CAT07, NA,2023-10-16,37985.54, USD
PO05837,pol1, V010, CAT08,NA,2023-02-21,11002.3,USD
PO05838,POL3,v051,CAT05, APAC,2023-03-20,59463.64, USD
PO05839,POL1,v249,CAT02 , EMEA,2023-04-20,56074.06, USD
PO05840,POL3 ,V463,cat05,EMEA,2023-10-23,11886.52,
PO05841,POL1,V008,CAT06,EMEA,2023-07-18,11267.68,
PO05842,pol2,V354,cat05,EMEA,2023-07-03,45684.35, USD
PO05843, POL2,V328,CAT06,latam,2023-02-19,8595.25, USD
PO05844,POL3 ,v041,cat02,EMEA,2023-11-22,76796.99, USD
PO05845,pol3, V445,CAT04 , EMEA,2023-10-05,11265.14,usd
PO05846,POL1 ,V421 ,CAT06 ,APAC,2024-06-22,85385.37,
PO05847,POL3 , V436,CAT01, EMEA,2024-06-10,59541.25,USD
PO05848,POL1,V132,CAT03, NA,2023-01-05,63543.52,
PO05849,POL2 ,V443,CAT09,na,2023-08-18,45140.4, USD
PO05850,POL2,V247, CAT05,EMEA,2024-05-03,26435.73,usd
PO05851,POL2,v161,CAT02,LATAM,2023-06-18,48353.04,usd
PO05852,POL1,V156, CAT06,latam,2023-04-18,97995.77,USD
PO05853,POL1,V059,CAT01,NA,2024-05-18,92384.09, USD
PO05854,POL2,V030,CAT10,EMEA,2024-07-22,99681.38,USD
PO05855,POL3, V283,CAT10,LATAM,2024-06-17,19404.43,usd
PO05856,pol1, V248,CAT03,EMEA,2024-03-24,50860.39,usd
PO05857,POL1 ,V464 ,CAT03 ,EMEA,2024-07-26,41239.05,USD
PO05858,POL2, V028,cat02,APAC,2023-11-15,35337.98,
PO05859,POL2,V337,CAT07,NA,2023-11-01,75828.99, USD
PO05860,POL1,,,EMEA,2023-03-20,42472.49,
PO05861,POL2, V280, CAT07,EMEA,2023-12-26,78361.06,
PO05862,POL1,V145, CAT09,LATAM,2023-02-18,75202.53,USD
PO05863,POL2,V329,cat07, EMEA,2024-01-10,94725.19,usd
PO05864,POL2,v105,CAT05,LATAM,2024-02-16,92162.71,
PO05865,POL2,V342,CAT01,NA,2024-07-25,44645.32,usd
PO05866,POL3,V192,CAT08 ,emea,2023-05-22,87783.67,
PO05867, POL2,V364 ,cat05,na,2024-07-24,82303.54,
PO05868,pol1, V358,CAT03,NA,2024-02-05,4249.8,USD
PO05869,POL1,V072,CAT10,EMEA ,2023-02-23,96188.4, USD
PO05870,POL2,v180, CAT02,APAC,2024-05-01,15211.54,USD
PO05871,POL1, V197, CAT06, NA,2023-09-15,82257.23,usd
PO05872,POL3, V336,CAT01 ,emea,2024-06-30,19652.23,USD
PO05873,POL1 ,V046, CAT04, NA,2023-12-06,85928.97,
PO05874,POL1,V224 ,cat07,APAC ,2023-07-11,54517.14,USD
PO05875,POL2,V372,cat07,EMEA,2024-08-03,39033.82,usd
PO05876, POL3, V489,CAT01,EMEA,2024-06-06,1498.94,USD
PO05877,POL2,v086,CAT06 ,APAC ,2024-01-20,45736.5,
PO05878,POL3,V348,CAT05, NA,2024-04-16,89882.52,
PO05879,POL2,v388, CAT02,NA,2024-01-11,65637.1,
PO05880,POL1,V259,CAT03, NA,2023-12-08,9046.33,
PO05881,pol2,v222,CAT05 ,emea,2023-10-20,2024.51,usd
PO05882,POL3,V407,CAT08,APAC,2023-05-25,16846.45,
PO05883,POL1 ,V211, CAT06,NA,2023-06-12,26468.06,USD
PO05884,POL3,V004,CAT03,apac,2024-12-07,57941.26,
PO05885,POL1,v171,CAT09, EMEA,2024-07-08,88316.63,usd
PO05886,POL2 , V448, CAT06,NA ,2023-09-04,20908.42,USD
PO05887,POL3,V222,CAT07,EMEA ,2024-08-03,57580.77,
PO05888,POL3,V009,CAT05,NA ,2023-06-24,45798.83,USD
PO05889,POL3,V315,CAT06,EMEA,2023-11-13,18566.92,
PO05890,POL3,V248 ,CAT04,NA,2024-05-14,65669.97,USD
PO05891,POL2,V107,CAT08,LATAM,2023-07-09,19087.43,USD
PO05892,pol2,V145,CAT09,APAC,2024-10-15,13235.69,usd
PO05893,POL1,V185,CAT10, LATAM,2024-10-09,50905.03,USD
PO05894,POL1,V312,CAT03,APAC,2024-12-04,78526.51,USD
PO05895, POL3,V039 ,CAT09, LATAM,2023-01-22,80280.24, USD
PO05896,POL2 ,V015,CAT07,NA,2024-12-06,5361.97, USD
PO05897,POL3,V164 ,CAT10, APAC,2024-06-29,80942.22,USD
PO05898,POL3,V257,CAT01, EMEA,2023-04-04,60029.88, USD
PO05899, POL2,v150,CAT06,LATAM,2024-04-23,84032.18,USD
PO05900,POL2,V229,CAT03 ,LATAM,2023-06-12,7367.38, USD
PO05901,POL3,v255,CAT05,EMEA,2024-05-22,73268.52,usd
PO05902,POL1 ,V232, CAT06,apac,2024-01-11,83798.02,usd
PO05903,POL1,V376,CAT07 ,apac,2024-11-14,61903.48,usd
PO05904,POL3 ,V372,CAT02,EMEA,2023-12-24,30688.07,USD
PO05905,POL3,V334 ,CAT04, EMEA,2023-05-19,89014.3, USD
PO05906, POL1,V338,cat08,APAC,2024-01-19,61413.91,USD
PO05907,pol2, V174,CAT05,APAC,2024-06-02,3377.18, USD
PO05908,pol2,V165,CAT01,APAC,2024-07-30,58841.8, USD
PO05909,pol1, V044,CAT06, APAC,2023-08-17,61722.5, USD
PO05910, POL1,V227,CAT10,EMEA,2024-08-28,90835.83,USD
PO05911,POL3 , V305,cat01,EMEA,2023-11-14,63666.34, USD
PO05912,POL3,V477, CAT10,LATAM ,2023-06-26,10336.07,usd
PO05913,POL2 ,V096,cat10,APAC,2023-12-18,59060.09,USD
PO05914,POL1, V434,CAT09,LATAM,2024-08-07,86306.2,
PO05915,POL3 ,V067,CAT01,EMEA ,2024-01-31,61746.79, USD
PO05916,POL2,V047,CAT06 ,APAC,2023-07-07,,
PO05917,POL1,V424,CAT10 ,LATAM ,2023-08-23,42747.4,USD
PO05918,POL2 ,V219,CAT05,EMEA,2024-04-02,95856.83, USD
PO05919,POL3 ,V197,cat05, NA,2023-10-28,61176.13,USD
PO05920,POL2 ,V454,CAT09,latam,2023-04-16,63734.86, USD
PO05921,pol1,V187 ,CAT05 ,APAC ,2024-12-05,75869.73,
PO05922, POL1,V022,CAT08 , EMEA,2023-03-28,10528.6, USD
PO05923,POL3,V034,CAT01,APAC,2024-11-21,47471.36,USD
PO05924,POL1 ,V366,CAT09,EMEA,2023-04-18,50097.58,
PO05925,pol2,V487,CAT10,EMEA,2023-07-05,79148.08, USD
PO05926,POL3,V369,cat02,na,2023-04-22,40435.25,USD
PO05927,POL1,V343, CAT10,NA,2023-09-11,94967.43, USD
PO05928,POL1,V181,CAT03,LATAM ,2024-08-03,84936.56,
PO05929,pol1,V226,CAT04,emea,2023-11-22,68921.53, USD
PO05930,POL3, V285,CAT10,latam,2023-04-30,54236.09, USD
PO05931,POL3, V323,CAT07 ,EMEA,2023-04-22,22840.06,
PO05932,POL1 ,V458,cat01,NA,2024-02-15,41756.99, USD
PO05933,POL3,v131, CAT07,APAC,2024-04-30,19768.2,USD
PO05934,POL2,V378,CAT01,NA,2023-07-26,54367.65, USD
PO05935,POL1,V158,CAT10,apac,2024-03-28,14002.96,usd
PO05936,POL2 , V351,CAT10,APAC,2023-09-25,95953.53,usd
PO05937,POL1 ,V278,CAT06,apac,2024-11-13,77537.61,USD
PO05938,POL3,V062,CAT10, APAC,2024-09-10,96019.9,usd
PO05939,POL1,V052,cat05,APAC,2024-05-22,84262.13,USD
PO05940,pol3,V141 ,cat08,EMEA,2024-03-17,59329.87,usd
PO05941,POL2,V358,CAT05 ,APAC,2023-06-30,,USD
PO05942,POL2,v356,CAT04 ,EMEA,2024-10-06,14222.33,
PO05943,pol1,V214,CAT07,NA,2024-10-26,2086.56, USD
PO05944,POL3,V441 ,CAT08,NA,2023-06-25,16626.79,
PO05945, POL2,V290,cat07,APAC,2023-02-15,55671.64,USD
PO05946,POL3 ,V050, CAT02,NA,2023-06-29,,
PO05947,POL3,v079,CAT07,APAC,2023-04-08,59375.37,usd
PO05948,POL2,V217,cat02,NA,2023-12-07,50330.23,
PO05949,POL2 ,V478,CAT09,EMEA,2023-10-03,, USD
PO05950,pol1,V486, CAT06,apac,2023-11-09,15786.87,
PO05951,POL1, V021,cat05,APAC,2023-05-13,38057.84,
PO05952,pol1,V341,cat02, NA,2023-09-06,77195.05,USD
PO05953,POL3 ,V129 , CAT05,LATAM ,2024-06-28,15713.3,usd
PO05954,POL3,v491, CAT06,APAC,2024-09-18,49814.84,usd
PO05955, POL2,v259, CAT05,LATAM,2024-09-14,95978.83,USD
PO05956,POL3,V236 ,CAT03,EMEA,2023-08-28,37854.65,
PO05957,pol1, V442,CAT02, EMEA,2024-10-19,41401.89,USD
PO05958,POL2,V031 ,CAT03,NA ,2023-10-01,69577.42,USD
PO05959,POL1,V326,CAT09,apac,2024-11-30,56369.21,usd
PO05960,POL3,V094,CAT02,EMEA,2024-03-30,29339.38, USD
PO05961,POL3 ,V289,CAT02, NA,2023-12-06,71757.0, USD
PO05962,POL2,V121, CAT02,NA ,2024-07-06,41704.25,usd
PO05963,POL1,v256,CAT01,APAC ,2023-10-05,93768.96,usd
PO05964,POL3,V491,cat08,na,2023-07-30,61572.05,usd
PO05965,POL2, V449,CAT05,EMEA,2024-04-21,60935.59,usd
PO05966,POL2,V322,CAT06,EMEA,2023-10-14,3581.61, USD
PO05967,POL1 ,V242,CAT07,LATAM,2023-01-04,60339.66,USD
PO05968, POL3,V009 , CAT05,EMEA,2023-05-09,82253.3,
PO05969,POL3,V016,CAT09,LATAM,2024-10-18,51477.4,USD
PO05970,POL1,v125,CAT02 ,na,2024-05-14,85754.91,USD
PO05971,POL3,V341,CAT09,LATAM,2024-11-01,,USD
PO05972,POL2,V311 ,CAT08,LATAM,2024-07-11,70722.66,usd
PO05973,pol1,V393,CAT01, LATAM,2023-01-17,16835.45,usd
PO05974,POL3,V147,CAT10,LATAM ,2024-01-24,45706.24,usd
PO05975,POL3,V233,CAT06,EMEA,2024-10-13,97078.2,
PO05976,POL2,V120,CAT04 ,NA,2023-05-10,88490.38,USD
PO05977,POL3,V202 , CAT03,EMEA,2023-01-22,89317.71,
PO05978,pol2,V068,CAT05,APAC,2024-09-06,4097.83,
PO05979,POL2,V040,CAT03,LATAM ,2023-05-25,49809.21,
PO05980,POL1,v214,CAT06,EMEA,2023-06-18,13179.7,
PO05981, POL2, V086,cat05,NA,2024-03-27,69594.42, USD
PO05982, POL3,V243,CAT10,EMEA,2023-12-11,30904.35,USD
PO05983,POL3,V116,CAT01,NA,2023-04-14,26733.53,
PO05984,POL2,v160, CAT03,NA,2024-01-06,83787.35,usd
PO05985,POL2,V323,CAT03,EMEA ,2024-07-23,82572.43, USD
PO05986,pol1, V054,CAT04,EMEA,2024-09-30,30784.36,usd
PO05987,POL2,V126,CAT09,NA ,2023-12-12,6745.65,usd
PO05988,POL1, V060,CAT09, APAC,2024-10-25,90299.89,USD
PO05989,POL1 ,V048,CAT04 , APAC,2024-01-03,32020.26,
PO05990, POL1,V101,CAT05,LATAM,2023-06-03,49337.16,USD
PO05991, POL2,V176,CAT08, LATAM,2023-08-12,48817.66,USD
PO05992,POL2, V213,CAT01,apac,2023-02-24,33440.16, USD
PO05993, POL2,V410,CAT01,EMEA ,2023-09-22,57994.09, USD
PO05994, POL3, V215,CAT06,NA,2023-12-28,9327.8, USD
PO05995,POL3,V100, CAT10,LATAM,2024-11-22,, USD
PO05996, POL1,V146 ,CAT09,APAC,2024-11-02,64385.68,USD
PO05997,POL2,V186, CAT03,NA,2023-04-22,81701.6,
PO05998,,V379,CAT07,APAC,2024-12-13,24479.53,usd
PO05999,POL1,V483 ,CAT07,apac,2023-09-15,89555.23,
PO06000,POL2, V447,CAT05 , NA,2023-06-15,42122.18,USD
PO06001,POL2,v044,CAT02,NA,2023-11-03,47744.51,usd
PO06002,pol3,V174,cat05,LATAM,2024-02-19,50808.64,
PO06003,POL3,V136,CAT10 ,NA,2024-08-08,90790.67,USD
PO06004,POL1,V171 ,CAT08 ,NA,2024-03-22,63107.64,usd
PO06005,pol1,V086,CAT04,APAC,2023-08-02,8871.47,
PO06006,POL1,V324,CAT10, APAC,2024-05-06,8279.18,usd
PO06007,POL1,V154,cat01,APAC,2023-04-09,29774.49,usd
PO06008,pol2, V394,CAT01,NA,2023-02-08,89562.26,usd
PO06009,POL2,V259 ,CAT03,apac,2024-08-16,41444.19, USD
PO06010,POL3,V039,CAT03,LATAM,2024-08-22,96069.6,USD
PO06011,POL2,v063,CAT01,EMEA,2024-09-16,63778.58, USD
PO06012,POL1,V140,CAT03,EMEA,2024-02-15,57284.0,usd
PO06013,pol3,V313 ,cat01,NA,2023-10-06,83441.64,
PO06014,POL2, V339,CAT09 ,LATAM,2023-04-03,11349.84,
PO06015, POL1,V301,CAT07 ,emea,2023-06-21,51336.17,
PO06016, POL2,v227, CAT04,LATAM,2023-09-20,15187.77,
PO06017, POL1, V373, CAT03,LATAM,2024-08-23,51313.79,
PO06018,POL2,V334,CAT02,LATAM,2024-01-09,78442.76,usd
PO06019,pol1,V271 ,CAT02,APAC,2024-02-02,10582.97, USD
PO06020,POL2,V392,CAT04 ,NA,2024-07-05,86211.59,
PO06021,pol3,V061,CAT09,NA,2024-07-03,33913.25,usd
PO06022,POL1 ,V002 , CAT03,APAC,2024-12-03,52998.2,
PO06023,POL1,V415 , CAT04,NA,2023-03-17,10873.38,usd
PO06024, POL3,V484, CAT04,APAC,2024-09-02,95465.45,
PO06025, POL2,V271 ,CAT05,NA,2023-03-07,42973.42,USD
PO06026,POL1, V246,CAT07,NA,2023-05-06,45274.74, USD
PO06027,POL3, V470,CAT04,APAC,2023-04-20,96050.43,
PO06028,POL2,v025,CAT02,APAC,2023-05-24,26440.91,USD
PO06029,pol1, V417,CAT10 ,LATAM,2024-08-17,88373.37, USD
PO06030,POL3 , V134, CAT09,emea,2023-03-21,59064.32,USD
PO06031,POL3,V040, CAT03,EMEA,2024-08-28,43491.94,usd
PO06032, POL1,v047,CAT03,EMEA ,2024-04-05,53396.52,usd
PO06033,POL3, V154,CAT05, NA,2023-09-30,63643.07, USD
PO06034,POL3,V381,CAT07, APAC,2023-05-29,85593.42,USD
PO06035,pol2,v349,CAT10,EMEA,2024-03-14,49080.55,USD
PO06036, POL3, V482,CAT09,LATAM,2024-09-23,27902.11,USD
PO06037,pol3,, CAT09,EMEA ,2023-10-04,3459.56,
PO06038,POL3,V326 , CAT02,LATAM,2023-04-28,40928.41,usd
PO06039,POL1,v324,CAT08,LATAM,2023-03-14,18902.86,usd
PO06040,pol2,V216,CAT06,NA ,2023-04-01,84933.46, USD
PO06041,POL3,V200,CAT03 ,NA,2024-04-07,65297.9,usd
PO06042,POL3,V194,CAT06,EMEA,2024-12-04,15270.24, USD
PO06043,POL3,V321, CAT05,APAC,2023-05-20,39611.2,USD
PO06044,POL1,V229,CAT03, LATAM,2023-08-01,50697.74,
PO06045,POL2, V053,CAT01,APAC,2023-09-17,1078.06,
PO06046,POL3 ,V410,CAT10,NA,2024-11-01,39973.09,usd
PO06047,POL1,V266,CAT10, LATAM,2024-03-09,32828.16,
PO06048,POL1,V490, CAT05,,2024-02-05,89676.15,USD
PO06049,POL2,v198,CAT03,EMEA,2023-01-17,46508.38,USD
PO06050,POL1,V040 , CAT08,EMEA,2023-08-27,60933.76,USD
PO06051,POL2,V225,CAT08,NA ,2024-06-17,4891.48,usd
PO06052, POL1, V005,CAT06,NA,2023-01-07,95645.86,usd
PO06053,POL1 ,V164,cat04,EMEA,2024-08-04,93917.44,usd
PO06054,POL2 ,V098, CAT05,APAC,2023-01-30,50558.01,USD
PO06055, POL3,V001,CAT01,apac,2023-05-06,88097.76,
PO06056,POL3,v027,CAT07,APAC,2023-08-29,61612.23, USD
PO06057,POL1 ,V085,CAT09,EMEA,2023-04-13,7633.26,USD
PO06058, POL3,V318,cat08,NA,2024-05-21,86861.49,
PO06059, POL3, V493,CAT07 ,EMEA,2023-04-19,96692.21,USD
PO06060,POL3, V328,CAT09,emea,2024-06-18,45749.0,USD
PO06061, POL1,V031,CAT08, EMEA,2024-05-04,,usd
PO06062,POL1,V136, CAT06,emea,2023-04-03,10982.41, USD
PO06063,POL3,V281 , CAT04,APAC,2024-06-27,43445.58, USD
PO06064,pol1,V019,CAT09,EMEA,2023-02-27,79560.23,USD
PO06065, POL2,V203, CAT10,NA ,2023-08-25,3572.94,USD
PO06066, POL3,V310,CAT04,APAC ,2024-03-01,77580.18,
PO06067,POL2,V495 ,CAT10 ,EMEA,2023-08-02,59432.34,usd
PO06068,pol1,V084,CAT01,LATAM ,2023-03-18,56319.98,usd
PO06069,pol2,V332,cat05,apac,2023-08-19,5226.43,USD
PO06070,POL2, V143,CAT07,LATAM,2024-12-28,55534.75,
PO06071,POL3,V132,CAT03, LATAM,2023-09-29,83276.11,
PO06072,POL2,v244,CAT09,APAC,2024-04-04,94231.84, USD
PO06073,pol1,V087,CAT01,APAC,2024-09-13,54796.87,
PO06074,pol2,V274,CAT07,LATAM ,2023-06-06,61733.33,usd
PO06075,POL3,V368,CAT01,latam,2023-04-19,81831.61,
PO06076,POL1,V189, CAT10, LATAM,2024-08-08,76334.6,
PO06077, POL3,V475,CAT05, NA,2023-02-14,27290.66,
PO06078,POL3,V307,CAT08,EMEA ,2023-08-15,8168.67,USD
PO06079,POL3,V140 ,cat08,NA,2024-12-23,11346.09,USD
PO06080,POL2,v338,cat03,NA ,2023-05-29,18966.67,usd
PO06081, POL3,v110,cat01,EMEA,2024-06-13,, USD
PO06082,POL3,V360,CAT06 ,APAC,2024-11-26,9109.01,USD
PO06083,POL1,V088,CAT07,EMEA ,2024-05-19,47760.05,
PO06084,POL1,v175,CAT05 ,NA ,2024-10-09,1378.48,
PO06085,POL3 ,V295,cat02,APAC,2023-04-26,81760.41,
PO06086,pol1,V308,CAT08,APAC,2024-05-07,75495.49, USD
PO06087,POL1,v426,CAT05,NA,2023-03-24,13698.77,usd
PO06088,pol1,V223 ,CAT10,LATAM,2024-06-08,54345.9,usd
PO06089,POL2,V369,cat01, LATAM,2023-11-17,43901.43,
PO06090,POL2 ,V189,cat02,EMEA,2024-02-03,15575.83,usd
PO06091,pol2,V140,CAT08,LATAM,2023-02-04,11499.13,usd
PO06092,POL2,V053,CAT09, EMEA,2024-01-25,40695.44,USD
PO06093,pol2, V144,CAT03,LATAM,2024-04-27,23051.67,USD
PO06094,POL1, V292, CAT10,APAC ,2023-04-28,63850.36,
PO06095,POL2,v175,CAT01,APAC ,2023-10-09,75880.36, USD
PO06096,POL2, V380,CAT09 , EMEA,2024-06-29,36030.46,
PO06097,POL2,V272,cat02,NA,2024-10-14,,usd
PO06098,pol2,V324,CAT02,na,2024-09-30,17987.27, USD
PO06099,POL1,V494,CAT06,NA,2024-06-20,91351.13,
PO06100,POL1,v008, CAT04,,2023-03-10,90204.53,
PO06101,POL2 ,V109, CAT01,LATAM,2024-01-09,54025.01, USD
PO06102, POL3,v240,CAT09, LATAM,2024-12-21,2856.83,
PO06103,POL2,V009 ,CAT04 ,LATAM,2023-08-27,97033.84, USD
PO06104,pol1, V433, CAT04,APAC,2023-07-08,99128.07,USD
PO06105, POL1,V045,CAT08,EMEA,2023-02-02,15970.82,USD
PO06106,pol2, V149,CAT03,NA,2024-12-18,54079.77,
PO06107,POL3,V340 ,CAT06,apac,2023-04-15,60616.41,usd
PO06108,POL3,V430,CAT05,EMEA ,2023-01-31,40275.02,
PO06109,POL3 ,,CAT09,NA ,2024-12-17,13492.91,USD
PO06110,POL3,V067 ,CAT09 ,EMEA,2024-04-25,43511.37, USD
PO06111,POL3,V299,CAT10,EMEA,2024-11-26,66258.54,USD
PO06112,pol1,V179,CAT08,NA,2023-08-23,19881.28, USD
PO06113,POL3,v325, CAT03,APAC,2024-11-21,51469.93,usd
PO06114,pol1, V192,CAT08, LATAM,2024-01-07,47570.62,USD
PO06115,POL1, V411,CAT10,EMEA ,2024-01-01,38281.98,usd
PO06116,POL2,V241,CAT04,APAC,2024-06-10,76423.88,USD
PO06117,POL1,V374 ,cat10,apac,2023-07-20,89174.39,usd
PO06118, POL3,V020,CAT04,APAC ,2023-03-20,77071.47,usd
PO06119,POL1,V458,CAT01,NA,2023-01-25,31953.52, USD
PO06120,POL1,V475,CAT05, EMEA,2024-03-22,72619.97,USD
PO06121, POL2, V166, CAT08,NA,2023-06-03,33787.05,
PO06122,POL2 ,V249 ,CAT01,EMEA,2023-03-29,57980.62, USD
PO06123, POL3,V287,CAT02,apac,2023-06-14,53963.71,USD
PO06124,POL2,V373,CAT02, LATAM,2024-06-09,14186.63, USD
PO06125, POL1, V080,cat05,LATAM,2024-05-28,41065.08,usd
PO06126,POL1,V088,cat01,NA,2024-09-01,9097.42,usd
PO06127,POL2,V382 ,CAT10, APAC,2024-11-12,83350.92,USD
PO06128,POL2 ,V215,CAT07,apac,2023-04-26,87686.19, USD
PO06129,POL3,V433,CAT05 ,NA ,2024-02-27,38350.54,USD
PO06130,pol2,V338 ,CAT10,EMEA ,2024-08-28,46925.28, USD
PO06131,POL3 , V396,CAT06,EMEA,2023-11-03,,
PO06132,pol2,V437, CAT06,LATAM,2023-02-07,89811.23, USD
PO06133,POL2,V325, CAT08,LATAM,2023-09-15,96966.3, USD
PO06134,POL2,V141,cat06,NA,2024-08-07,27167.14, USD
PO06135,POL2 ,V434 ,CAT04,LATAM,2024-01-20,76964.23, USD
PO06136,POL1,V450,CAT09,LATAM,2023-09-04,8010.4,USD
PO06137,POL2 ,V320 ,CAT08, LATAM,2024-02-28,87276.91,USD
PO06138,POL2,V348, CAT05,LATAM,2023-12-07,78204.14,
PO06139,pol3,V316,CAT01,APAC,2023-01-24,80556.5,USD
PO06140,POL1 ,V420,CAT08,EMEA,2024-07-07,25082.73,USD
PO06141,POL1 ,v174,CAT03,LATAM,2024-12-20,5342.77,USD
PO06142,POL2,V001 ,CAT06,EMEA,2024-05-27,12703.43,usd
PO06143,POL3,V389, CAT06,NA,2023-06-11,53665.38, USD
PO06144,POL2, V366,CAT08,NA,2024-09-27,99903.95, USD
PO06145,POL2,V145,CAT03,emea,2023-01-07,19529.17,USD
PO06146,pol2,V379 , CAT02,LATAM,2023-07-31,21071.69, USD
PO06147,POL3,V114,cat05,APAC,2023-04-11,35765.78,
PO06148,pol2, V175, CAT07, APAC,2023-04-29,22073.9,
PO06149, POL2,V346,cat09,EMEA,2024-07-18,28295.91,
PO06150, POL1, V247,CAT08,NA,2024-03-07,24231.32,USD
PO06151,POL1 ,V171 ,cat10,APAC,2023-01-10,17038.62, USD
PO06152,POL1, V214,CAT08,EMEA,2024-09-10,18624.14, USD
PO06153,POL3, V371,CAT10 ,LATAM,2023-03-05,65975.97, USD
PO06154,POL2,V012, CAT07,APAC,2024-08-17,60079.14,
PO06155,POL2,v182,CAT05,LATAM ,2024-10-29,1014.98,USD
PO06156,POL2,V405 ,cat06,APAC,2023-04-26,73300.8,USD
PO06157, POL1,V454,CAT05,na,2024-02-18,16405.32, USD
PO06158,POL2 ,V270,CAT01,LATAM ,2024-02-04,83938.67, USD
PO06159, POL2, V254,CAT09,LATAM,2024-01-31,56053.32,usd
PO06160,pol3,v267,CAT09,APAC,2024-03-19,82363.32,
PO06161,POL3,V462,CAT10,APAC,2023-12-16,70007.68,USD
PO06162,POL2,V458,CAT07,EMEA,2024-10-18,33905.3, USD
PO06163,POL1,V112,CAT07,NA,2023-02-26,80146.97,
PO06164,pol3,V147,CAT03,LATAM,2024-07-25,51152.06, USD
PO06165, POL3,V034, CAT08, APAC,2024-01-10,50986.06,usd
PO06166,POL1,V453,CAT07 ,apac,2024-02-19,70430.41,usd
PO06167,pol2,V126,CAT04,APAC,2023-05-26,96787.27,usd
PO06168,POL1, V378,CAT01,NA,2023-09-16,87766.69, USD
PO06169, POL2,V032 ,CAT02,LATAM,2023-12-02,17011.14,
PO06170,POL2,V150,,na,2023-12-11,40187.36, USD
PO06171, POL2,v333,CAT08, LATAM,2023-12-11,25415.41, USD
PO06172,POL2,v335, CAT09,EMEA ,2023-07-21,65133.41, USD
PO06173,POL2,V028,CAT07, APAC,2024-06-13,62110.95, USD
PO06174,POL3, V009,CAT05,NA,2023-03-31,28225.84,
PO06175,pol2,V045,CAT08,NA,2024-11-29,33284.68, USD
PO06176, POL1, V277, CAT04,NA,2023-02-22,49141.09, USD
PO06177,POL3,V351,CAT06,APAC ,2024-09-22,48486.94, USD
PO06178,pol1,v298, CAT02,NA ,2023-02-07,15810.44, USD
PO06179,POL2,V249, CAT10,EMEA ,2023-10-01,84617.93,USD
PO06180,pol1,v478,CAT08 ,EMEA,2023-06-07,56639.51,usd
PO06181,POL2, V401,CAT05 ,LATAM ,2024-08-05,78438.08,usd
PO06182,POL2 ,V437,CAT06 ,APAC,2024-06-03,4328.61,
PO06183,pol2,V489 , CAT05,na,2024-01-07,23837.48,USD
PO06184,POL1,V183 ,cat08,NA,2024-02-11,55890.87, USD
PO06185,POL3, V317,CAT10 ,apac,2023-11-20,27121.52, USD
PO06186,POL3,V129,CAT05,emea,2024-07-16,13185.11,usd
PO06187,POL1,V057,CAT08,EMEA,2024-01-04,73633.76, USD
PO06188,POL1 , V441,cat08,EMEA,2023-04-07,90233.69,usd
PO06189,POL2,V184,cat07,NA ,2023-09-08,26890.17,usd
PO06190, POL1,V057,CAT10,LATAM,2024-04-29,6750.98,usd
PO06191, POL2, V072,CAT05,NA ,2024-09-22,55785.1,USD
PO06192,POL3 , V294,cat07,EMEA,2024-05-11,25491.74, USD
PO06193,POL1,V121,CAT07, EMEA,2023-06-14,27549.53,
PO06194,POL1, V317,cat03,EMEA,2024-05-16,80061.66,USD
PO06195,POL3, V099, CAT02,apac,2023-11-28,45238.59,USD
PO06196,POL3,V335,CAT06,EMEA,2023-09-17,80940.57, USD
PO06197,POL1,V106,CAT04, LATAM,2023-12-30,53235.06,usd
PO06198,pol3,V036,CAT08,NA,2024-06-21,74804.88,
PO06199, POL1,V267,CAT08,NA ,2023-03-24,76471.24,usd
PO06200,POL1,V403,CAT02, LATAM,2023-10-17,61174.83,
PO06201, POL2,V074, CAT03, APAC,2023-08-24,,
PO06202, POL3,V222,CAT07,LATAM,2023-01-07,86447.54,usd
PO06203,POL3,v217,cat09,NA,2023-05-30,86293.16,usd
PO06204,POL1,V145 , CAT08,NA,2023-07-17,23581.75,USD
PO06205,POL2 ,V324,CAT07,APAC,2023-10-21,36384.41,usd
PO06206,POL1,V423,CAT06,APAC,2023-12-24,86927.75,
PO06207,POL2, V260, CAT02, EMEA,2024-09-15,85170.46, USD
PO06208, POL3,v055,CAT06,EMEA,2024-08-29,44167.38,USD
PO06209,POL1, V492,CAT09 ,LATAM,2024-08-05,81779.68,
PO06210,pol3,V377, CAT04,LATAM,2023-06-09,15553.3,
PO06211, POL1,V070,CAT09, APAC,2024-05-11,19451.24, USD
PO06212, POL3, V457,CAT05,EMEA,2023-10-07,76425.92, USD
PO06213,POL1,V028 ,CAT03,LATAM ,2024-02-16,78789.7,USD
PO06214,POL2,V028 ,CAT03 ,EMEA ,2024-11-12,57580.22,usd
PO06215, POL1, V423,CAT04,emea,2024-03-08,15607.84, USD
PO06216,pol1,V177,CAT02,LATAM,2023-06-25,39877.83,
PO06217,POL1,V081,cat02,LATAM,2024-11-14,9939.69,usd
PO06218,POL2,V397,cat10,EMEA,2023-04-17,44705.34,USD
PO06219,POL3,v318,CAT07,APAC ,2024-02-24,81846.94,USD
PO06220,POL3,V394 ,CAT08,,2024-12-13,31229.36,USD
PO06221,POL2,V280 ,cat04, NA,2024-05-02,50715.8,USD
PO06222,POL3,V272,CAT03 ,na,2024-06-30,20719.29,usd
PO06223,POL1,V309, CAT01,NA,2023-11-21,60240.67,usd
PO06224, POL1,V343, CAT08,na,2023-12-29,45255.02, USD
PO06225,POL2,V302 ,CAT08, EMEA,2023-12-04,92249.31,USD
PO06226,POL3,V426,CAT09 ,NA,2024-04-02,60974.81, USD
PO06227, POL3,V197 ,CAT09,APAC,2024-03-03,33032.81,usd
PO06228,POL3,V320,CAT02, EMEA,2023-01-06,87968.49,usd
PO06229,POL2,V362 ,CAT07,APAC,2023-12-04,53684.27,usd
PO06230,POL3,v161,CAT02, NA,2024-05-31,49094.22, USD
PO06231,POL2 ,V337 , CAT06,APAC ,2024-04-29,73624.96,usd
PO06232,POL2 ,V222 ,CAT01 ,APAC ,2024-07-20,56605.83, USD
PO06233, POL2,V074,CAT10 ,LATAM ,2024-09-21,75090.59, USD
PO06234, POL1,V004,CAT04 , LATAM,2023-04-29,40459.74,
PO06235, POL3,V496 ,CAT02 ,LATAM,2024-04-08,51827.15, USD
PO06236,POL1,V447,cat01,EMEA,2024-02-02,30038.93, USD
PO06237,POL1,v378,CAT09,APAC,2023-08-07,92307.09,USD
PO06238, POL3,V276 ,CAT06,apac,2024-09-12,58804.8, USD
PO06239,POL2,V253,CAT04, LATAM,2023-01-09,64637.04,usd
PO06240,POL3,v036,cat02,EMEA,2023-06-06,59890.11,USD
PO06241,POL3,V391,CAT06,APAC,2024-09-10,65115.96,usd
PO06242,POL1 ,V178,CAT08,LATAM,2024-02-04,95502.61,usd
PO06243, POL2,v458, CAT10,EMEA,2023-10-09,83180.84,usd
PO06244,POL3 ,V232,CAT06,LATAM,2023-02-04,5192.7,usd
PO06245,POL1,V478, CAT06,apac,2024-06-11,35042.34,
PO06246,POL2, V117,CAT06,EMEA ,2023-05-10,28833.24,USD
PO06247,POL3,V389 ,CAT02,EMEA,2023-04-07,40943.12, USD
PO06248,POL1, V463, CAT03,APAC,2024-06-05,11263.87,
PO06249,POL1 ,V465,CAT06 ,APAC,2023-10-14,73592.78,USD
PO06250,pol2,V030 ,CAT10 ,EMEA,2024-08-09,86815.92,usd
PO06251, POL2,v342,CAT01, APAC,2024-01-14,5711.33,
PO06252,POL1 ,V461,CAT08,LATAM,2024-10-30,86071.64,
PO06253,POL1 ,V326 ,CAT03,APAC,2024-07-01,80118.67, USD
PO06254,POL1 ,V359,cat07,EMEA,2024-11-02,96458.63, USD
PO06255,POL1,v345,cat03, NA,2023-02-08,51624.93, USD
PO06256,pol1,V051 ,CAT08,EMEA,2024-02-18,11661.92,
PO06257,POL1,V007,cat04,LATAM,2023-10-04,38168.0,
PO06258,POL3,V317,cat06,apac,2023-12-09,19316.15, USD
PO06259,POL2,V382 ,cat04,NA,2024-09-03,18904.84,USD
PO06260,POL3 ,V180,CAT07,APAC,2024-08-21,17388.15, USD
PO06261,POL2,V091 ,CAT08 ,APAC,2024-03-14,94911.35,
PO06262,POL2,V332,CAT01,LATAM,2023-08-26,1317.05,
PO06263,POL2,V365,cat01,APAC,2023-04-06,22758.64,
PO06264,POL1,V104,CAT03, APAC,2024-06-30,, USD
PO06265,POL3,v288,CAT02 ,apac,2024-06-21,80496.71,USD
PO06266,POL2 ,V352 ,cat09,APAC,2024-05-16,2086.62,USD
PO06267,POL1,V472 ,CAT02,NA,2024-10-16,19218.44,USD
PO06268,pol3,v349,CAT06,APAC,2023-04-28,30878.64,
PO06269,POL2,V267,CAT03,NA,2024-10-03,16380.76,USD
PO06270,pol1,v178,CAT06,EMEA ,2024-06-27,54641.36,USD
PO06271,POL3,V057 ,CAT06 ,LATAM,2024-04-29,12431.1,USD
PO06272,pol2,v428,CAT09,apac,2024-09-02,95076.67,usd
PO06273,POL2,v042,CAT05, APAC,2024-06-25,16914.1,
PO06274,POL2,V287 ,CAT03, APAC,2024-06-07,10033.72,USD
PO06275, POL1,v023,CAT06,LATAM,2024-10-24,59866.6,
PO06276,POL2,v479,CAT03,latam,2023-07-02,60397.05, USD
PO06277,POL1,V129,CAT04,emea,2023-07-15,13682.2, USD
PO06278, POL3,V175 ,CAT02,latam,2023-12-22,96465.06, USD
PO06279, POL3,v161,CAT05,APAC ,2023-04-26,58382.49, USD
PO06280, POL2,V060,CAT07,emea,2024-08-25,21683.21, USD
PO06281,POL3,V113 ,CAT04,na,2024-03-23,9589.69,USD
PO06282,POL2, V213,CAT01 ,na,2023-01-21,6314.25,usd
PO06283,POL2,V068 ,cat07,latam,2024-08-05,65142.46, USD
PO06284,POL3, V477,CAT01,APAC,2024-01-15,4722.54, USD
PO06285,pol3,v192,CAT05,EMEA,2024-06-02,88159.62,usd
PO06286,pol1,V035,CAT02,apac,2024-02-02,18953.15,usd
PO06287, POL2,V486, CAT04,NA,2023-03-04,8375.77,usd
PO06288,POL1,v220,CAT07, EMEA,2023-12-07,67827.54,usd
PO06289,POL1,V433 ,CAT01, NA,2024-11-21,96679.13,USD
PO06290,POL2,V286, CAT05,LATAM,2023-01-18,22527.55,
PO06291,POL2,v450,CAT02 ,APAC,2023-12-08,41519.1,
PO06292,POL3,v284,cat08, NA,2023-12-29,51831.68, USD
PO06293,POL3,V293,cat02,NA,2024-05-31,42965.79, USD
PO06294,POL2,v322,CAT06,apac,2023-04-08,48777.97,
PO06295,POL3,V379,CAT10 ,LATAM,2023-11-03,5042.92,usd
PO06296,POL3,V218,CAT06 ,latam,2024-11-09,41901.94,
PO06297,POL3,V178,CAT04,EMEA,2024-04-12,25532.52,usd
PO06298,POL3, V027,CAT10,APAC,2024-08-15,70547.89, USD
PO06299, POL2,V200,cat09,APAC ,2024-10-25,9309.9,
PO06300,POL1,V094 ,CAT07,LATAM,2024-11-27,49525.46,usd
PO06301,POL3,V417,CAT10, EMEA,2023-04-17,76824.55,USD
PO06302,POL2, V217,CAT02, APAC,2023-06-09,41181.22, USD
PO06303,POL1, V003,CAT09 ,APAC,2023-07-08,58622.92,USD
PO06304,POL3,V248, CAT05,LATAM ,2024-01-14,56265.23, USD
PO06305,pol1,V470,CAT03,APAC,2023-04-28,81363.27,usd
PO06306,POL2 , V057,CAT08,,2023-12-09,97190.84,USD
PO06307,POL3,V499,cat06,LATAM,2024-05-03,89751.02, USD
PO06308,POL2,V047,CAT05,NA,2023-12-15,54298.31, USD
PO06309,pol1,v442,CAT08, LATAM,2023-08-11,82283.0,USD
PO06310,POL3 ,V350,CAT09,LATAM,2024-06-08,27303.02,USD
PO06311,POL2,V269 ,CAT06,NA ,2023-02-12,33421.85,USD
PO06312,POL2 ,V116,CAT09 ,EMEA,2024-08-21,89442.92,
PO06313,pol3, V216,CAT09, EMEA,2023-04-29,37907.74,usd
PO06314,POL2, V099,CAT07,NA,2024-01-04,23245.12, USD
PO06315,pol2, V179,CAT04,EMEA ,2024-07-06,,usd
PO06316,POL2,v329,CAT08 ,EMEA,2024-12-08,52776.58,USD
PO06317,POL2,V233,CAT02,APAC,2024-06-10,30121.46,USD
PO06318,POL1 ,V375, CAT06, NA,2023-10-04,87695.28,USD
PO06319,pol2,V312,CAT08, EMEA,2024-08-05,66557.06,
PO06320,POL1,V034 ,cat06,APAC,2023-03-05,28118.44,usd
PO06321,POL2,V451,CAT03,EMEA ,2023-05-16,76954.99,usd
PO06322,pol2,V019,CAT10,APAC,2024-06-24,74184.11,usd
PO06323,POL2,V082,CAT09 ,NA ,2024-08-27,82162.04,
PO06324, POL3,V112 ,CAT03,emea,2023-04-08,23816.69,USD
PO06325, POL3,V393,CAT10,LATAM,2023-03-04,39693.24,USD
PO06326,POL2,V228,cat09,APAC,2023-09-21,91984.33,USD
PO06327,POL2,V196,cat04, LATAM,2023-04-13,67578.73,
PO06328,POL1 ,V167,cat05,na,2023-04-22,75000.32,USD
PO06329, POL1,V118,CAT01,EMEA,2023-02-17,15218.28,USD
PO06330, POL2,V212,CAT07,EMEA ,2024-09-05,79284.08,usd
PO06331,POL2, V264, CAT04,na,2024-04-21,14944.84,USD
PO06332,POL2,V007,CAT08, EMEA,2024-09-15,73870.49, USD
PO06333,POL3,V500,CAT09,APAC,2024-11-15,17329.8,USD
PO06334,POL3,V432, CAT04, LATAM,2024-11-13,21339.01, USD
PO06335,POL2 ,V345,CAT04 ,APAC,2023-06-24,26515.54, USD
PO06336, POL2,v169, CAT10,NA,2024-08-24,90528.74,usd
PO06337,POL2,V495,CAT06,apac,2023-07-22,83767.34,USD
PO06338,POL2 ,V288,CAT06,NA,2024-11-25,84462.71, USD
PO06339,POL3,V496,CAT03,apac,2024-02-07,33751.37,
PO06340,POL2,V364,CAT03,APAC,2023-06-12,76433.2,USD
PO06341,pol2,V477,CAT07 ,APAC,2023-11-24,72098.94,
PO06342,POL3,V041,CAT04,APAC,2024-07-27,36750.49, USD
PO06343, POL1, V309,CAT08,APAC ,2023-11-03,9543.5,USD
PO06344,POL3 ,v327,CAT02,na,2023-02-02,33343.94, USD
PO06345,POL2 ,V202,CAT01,emea,2023-10-27,22646.72,USD
PO06346,POL1 ,V369 ,CAT02,NA ,2023-01-18,60568.13, USD
PO06347,POL2,V246,CAT04,emea,2024-08-17,20608.19, USD
PO06348,POL3,v333,CAT07, APAC,2023-07-27,41549.12,
PO06349, POL3,V488,CAT02,NA,2023-09-12,67388.28, USD
PO06350,POL1,V264,CAT09,APAC,2024-03-26,41557.98,
PO06351,POL2,V099,CAT07 ,LATAM,2023-07-30,73309.83, USD
PO06352, POL2,V252,CAT10,APAC,2023-06-28,51768.36,
PO06353,POL3,V089, CAT02,NA,2024-01-28,6642.94,usd
PO06354,POL3,V143,CAT08,APAC,2023-02-04,97921.65,usd
PO06355,POL3 ,V427 , CAT07,NA,2024-07-23,56427.35,
PO06356,POL1,V112,CAT10,NA,2023-01-11,84113.29, USD
PO06357,POL1,V102,CAT03,apac,2024-06-04,72769.51,USD
PO06358,POL3,V338,CAT02,APAC,2023-06-30,15431.1,
PO06359,POL3, V129, CAT10,EMEA,2024-07-02,57659.21,USD
PO06360,pol2,V433,CAT06 ,APAC,2024-03-28,8218.55,USD
PO06361,POL2,V169, CAT10,na,2023-07-05,16901.27, USD
PO06362,POL3 ,V051 ,CAT08,LATAM,2023-07-26,76125.71,usd
PO06363,pol3,V025,CAT08,APAC ,2024-07-02,26073.88,usd
PO06364,POL2,V402,cat07,NA,2024-07-23,83914.03,usd
PO06365,POL3,v190,CAT03, NA,2024-01-13,7649.38,usd
PO06366,POL1,V285,CAT04,LATAM,2024-02-17,5395.78,usd
PO06367,POL1,V035,CAT02,NA,2024-11-28,83091.35,
PO06368,pol2, V396,CAT08,NA ,2024-12-06,94913.96, USD
PO06369,POL1,V146,CAT02,NA ,2023-12-04,67198.55,
PO06370,POL1,V150,CAT05,EMEA ,2024-02-18,7686.83,
PO06371,POL1, V037,CAT09,LATAM,2024-03-05,49487.65,usd
PO06372,POL2,V410,CAT07,NA ,2024-01-12,37068.99,USD
PO06373,POL1, V122,CAT08,NA ,2023-10-31,45327.51,usd
PO06374,pol2,V466,CAT08,APAC,2024-11-22,97789.56,usd
PO06375,POL2,V038 , CAT04,LATAM,2024-06-27,48094.66, USD
PO06376,POL2,v301,CAT04,NA,2024-03-10,,usd
PO06377,POL2,V212, CAT06,EMEA,2023-05-22,19133.43,USD
PO06378,POL2,V126,cat05,emea,2023-03-02,,USD
PO06379,POL2,v210,cat03, EMEA,2023-05-13,85345.3,usd
PO06380,POL3, V212,CAT05,NA ,2024-12-11,79845.98,
PO06381,POL2, V261,CAT04,EMEA,2024-11-03,53459.01,
PO06382,POL2,V491,CAT05 ,NA,2024-01-24,95723.64,
PO06383, POL2,V385,cat09,na,2023-08-11,31836.34,usd
PO06384,POL1,V291,CAT07,EMEA,2024-01-24,,usd
PO06385, POL3,V138, CAT09,NA,2024-09-12,98418.6, USD
PO06386, POL2,V342,CAT10,NA,2023-12-11,10129.28,
PO06387,POL2,V490 , CAT04,EMEA,2024-06-14,88968.19,USD
PO06388,POL3,V288,CAT08,APAC,2023-02-10,95528.62,USD
PO06389,pol1,V399,CAT03 ,LATAM,2023-01-13,42691.09,usd
PO06390,pol2,V437 ,CAT10,LATAM,2023-01-13,39594.39,USD
PO06391,POL1,v380,CAT07 ,emea,2024-10-19,14232.55, USD
PO06392,pol2,v246,CAT06, APAC,2023-09-16,77302.34, USD
PO06393,POL3,V443,CAT01,NA ,2024-07-17,45190.04,
PO06394,POL3,V452,CAT10,APAC,2024-11-08,79817.8,USD
PO06395,POL3,V275 ,CAT02, NA,2024-09-05,34461.45, USD
PO06396,POL3,V321,CAT10 , NA,2023-04-04,5022.87, USD
PO06397,POL3,V378,CAT03 ,EMEA,2024-02-21,61406.22,usd
PO06398, POL2,V363,CAT10,APAC,2024-07-25,81448.97,usd
PO06399,pol3,V047,cat02,EMEA,2023-12-31,90247.85, USD
PO06400, POL3,V178,CAT06,apac,2024-07-18,62321.25,usd
PO06401,POL3, V228,CAT08,EMEA,2024-11-17,64792.85,
PO06402,POL2 ,V485,CAT10 ,LATAM,2024-12-18,10100.89,USD
PO06403, POL1,V334,CAT06,LATAM,2023-11-13,55424.62, USD
PO06404,POL1,V392,CAT10 ,LATAM ,2023-03-06,6900.39,
PO06405, POL2,v303,CAT03,APAC,2024-03-01,18983.56,
PO06406,POL3,V414,CAT01,EMEA,2023-12-22,65334.95, USD
PO06407, POL2,V297,CAT04,APAC,2024-10-29,88591.73,usd
PO06408,POL1,V079,cat08,APAC,2023-04-29,12512.47,usd
PO06409,POL2 ,V213,CAT02,LATAM ,2023-03-26,52823.82,usd
PO06410,POL1 , V397,CAT07 ,LATAM ,2024-03-19,66746.92,USD
PO06411,POL3,V210,CAT03,EMEA,2024-11-08,,USD
PO06412, POL1,v253,cat01,NA ,2023-07-20,57748.2, USD
PO06413,POL3, V070,cat09,NA,2024-09-28,56229.48, USD
PO06414,POL1, V015,CAT06,LATAM ,2024-09-27,2367.97,usd
PO06415,POL1, V475,CAT01,NA,2023-07-26,24952.72,usd
PO06416,POL1,V282, CAT07,apac,2023-04-15,31877.31, USD
PO06417, POL1,V484,CAT06 ,APAC,2024-07-31,7203.63,
PO06418,pol2,V389,CAT07, APAC,2024-04-20,98630.08,USD
PO06419,POL1,v219, CAT07,apac,2023-09-09,1096.56, USD
PO06420,POL3,v220,CAT03,APAC,2023-08-20,93060.05,usd
PO06421,POL2, V084,CAT06 ,LATAM ,2023-02-19,98648.66, USD
PO06422,pol1,V332 ,CAT02,APAC ,2024-11-05,55613.92,usd
PO06423,POL1, V397,cat06,NA ,2024-12-29,64638.38, USD
PO06424,POL3,v459,CAT08,LATAM,2024-11-09,25500.6, USD
PO06425,POL2,V248,CAT03,EMEA ,2024-06-02,5006.22,usd
PO06426,POL1,V052,CAT07,APAC ,2024-02-16,38948.77,usd
PO06427,POL2,V002,CAT01,NA,2024-06-05,63590.23,
PO06428,POL1,V439,CAT07,LATAM,2024-09-24,74227.94,
PO06429,POL3 ,V147, CAT08,NA,2023-09-05,21338.83,usd
PO06430,POL2,v100,CAT06,EMEA,2024-09-30,70351.82,usd
PO06431,POL1,V245 ,CAT04,NA ,2024-05-09,25281.15,USD
PO06432,POL1, V201,CAT10,APAC,2024-05-19,66776.77,USD
PO06433,POL2,v308,CAT06 ,emea,2024-03-28,75726.19, USD
PO06434,POL3,V129,cat03,NA,2024-12-10,59542.81,USD
PO06435,POL1,V303 ,CAT08 ,LATAM,2023-02-22,82020.68,usd
PO06436,POL1,V139,CAT09, EMEA,2023-11-04,54273.95,usd
PO06437,POL1 ,V335,cat08,APAC,2023-07-11,67209.21,usd
PO06438,POL1,V496,CAT04 ,NA,2023-12-25,53844.26,usd
PO06439,POL2 ,V026, CAT06,latam,2024-10-31,12839.82, USD
PO06440,pol3,V496,CAT08 ,NA,2023-05-05,58918.55,usd
PO06441,POL3, V064, CAT04,APAC,2024-08-04,85646.63,
PO06442,POL2,V170, CAT07,LATAM,2024-08-25,43339.79, USD
PO06443,POL2 ,V070,cat03,APAC,2023-12-17,19704.32, USD
PO06444,POL2,v091, CAT04, EMEA,2023-06-28,57307.2,usd
PO06445, POL3,v066,CAT08,EMEA,2024-08-21,1522.85,
PO06446,POL2 ,V399, CAT03,APAC,2023-02-24,11729.58, USD
PO06447,POL3,V352 ,cat01,APAC,2023-09-01,10642.39,usd
PO06448,POL2,V265,CAT05 ,EMEA,2023-01-28,4719.85, USD
PO06449,POL2 ,V435 ,CAT01,NA ,2024-03-03,96472.12, USD
PO06450,POL3,V198 ,CAT10,LATAM,2024-09-13,58246.76,usd
PO06451,POL1,V312,CAT05,EMEA,2024-01-09,77117.46, USD
PO06452,POL1,V376, CAT09,EMEA,2024-03-07,67577.7, USD
PO06453,pol3,V037,cat01,latam,2024-09-19,10116.7,
PO06454,POL3 ,V029,CAT02,APAC,2023-10-31,34475.9,USD
PO06455, POL3,V231,CAT02,NA,2024-12-15,81227.32, USD
PO06456,POL1,v481, CAT05,APAC,2024-01-13,10988.02,USD
PO06457,POL1,V226,,LATAM,2024-09-06,8582.68,usd
PO06458,POL1,V119,CAT01,LATAM,2024-05-20,99068.51,
PO06459,POL1,V255,CAT10,EMEA,2023-11-09,86940.66,usd
PO06460,POL1, V206,CAT04,apac,2024-10-18,26368.75,USD
PO06461,POL1 ,V420,CAT10, APAC,2023-04-27,83146.3,
PO06462,POL3,V284,CAT01,EMEA,2023-11-16,13219.2,usd
PO06463,POL3,V108,cat08,NA,2023-11-28,84616.87,USD
PO06464,POL1,v163,CAT09,LATAM,2023-04-19,4829.41,USD
PO06465,POL2, V255,CAT07,APAC ,2024-06-26,90219.09,usd
PO06466,POL3,V074,CAT05 ,EMEA ,2024-05-18,70114.68,
PO06467,POL1,V180,cat03,APAC,2023-08-12,18136.18, USD
PO06468,POL3,V278,cat07,LATAM,2024-02-09,36733.99, USD
PO06469,POL2 ,V406 ,cat06,NA,2024-01-08,86407.25,USD
PO06470,POL3,V323, CAT05,na,2023-04-20,79321.67,
PO06471, POL1,V495,cat10,LATAM,2024-01-18,82097.87,
PO06472,pol1,V022 ,CAT06,APAC,2024-06-09,51076.38, USD
PO06473, POL2,V308,CAT04 ,NA,2023-12-22,86694.47, USD
PO06474, POL1, V008,CAT03,APAC,2023-10-18,99729.03,USD
PO06475,,V339,CAT08 ,LATAM,2023-09-02,15643.31, USD
PO06476,POL2,V423,CAT03, APAC,2023-10-26,5218.14,
PO06477,POL2,V230,cat03,NA,2023-12-11,83399.21,
PO06478,POL2 ,V421,CAT01 ,NA ,2024-08-20,62172.34, USD
PO06479,pol3,V350,CAT03,EMEA,2023-07-01,68447.08,usd
PO06480,POL1,V072,CAT02,LATAM,2023-01-14,49638.32, USD
PO06481,POL3,v364,CAT09,latam,2023-06-07,23548.7, USD
PO06482,POL1 ,v240,CAT05,LATAM,2023-04-19,56189.9,usd
PO06483,POL2,v019,cat04,apac,2023-09-09,44417.46, USD
PO06484,POL1,V426, CAT08,EMEA,2023-10-28,80411.09,
PO06485,POL3,V269 ,CAT02,LATAM,2024-07-24,97072.73,
PO06486,POL3,V459,CAT05, NA,2023-06-05,3442.37, USD
PO06487,POL2,V458, CAT07,LATAM,2023-02-26,62407.97,USD
PO06488,POL1 , V159, CAT07,LATAM,2023-06-27,17187.9,usd
PO06489,POL3,v289,CAT02 ,NA,2023-10-15,90240.03,usd
PO06490,POL3,v282,CAT06,LATAM,2024-03-07,16223.25,usd
PO06491,POL3 ,V147,CAT08 ,EMEA,2023-08-12,57849.79, USD
PO06492,pol1,V335,CAT08,EMEA,2023-07-22,39247.72,
PO06493,POL2,v052,CAT07,apac,2024-05-27,63587.53,usd
PO06494,POL1,V123,CAT07,LATAM,2023-09-01,27596.13, USD
PO06495,POL3,V292,cat06,EMEA,2023-07-05,1523.44,
PO06496, POL3,V320,CAT07 ,LATAM,2024-06-09,60435.57,USD
PO06497,pol2, V230,CAT07,APAC,2023-03-01,45844.39, USD
PO06498, POL2, V198,CAT10 ,na,2023-07-07,39656.72,
PO06499,POL1,V262, CAT09,APAC,2024-07-19,64214.64,
PO06500,POL1,V242 ,CAT01, NA,2024-10-06,54279.12,
PO06501,POL2,V287 ,CAT08 , APAC,2024-04-23,90407.5,usd
PO06502, POL1,V061,CAT09 ,APAC,2024-11-29,42314.6, USD
PO06503,POL1,V444, CAT05,EMEA,2023-08-06,23905.19,usd
PO06504, POL3,V241,CAT10,EMEA ,2023-11-28,14365.4,
PO06505,POL3,v175,cat04,apac,2023-08-26,52752.02,
PO06506,POL2,v208,CAT07, APAC,2024-11-02,68042.41,
PO06507, POL2,V037,CAT08 ,NA ,2024-09-07,48289.13, USD
PO06508,POL3,V401,CAT07,latam,2023-09-20,62462.29,usd
PO06509,pol3, V287,CAT06 ,APAC,2023-05-06,38621.75,usd
PO06510,pol1, V391,CAT06,LATAM,2023-04-19,98865.86,usd
PO06511, POL3,V031,CAT08,NA,2024-03-28,73200.43,USD
PO06512,POL3,v497,CAT10,LATAM ,2023-08-29,25947.65,USD
PO06513,POL3,V164 ,CAT09,APAC ,2024-03-26,70543.0,usd
PO06514,pol1,V018,CAT10,latam,2023-03-17,8205.43, USD
PO06515,POL1 , V386,CAT02,LATAM,2024-04-17,78341.79, USD
PO06516,POL3, V348,cat10,latam,2024-07-11,76178.33,
PO06517,POL3,v214,cat02, APAC,2023-11-09,19205.56, USD
PO06518,POL1,V251,CAT03,na,2024-01-05,36545.37,
PO06519,POL1, V305,cat02,EMEA ,2024-06-17,69240.75,USD
PO06520,POL1,v137,CAT09,NA ,2024-05-16,7774.59,USD
PO06521, POL3,v340, CAT06,APAC,2023-12-18,53359.3, USD
PO06522,POL3,v166,cat05,LATAM,2024-07-17,15512.52,usd
PO06523,POL3,v033,CAT01,,2024-01-28,43850.77, USD
PO06524,POL1,v145,CAT02,EMEA,2024-10-27,21104.76,
PO06525,POL1 ,V245,CAT08,latam,2023-07-01,86237.86, USD
PO06526,POL3,V187,CAT06 , APAC,2024-07-23,21568.47,
PO06527,POL1,v159,CAT03,APAC,2023-12-02,85544.02, USD
PO06528,POL1,V183 ,CAT03,EMEA,2024-04-30,15377.5,USD
PO06529,pol2,V228,CAT02 ,APAC,2023-10-05,87888.48,USD
PO06530,POL2,V153,CAT08, EMEA,2023-07-19,89245.49,USD
PO06531,POL3 ,V266,CAT01,EMEA ,2023-08-04,58803.26, USD
PO06532,POL2,v166,CAT04, LATAM,2023-04-08,64148.11,
PO06533,POL2 ,V336,,NA,2023-04-24,18164.29,USD
PO06534,POL1,V294, CAT08,LATAM,2024-02-29,98745.2,
PO06535,pol1,V058 ,CAT06 ,apac,2023-10-14,24060.51,USD
PO06536,POL1,V486,CAT10,NA,2024-04-04,, USD
PO06537,POL2,V420,CAT03, APAC,2024-07-02,25480.53,
PO06538,POL2 , V222,CAT04, EMEA,2024-08-29,77241.13, USD
PO06539,POL3,V404,CAT10,EMEA ,2024-02-13,8663.67,
PO06540,POL2 ,v177,CAT01,EMEA,2023-03-11,31603.42,USD
PO06541,POL2,v220, CAT05,LATAM ,2023-02-28,43601.87,
PO06542,pol3,V254,CAT02,EMEA,2023-12-09,96285.59,USD
PO06543,POL3 ,v189,CAT02, NA,2023-07-12,80217.43,
PO06544,POL3,V385,cat05,NA,2024-03-12,88492.31,
PO06545,pol1,V005,CAT04,LATAM,2023-01-22,17464.83,USD
PO06546, POL1, V104,cat02,EMEA,2024-05-15,10959.2, USD
PO06547,POL1, V035,CAT08,NA,2023-10-18,66760.0,usd
PO06548, POL1,V133,cat02,LATAM,2024-12-25,54955.15,usd
PO06549, POL3,v031, CAT09,NA,2023-07-14,96688.99,usd
PO06550,pol1,v164,CAT06 ,LATAM,2023-09-01,50625.32,usd
PO06551,POL3,V027,CAT05 ,EMEA,2024-08-14,81733.15,
PO06552,POL3,V154 ,CAT10,LATAM,2024-07-09,47534.99,usd
PO06553,pol2, V193,CAT02,latam,2024-08-21,71287.57,usd
PO06554,pol1,V438,cat03,APAC ,2024-08-01,10691.19, USD
PO06555,POL3,V296 ,CAT01,NA,2024-06-30,42158.22,USD
PO06556,POL2,V320 ,CAT10 ,APAC,2023-02-08,24072.6,USD
PO06557,POL1,V071 ,CAT02,LATAM,2024-09-24,62982.89,USD
PO06558,POL3,V232,CAT01 ,LATAM,2023-01-06,96566.33, USD
PO06559, POL3,V163,CAT01,EMEA,2024-04-23,78883.32,
PO06560,POL2,V173,cat07,EMEA,2023-12-20,47173.28,usd
PO06561, POL3,V272,CAT02,latam,2023-02-19,25280.98,usd
PO06562,POL3,V069,CAT07, LATAM,2023-11-03,20283.63, USD
PO06563,POL2,V279,cat10,latam,2023-09-01,37687.66,USD
PO06564, POL1,V104 , CAT09,EMEA,2023-08-17,42249.27,
PO06565,POL3, V347,CAT02 ,NA,2023-04-10,95932.21, USD
PO06566,POL1,V238,CAT04 ,NA ,2024-01-10,34254.94,USD
PO06567, POL1,V341,CAT09,EMEA,2024-08-04,63625.09, USD
PO06568,POL2,V200,CAT08,EMEA,2024-08-10,91205.29,usd
PO06569,POL1,V476,cat01,NA ,2024-09-30,96355.84,USD
PO06570, POL2,v194,CAT09,NA ,2024-07-17,72032.15,USD
PO06571,POL2,v491,CAT06,EMEA,2024-10-28,17796.05,
PO06572,POL1, V214,CAT05 ,NA,2024-05-27,9011.86,USD
PO06573,pol3, V488, CAT01,latam,2024-05-01,57342.76, USD
PO06574,pol2, V324,cat08,EMEA ,2023-01-07,82366.62,
PO06575,POL1,V351,CAT01,APAC,2023-09-30,34088.93,usd
PO06576,POL2,V143,cat01,APAC ,2024-02-20,92325.99, USD
PO06577,POL1,V228, CAT08,EMEA,2023-05-11,72585.41,
PO06578,POL1,V095,CAT08,NA,2024-06-30,39936.02,usd
PO06579,POL3, V293,CAT05 , APAC,2023-03-10,23643.84,usd
PO06580,pol1,V471,CAT06,NA ,2023-12-04,18829.77, USD
PO06581,POL2,V080,cat10,LATAM,2024-09-09,61602.41,
PO06582,POL3,V488, CAT08,LATAM,2023-09-13,56696.09,
PO06583,POL3, V407,CAT02, LATAM,2023-08-07,7159.09, USD
PO06584,pol2, V478,cat09,NA,2024-01-22,70032.88,
PO06585,POL1,V072,CAT04 ,NA,2024-05-31,65485.35,USD
PO06586,POL2,V001,cat04,APAC,2024-05-30,85704.78,USD
PO06587, POL1,V438 ,CAT02,NA,2024-12-16,27066.4, USD
PO06588,POL1,V124 ,CAT09 ,EMEA,2023-08-13,7112.4,
PO06589, POL1,V445,CAT08 ,EMEA,2023-02-16,85427.06, USD
PO06590,POL3,V185 , CAT05,NA,2023-04-28,,USD
PO06591,POL3,V143,CAT08 , LATAM,2024-11-17,53979.04,USD
PO06592,POL3 ,V314,CAT04,EMEA,2023-04-21,51804.39,usd
PO06593,POL1, V460,CAT08 ,LATAM,2024-02-25,63656.19,
PO06594,POL3,V044,CAT09,LATAM,2023-01-08,77083.59,
PO06595,POL2,V027 ,CAT09, EMEA,2024-02-28,15213.31,
PO06596,POL3, V206,CAT04 , EMEA,2023-10-14,53052.43,usd
PO06597,pol2,V464, CAT04,emea,2023-03-27,71691.19,
PO06598,POL2, V078,cat03,latam,2024-01-29,37729.24,USD
PO06599,POL1,V168,CAT05,LATAM,2024-02-01,82793.3,usd
PO06600,POL3,v314, CAT10, APAC,2024-06-06,92597.41,usd
PO06601,POL1,V297,CAT09,APAC,2023-03-25,54787.33,usd
PO06602,POL3,v488,cat02,na,2024-11-10,26861.55,USD
PO06603,POL2,V052,cat01,EMEA ,2023-09-10,,
PO06604,POL3,v258, CAT08,EMEA,2023-12-18,64114.08,usd
PO06605,POL2, V335,CAT03,APAC,2024-05-15,37151.46,
PO06606,POL2,V076,CAT03,LATAM ,2024-11-21,58290.36,USD
PO06607,POL1,v188,CAT01, NA,2024-03-14,,usd
PO06608,POL2,v089,CAT03 ,NA,2023-09-02,48812.46,usd
PO06609,POL3,v465,CAT03,na,2023-03-15,26559.48,
PO06610,pol2, V150,CAT04,apac,2023-04-27,46379.85,
PO06611,POL1,V153, CAT09, NA,2024-08-04,68929.52,
PO06612, POL3,V351,CAT09,APAC,2024-03-26,57331.93, USD
PO06613,POL3 , V448,CAT04,NA,2024-08-26,17719.76,
PO06614,pol3, V108,CAT01 ,APAC,2023-06-24,62469.36,USD
PO06615, POL3,v436, CAT07,EMEA ,2023-05-03,56592.67,
PO06616,POL3,V091,CAT07,apac,2024-05-30,79816.97,usd
PO06617,pol1,v334, CAT05,emea,2023-09-11,85415.98,usd
PO06618,POL1,V240,CAT07,EMEA,2023-03-30,7487.44, USD
PO06619, POL3,V110,CAT07 , EMEA,2024-12-14,81799.23,
PO06620,POL2,V204,CAT10, NA,2024-02-21,5178.28, USD
PO06621,POL2,v437,CAT08 , LATAM,2023-02-08,36954.41, USD
PO06622,pol3, V022,CAT02,APAC ,2024-06-04,94022.64,usd
PO06623, POL3, V382,CAT05 ,NA ,2024-07-03,43538.75,usd
PO06624,POL3, V264, CAT06,EMEA,2024-04-22,36941.48,usd
PO06625,pol2,v484,cat10,NA ,2023-11-04,33405.17,usd
PO06626,pol1,V160,CAT04 ,na,2024-01-04,23292.62,
PO06627,POL2 ,V423, CAT10,EMEA,2023-09-05,65889.16, USD
PO06628,POL1,V454 ,CAT09, NA,2023-12-20,40302.46,
PO06629,POL3,V293,cat09,NA,2023-03-27,46950.84,
PO06630,, V222,cat02,LATAM,2024-06-19,88919.91, USD
PO06631,POL3,V131,CAT07, LATAM,2024-04-06,18480.48, USD
PO06632,POL3,V114,CAT05,APAC,2024-07-20,13300.6,usd
PO06633,POL2,V018,CAT01,EMEA,2024-03-12,78037.37,USD
PO06634,POL3 ,V032,CAT06,APAC,2023-08-08,20461.62,USD
PO06635, POL1, V051,CAT07 , EMEA,2024-06-15,48264.81, USD
PO06636,POL3, V394,cat10, APAC,2023-12-13,9039.77,usd
PO06637,pol2,V385,CAT01,NA,2024-07-02,61455.21,
PO06638,pol1,V141 ,CAT05,LATAM,2023-10-20,71410.91, USD
PO06639,POL3 ,V157,CAT02, APAC,2024-04-11,32588.97, USD
PO06640,POL1,V002 ,CAT05,APAC ,2024-04-17,35893.51, USD
PO06641,POL3,V233,CAT07 ,APAC ,2024-12-27,30120.1,USD
PO06642,POL2, V488,CAT08,NA,2023-05-23,5385.09,usd
PO06643,POL3 ,V459,cat03, LATAM,2024-11-26,49715.99,
PO06644,POL2,V392,CAT08,LATAM,2024-02-16,79299.86,
PO06645,POL1,V001,CAT05,LATAM,2024-04-08,47093.27,usd
PO06646,POL2 ,v219, CAT08,LATAM,2024-08-17,, USD
PO06647,POL1,v375,CAT06,LATAM,2023-12-20,50999.67,usd
PO06648,pol1,V383,CAT04 ,NA,2023-02-15,50065.5,USD
PO06649,POL1 ,V405,CAT07,LATAM ,2023-08-11,9767.72,usd
PO06650,POL3,V200 ,CAT04,LATAM,2023-11-25,90206.46,
PO06651, POL1,V215,CAT10,LATAM,2023-12-20,, USD
PO06652,POL2 ,V054,CAT06, APAC,2024-06-09,23186.42,
PO06653,POL2,V338,CAT09, APAC,2024-07-27,86892.98, USD
PO06654,POL1,V425,CAT04,,2024-09-27,24601.09, USD
PO06655,POL3,v466,CAT05,NA,2023-02-12,66471.39,usd
PO06656,POL3 ,V457 ,cat06,EMEA,2024-10-20,87492.99, USD
PO06657,POL2,V143,CAT07,EMEA,2023-12-12,57072.99,USD
PO06658,POL3,v214,cat06,LATAM,2023-08-12,69964.89,usd
PO06659,POL3 ,V280 ,CAT02,EMEA,2023-07-19,95149.94,USD
PO06660,POL3, V241, CAT09,NA ,2023-06-16,95782.61,usd
PO06661,POL2,V435,CAT05 ,emea,2023-11-23,91739.85,usd
PO06662,pol1,V221,CAT07,NA,2023-12-08,98452.34,USD
PO06663,POL2,V091 ,CAT07,EMEA ,2024-05-22,3145.98, USD
PO06664,POL1,V079, CAT04, EMEA,2023-12-22,82408.01,USD
PO06665,POL2,V269 ,CAT06,emea,2024-09-15,85256.06,usd
PO06666,POL3,V137,CAT10 , EMEA,2024-05-06,92798.34,
PO06667, POL3,V428,cat10,apac,2024-11-11,21030.84,usd
PO06668,POL1 ,V410,CAT04,EMEA,2023-11-16,,usd
PO06669,POL2, V352,CAT03,APAC,2024-07-13,39262.45,USD
PO06670, POL2,V316,CAT04,NA,2024-11-14,96698.82, USD
PO06671,POL2,V087,CAT02, APAC,2024-07-11,,
PO06672,POL2,V014,CAT09,na,2024-05-12,74719.93,
PO06673,pol1,V477,CAT05 ,emea,2024-02-06,45104.98,USD
PO06674,POL3,V218,cat08,emea,2024-09-07,58092.18, USD
PO06675, POL1, V130, CAT09,EMEA ,2024-03-30,8508.55,
PO06676,POL2, V477,CAT03,emea,2023-02-14,18881.09, USD
PO06677,POL1,V398,CAT09,LATAM,2023-11-10,88378.15,
PO06678,POL1,V042,CAT07 ,NA,2023-07-07,62933.76, USD
PO06679,POL1 ,V390 , CAT02,NA,2023-07-03,35100.32,usd
PO06680,POL2 , V377,cat07,LATAM,2023-02-10,46968.48, USD
PO06681,POL1,V289,CAT02,EMEA,2023-06-14,83538.42,
PO06682,POL2,V283 ,CAT08,EMEA ,2023-11-07,38294.02,usd
PO06683,POL2, V386,CAT02,NA ,2023-10-15,3644.86,usd
PO06684,POL2 ,,cat10,emea,2023-12-09,70857.29,usd
PO06685,POL1,V093,CAT05,NA ,2024-11-09,45802.23,USD
PO06686,POL2,V462 ,CAT06,na,2024-06-19,89174.29,usd
PO06687,POL1 ,V403,CAT10,LATAM,2024-09-19,78284.74,
PO06688,POL3,V261,CAT10, NA,2023-02-25,52485.42,usd
PO06689,pol2,V182,CAT10 ,,2023-06-25,85371.36,usd
PO06690,POL1,V226,cat02,latam,2023-08-14,88786.16,
PO06691,POL1,V002,CAT05,EMEA,2024-05-17,47545.88, USD
PO06692,POL2,v081,cat05, APAC,2023-02-04,51499.49,usd
PO06693,pol3,V086,CAT05 ,APAC,2024-12-25,97847.65,USD
PO06694,POL1 ,V436,CAT02,NA,2023-05-14,8975.33, USD
PO06695,POL2 ,V245,CAT03 ,na,2023-10-03,7376.54,
PO06696,POL3,V070,CAT09,NA,2023-02-01,69471.67, USD
PO06697, POL2,V033,CAT04,latam,2023-05-29,16519.19, USD
PO06698, POL3, V152,CAT09,na,2023-09-23,62328.51,USD
PO06699,POL1,V419,CAT04,APAC,2024-10-25,96968.38,USD
PO06700,POL1 ,V087,CAT05, LATAM,2023-04-26,47461.57,
PO06701,POL1,V387 ,CAT09,NA ,2024-06-04,20167.85,usd
PO06702,POL1, V308,CAT01, APAC,2024-05-09,98091.72,
PO06703, POL2,V404,CAT10 ,APAC,2024-08-10,30821.74,usd
PO06704,POL3,V118 ,, EMEA,2024-07-05,11692.88,
PO06705, POL1,V152, CAT02,NA,2024-05-10,89617.55,USD
PO06706, POL2,V430,CAT09 ,NA,2024-06-01,9503.37,usd
PO06707,POL1, V202,CAT10,NA ,2023-11-29,80409.91,
PO06708, POL3,V306 ,cat08,APAC ,2024-08-26,9907.84,usd
PO06709,pol3,V080,CAT04 ,NA ,2023-06-05,46177.33,USD
PO06710,POL2,V388,CAT01,NA ,2024-06-20,86098.49,USD
PO06711,POL2,V010,cat09,EMEA,2024-12-16,90609.77,usd
PO06712,POL3 ,V268 ,CAT01,NA,2024-12-03,15247.95,
PO06713,POL3,V421,CAT03 ,NA ,2024-02-04,99966.92, USD
PO06714, POL2,V211, CAT08,apac,2024-07-25,73849.94, USD
PO06715,POL1 ,V066,CAT06,NA,2024-03-20,26575.47,
PO06716,POL1 ,V264,CAT07, NA,2024-05-20,23408.06,
PO06717,POL1 ,V171,CAT09,EMEA,2024-12-02,84334.05,usd
PO06718,POL1,V425,CAT06,NA,2023-04-28,16425.78, USD
PO06719,POL2,V262,CAT05,NA,2023-09-18,81844.21,usd
PO06720,POL1,V055,CAT08,LATAM,2024-08-11,66616.45,usd
PO06721,POL2,V429,CAT02,APAC,2023-03-22,46777.75, USD
PO06722,POL3 ,v065,CAT07,NA,2024-03-17,45364.49, USD
PO06723,pol3,V250,CAT09 ,APAC,2024-08-22,28943.31, USD
PO06724,pol2,V315 ,CAT02,LATAM,2024-02-08,31579.23,
PO06725,POL1,V148,CAT03,apac,2024-07-24,44598.58,
PO06726, POL1,V354,CAT07,NA,2024-12-15,14522.09,
PO06727,POL2,V355,CAT04,APAC,2023-01-16,37992.32,
PO06728,POL3,V249, CAT07,LATAM,2023-04-01,28707.0,USD
PO06729,POL2, V366,cat04,APAC,2024-01-08,40130.0,
PO06730,POL2,v364,CAT05,emea,2024-11-01,84895.42,USD
PO06731,POL2,V271,CAT04,EMEA,2024-10-25,26661.04, USD
PO06732,POL2 ,V353,CAT04,APAC,2024-08-11,44070.87,USD
PO06733,POL3 ,v203,CAT09,EMEA,2024-07-23,50549.01,usd
PO06734,POL1,V387 ,CAT06,LATAM,2024-07-25,44324.66,USD
PO06735,POL1,v400,CAT07,LATAM ,2023-12-01,62982.54, USD
PO06736,POL3,V208,CAT09, LATAM,2023-04-13,24572.34,usd
PO06737, POL1,v227,CAT06,APAC,2023-01-04,13655.31,USD
PO06738,POL3,V194,CAT08,NA,2023-03-14,16605.61,
PO06739,POL1,V150,CAT01 , NA,2024-10-12,27235.24,usd
PO06740,POL3, V241,cat07,LATAM,2023-04-15,84703.63, USD
PO06741,POL1,V004,CAT10,NA,2024-06-30,26620.69, USD
PO06742, POL1,V001,CAT04, EMEA,2023-10-05,83779.07,
PO06743, POL2,V305,CAT09,APAC,2024-11-20,3042.34,
PO06744,POL1,V079,CAT06,na,2023-06-02,1150.98,USD
PO06745,POL2,V068,cat02,emea,2024-01-04,45842.91,USD
PO06746,POL1,V484 ,CAT09,NA,2024-10-06,56064.37,
PO06747,pol2,V003,CAT07, LATAM,2023-07-09,64095.67,USD
PO06748, POL2,V127,CAT08 ,NA,2024-03-10,3676.35, USD
PO06749,pol2,v206,CAT04 ,NA ,2023-10-12,81222.57,USD
PO06750,POL3,V312 ,CAT10 ,LATAM,2023-01-20,63230.2,usd
PO06751,POL3 ,V248 ,CAT04,,2023-11-19,78235.96,USD
PO06752, POL2,v068,CAT04,NA,2023-03-16,5681.42,
PO06753,pol2,V215, CAT10, LATAM,2024-05-11,23648.52,USD
PO06754,pol2,V479,CAT03,EMEA,2024-09-21,17897.28,
PO06755, POL2, V380,CAT04,APAC,2023-12-07,67655.0,USD
PO06756,POL3,V205,CAT07,APAC,2024-06-14,87074.34,USD
PO06757, POL1,V236 ,CAT06,NA,2024-07-30,2401.28,
PO06758, POL1,V428,CAT05,NA ,2023-05-19,45249.23,USD
PO06759,POL3 ,v128,CAT04,EMEA,2023-03-13,15631.8, USD
PO06760,pol2, V198,CAT04,EMEA,2024-09-16,92947.14, USD
PO06761,POL2 ,V313,cat01, NA,2023-04-14,93889.12, USD
PO06762,POL1, V118,CAT02,APAC,2024-10-08,18743.05,
PO06763,POL3,V006,CAT07,EMEA,2024-04-30,32131.48, USD
PO06764,POL1, V391,cat01, NA,2024-01-11,75121.29,
PO06765,pol3,V307,CAT02,,2024-08-15,20661.35,USD
PO06766,POL1,v358,CAT05 ,NA,2024-01-02,81447.18,USD
PO06767,POL1,V022,CAT05 ,APAC,2023-06-01,78683.85,usd
PO06768,POL3,V178,CAT07,EMEA,2023-04-21,29386.06,USD
PO06769,POL3,v413, CAT07, NA,2023-10-16,41560.97,USD
PO06770,POL2 ,V451,CAT07,LATAM,2024-02-06,64949.97,USD
PO06771,POL2 ,V443,CAT09,LATAM,2023-06-04,61852.9,usd
PO06772,POL2,V131, CAT04,NA,2023-02-22,80714.1,
PO06773,POL3,V251 , CAT03, LATAM,2024-09-14,79176.33,usd
PO06774,pol3,V234 ,CAT01, NA,2024-05-24,77819.27,
PO06775, POL3,V373, CAT03,EMEA ,2023-12-18,55109.07,
PO06776,POL3 ,V446,CAT08,APAC,2024-10-08,37041.81,usd
PO06777,POL2,,CAT09,APAC,2024-09-10,61476.1, USD
PO06778,POL3,V302,cat05,APAC,2023-04-15,23997.69,USD
PO06779,POL1,v295,CAT10,LATAM,2024-03-31,28367.97,usd
PO06780,POL1,V274 ,CAT04,APAC,2024-05-02,38412.87,usd
PO06781,pol1,v187, CAT02,APAC ,2024-02-23,77029.31,USD
PO06782,POL3,v441,CAT06,APAC ,2024-03-06,6616.26,USD
PO06783,POL3,V485,CAT10,LATAM ,2023-11-15,54834.24,usd
PO06784,POL3,V198,CAT04,LATAM,2024-12-06,89487.17, USD
PO06785,POL1,V340,CAT08 ,EMEA,2023-02-08,, USD
PO06786,POL1,v129, CAT10,EMEA,2023-02-23,63147.09,usd
PO06787,pol2,v106,CAT10,APAC,2024-03-30,69228.61,USD
PO06788,POL1,V278, CAT10,na,2023-05-14,33545.22,usd
PO06789,POL3 ,V298, CAT01,APAC,2023-02-01,79637.04,usd
PO06790,POL2,V266,CAT08 , EMEA,2023-08-03,94291.58,USD
PO06791, POL2,V151,CAT06 , LATAM,2023-06-21,42216.99, USD
PO06792,POL2,V346 ,CAT01 ,NA,2024-12-22,20359.85,
PO06793,pol1,V220 ,cat01,latam,2023-06-06,16207.11,USD
PO06794, POL3,v456,CAT05, APAC,2023-12-17,20331.94,usd
PO06795,POL3, V439,CAT02,LATAM,2024-07-05,29005.78,usd
PO06796,POL1 ,V413, CAT03,EMEA,2024-12-28,1667.77, USD
PO06797,POL2,V258,CAT07,APAC,2024-01-15,34602.47,usd
PO06798,POL1,V234,CAT05,NA,2024-04-02,50007.3,usd
PO06799,POL2,v035,CAT03,NA ,2023-06-07,9045.02,
PO06800,POL2 ,V488,CAT04,APAC,2024-12-31,72378.66,usd
PO06801,,V052,CAT01,EMEA,2024-06-28,7627.47,
PO06802,POL1,v237,CAT04,EMEA ,2023-06-10,65582.73, USD
PO06803,POL3,V127,cat04,LATAM,2024-06-10,74734.23,
PO06804,POL3,V061,CAT08,na,2023-11-24,,
PO06805,pol1,V440,cat04,latam,2024-10-31,7717.96,usd
PO06806,POL2 ,v470,CAT02,APAC,2024-09-22,47140.74,
PO06807,POL2, V478,cat05,APAC,2024-05-12,55494.79,USD
PO06808,POL2,v198,CAT02 ,na,2023-04-16,13644.19,
PO06809,POL1,V356,CAT07,emea,2023-05-25,50199.06,USD
PO06810,POL2, V035,CAT06,EMEA,2023-04-28,13388.95, USD
PO06811,POL3,V431,CAT02, APAC,2023-12-12,23442.53,usd
PO06812,POL3,v061,CAT07,LATAM,2024-04-25,5089.71, USD
PO06813,POL3,V389, CAT10,LATAM,2024-06-27,74296.03,
PO06814,POL1,V435 , CAT10,EMEA,2023-12-28,1780.76,USD
PO06815,POL2,V467 ,cat02,NA ,2024-01-16,43104.44,usd
PO06816,POL2,V296,CAT09, APAC,2023-02-22,37105.15,USD
PO06817, POL1,v033,CAT06,latam,2024-10-15,31114.83, USD
PO06818, POL3,V014 ,CAT10,NA,2023-11-09,88800.45,
PO06819,POL3,V052 ,,NA ,2024-06-24,11252.85,USD
PO06820,POL2,V347,CAT01,APAC ,2024-02-08,26465.19,
PO06821, POL2, V172,CAT10,APAC,2024-07-16,62174.88,
PO06822,POL3,V239,cat02,EMEA,2023-02-23,62550.07,
PO06823,POL1 , V362,CAT03,NA,2023-10-25,81692.34,USD
PO06824,POL3, V234,CAT03,NA,2024-09-23,38189.36,usd
PO06825,POL3,V064 ,CAT08,EMEA,2024-07-12,29259.66,usd
PO06826, POL2,v290,CAT08,EMEA,2024-04-10,52610.95, USD
PO06827,pol2,V012,CAT01,NA ,2024-12-22,83395.56, USD
PO06828,POL1 ,V223,CAT05,APAC ,2023-12-15,30744.89, USD
PO06829,POL3,V131, CAT09,APAC,2023-01-25,47451.23, USD
PO06830,POL2,V473 ,CAT05 , EMEA,2024-09-14,33323.51,USD
PO06831,pol2,V384, CAT05,APAC,2023-10-25,25632.92,usd
PO06832,POL1 ,V031 ,CAT08 ,NA,2023-05-15,71092.22,usd
PO06833,pol3,V019 ,CAT10,EMEA,2024-12-14,97477.79,
PO06834,POL3 , V211,CAT08,LATAM,2023-04-21,7756.58,usd
PO06835,POL1,V397,cat05,na,2024-01-30,82714.38,usd
PO06836,POL3 ,V027 ,CAT01,LATAM,2024-12-09,69484.24,
PO06837,POL3,v497,CAT03,emea,2024-08-15,94244.73,usd
PO06838,POL2,v394,CAT04,LATAM ,2023-06-27,82910.64,usd
PO06839, POL2,V082,CAT02,NA,2023-03-15,42056.31,USD
PO06840,POL1,V380,CAT10, NA,2024-04-11,91269.02,USD
PO06841, POL2,V288 ,CAT05,NA,2024-04-28,,USD
PO06842, POL3, V384,CAT10,EMEA,2024-01-30,30704.58, USD
PO06843,POL2,V233, CAT03, EMEA,2024-04-08,1573.84,usd
PO06844, POL1,V137,CAT05,EMEA,2024-09-09,76462.93,
PO06845,POL2,V365,CAT03 ,LATAM ,2024-03-26,78140.41,usd
PO06846,POL1,V380,CAT03 , LATAM,2024-05-17,67011.03,
PO06847,pol3,V192, CAT10,apac,2023-03-27,78423.09,usd
PO06848,POL2,v329,cat02,LATAM,2024-05-10,80082.24,USD
PO06849,pol1,v354,CAT03,APAC,2023-12-03,59926.72, USD
PO06850,POL3,V209 ,CAT05,APAC ,2024-09-08,6774.11,usd
PO06851,POL2 ,V142 ,CAT09,EMEA,2023-08-31,93090.22,usd
PO06852,pol1,v261,CAT08,EMEA ,2023-02-03,72189.12,usd
PO06853,POL2,V429,CAT09,APAC,2024-11-23,91748.26,USD
PO06854,POL3,V496,CAT08,APAC,2023-01-29,95069.81, USD
PO06855,POL1,V248, CAT09,NA,2024-01-27,73600.76,
PO06856,POL3 , V430, CAT10,APAC,2023-05-04,48974.23,
PO06857,POL3 ,V499,CAT01,EMEA,2024-10-13,83637.82,
PO06858,POL3,V074,CAT10,APAC,2024-04-11,76328.75,usd
PO06859,POL2 ,v303,CAT09,EMEA,2024-05-24,53994.9,USD
PO06860,POL1,v355,CAT02 ,EMEA,2024-07-03,70580.96,USD
PO06861,POL1, V062,CAT02,NA,2024-10-23,52507.67,usd
PO06862,pol3,V366, CAT09,LATAM,2024-09-16,35696.03,
PO06863, POL1,V326 ,CAT06,NA,2023-10-15,42224.28, USD
PO06864,pol2,V476,cat03,EMEA,2023-11-10,67107.69,
PO06865,POL1, V132,cat06, EMEA,2023-09-19,55406.76, USD
PO06866,POL1 ,V180,CAT07,NA,2024-01-13,16607.84, USD
PO06867,POL3,V031,CAT06 ,APAC,2023-03-31,3198.57,USD
PO06868, POL3,v103,CAT03,LATAM ,2024-11-09,5344.22,USD
PO06869, POL3,v350,CAT09,EMEA,2024-10-21,64074.11,
PO06870,POL1,v239,cat05,EMEA,2024-05-08,60903.76,usd
PO06871,pol1,v398,CAT01 ,LATAM,2023-02-07,52856.83,usd
PO06872,POL2,v057,CAT07 , APAC,2023-08-13,83659.84,
PO06873,POL3,V295,CAT01,APAC,2023-03-04,92931.51,
PO06874,POL3,v353,CAT10,LATAM,2023-07-27,35824.23, USD
PO06875,POL1,V221 ,CAT02,NA ,2024-02-04,22106.55,USD
PO06876,POL2,V005,CAT05,apac,2024-06-06,57491.76,USD
PO06877,POL2,V390,CAT05,APAC,2024-05-12,37111.8,USD
PO06878,POL2 ,V235,CAT01,na,2023-08-17,87947.88,USD
PO06879, POL1,V312,CAT08,LATAM,2023-09-08,18151.48,
PO06880,pol2,V151, CAT08, LATAM,2024-09-02,54541.83,USD
PO06881,POL1,V323, CAT07,APAC ,2023-03-19,66083.53,usd
PO06882, POL2, V209,CAT09 ,APAC,2023-04-20,4424.88,
PO06883,pol1,V478,CAT02,EMEA,2023-12-07,45241.79,USD
PO06884,POL3, V453,CAT04,EMEA,2024-07-22,64175.58,
PO06885,POL1, V378,CAT01,NA,2023-09-16,,USD
PO06886,POL2,V487,cat02,LATAM ,2023-07-28,24141.51,
PO06887, POL1,V119 , CAT08,APAC,2024-12-27,25160.1,usd
PO06888,POL3,v262,CAT04 ,LATAM,2023-02-14,52645.18,USD
PO06889, POL1, V140,CAT09 ,EMEA,2023-04-27,99011.57, USD
PO06890,POL3,V172,cat01,APAC ,2023-08-25,71552.66,USD
PO06891,POL3,v145,CAT05, EMEA,2023-03-06,23109.68,USD
PO06892, POL1,V457,CAT06,APAC,2023-09-07,34072.53, USD
PO06893,pol2,v023,CAT09,emea,2023-10-14,75867.28,
PO06894,POL2 ,V318,CAT09,EMEA,2024-07-20,36203.49,USD
PO06895,POL1,V465,CAT07 ,LATAM,2024-05-03,30105.73,
PO06896,POL3,V408,CAT02 ,LATAM,2023-10-20,8233.98,usd
PO06897,POL2,v340,CAT04 , LATAM,2023-07-04,94928.4,
PO06898,POL3,V467 ,CAT04 ,LATAM,2023-05-14,89354.86,USD
PO06899,pol1,V016,CAT10, EMEA,2024-05-19,93007.21, USD
PO06900,POL1,V242,CAT09,EMEA ,2023-10-06,13540.51, USD
PO06901,POL1 ,V070,CAT05, EMEA,2024-08-20,65161.7,
PO06902, POL1,V345,CAT06 ,na,2024-09-14,51702.05,usd
PO06903,POL1,v365,CAT07, LATAM,2023-08-09,90764.25,USD
PO06904,POL1 ,V223 , CAT04,EMEA,2023-12-02,68805.54, USD
PO06905,POL2,V147 ,CAT01, NA,2023-05-29,75624.5,USD
PO06906,POL2, V120,CAT04,APAC,2023-11-05,86254.31,usd
PO06907,POL1,V143,CAT06, NA,2024-12-21,18367.33,
PO06908,POL2,v059,CAT09,EMEA ,2023-04-30,10063.24, USD
PO06909,POL3,V290 , CAT09,APAC ,2023-10-25,19898.02,usd
PO06910,POL1 ,V115,,APAC ,2023-08-22,25223.48, USD
PO06911,POL1,V382, CAT07,APAC,2024-08-26,94552.62,
PO06912,pol1,V239,CAT06, LATAM,2024-06-20,3265.18,USD
PO06913,POL3,V188,CAT01,APAC,2023-10-05,47265.31, USD
PO06914, POL3,V123,CAT10,APAC,2023-01-20,91867.59,usd
PO06915,pol2,v017,CAT10,LATAM,2023-04-30,75440.03,USD
PO06916,POL1, V115,cat05,NA,2023-01-26,53370.71, USD
PO06917,POL3,v194,CAT04,EMEA,2023-11-09,48456.28,USD
PO06918,POL2,V439,CAT03, APAC,2024-11-22,70150.52, USD
PO06919, POL3,V287 ,CAT10, EMEA,2024-07-26,92805.41, USD
PO06920,pol1, V171,CAT09,latam,2024-06-17,40498.41, USD
PO06921, POL2,V210,CAT06,apac,2023-01-11,25866.94,
PO06922,,V016,CAT09,na,2024-04-08,48976.54,
PO06923, POL3,v179, CAT01,apac,2023-11-09,16775.83,
PO06924,POL1, V005,CAT01,APAC,2023-10-03,4566.68,usd
PO06925,POL3,V319,CAT06,APAC,2024-06-26,21876.0, USD
PO06926,pol1,v288,CAT05,EMEA,2024-05-27,9204.3,USD
PO06927,POL3,V456 , CAT10,na,2023-02-26,57036.78,
PO06928,pol2, V048,CAT08,LATAM,2023-04-25,74520.62,
PO06929,pol1,V176,CAT04, APAC,2024-09-18,23678.99,USD
PO06930, POL2,V299,CAT05, APAC,2023-07-03,46507.73,usd
PO06931, POL1,V280,CAT09 ,LATAM,2024-04-16,41408.56,USD
PO06932,POL1 ,V089 ,cat10,APAC,2024-03-08,63679.2,usd
PO06933,POL1, V288,CAT02,latam,2023-08-26,11059.5,
PO06934,POL2,V448 ,CAT02,APAC ,2024-04-05,9761.09,usd
PO06935,pol3,v221,CAT08,EMEA,2024-12-25,22407.09,
PO06936,POL3,V332,CAT04,emea,2024-10-06,21711.52,USD
PO06937,POL2,V178,CAT08,EMEA,2024-05-29,13878.59,USD
PO06938,POL2,V248,CAT02,APAC,2024-02-05,87979.53,
PO06939,POL2 ,V447,CAT07,LATAM,2023-06-26,91474.87,
PO06940,POL3,V488,CAT01,NA,2024-07-20,28104.53, USD
PO06941,pol2,V300,CAT04,APAC ,2024-12-29,65554.54,USD
PO06942,POL1, V129,CAT08 ,EMEA,2023-06-10,82775.32,
PO06943, POL1, V035,cat10,apac,2023-11-21,95357.68,
PO06944, POL1,V233 ,CAT04 ,LATAM ,2023-01-30,1736.02,USD
PO06945,POL3,V392,CAT06,APAC,2024-10-12,43500.07,usd
PO06946,pol1,V445,CAT04, APAC,2024-09-17,68023.1, USD
PO06947,pol1,V011,CAT08 ,NA,2024-10-04,51484.48,USD
PO06948,POL1, V253,CAT04 , NA,2024-09-20,37328.35,USD
PO06949,POL2,V058 ,CAT03,EMEA,2023-11-02,7920.18,USD
PO06950,POL2,v214,CAT09,emea,2023-05-21,31891.29,USD
PO06951,POL1,V142, CAT03,NA ,2023-10-05,35264.7,
PO06952,POL3,V164,CAT05,APAC,2024-11-28,,USD
PO06953,POL1,V412,CAT01 ,EMEA,2023-03-13,70851.66, USD
PO06954, POL2,V172,CAT10,NA,2023-11-10,69761.47, USD
PO06955, POL2,V073,CAT06,APAC,2023-12-30,53850.62,
PO06956,POL1 ,V405,CAT09,na,2023-07-06,59829.8,
PO06957, POL1,V231,CAT01,APAC ,2024-08-20,39266.55,
PO06958,POL1,V262,CAT08 ,LATAM,2024-08-06,40275.4,
PO06959, POL1,V055,CAT01,na,2024-08-25,73188.55, USD
PO06960,POL3,V056,CAT10,EMEA,2024-11-27,36141.52, USD
PO06961,POL1,V227,CAT08,EMEA,2024-10-04,12101.24,usd
PO06962,POL3 ,V275, CAT05, LATAM,2024-08-20,90870.48,USD
PO06963,pol2,V431,CAT06, LATAM,2023-03-27,72202.0,USD
PO06964,pol2,V129, CAT01, NA,2023-09-18,25664.97, USD
PO06965,POL3,V405,CAT07,APAC ,2023-07-12,41682.95, USD
PO06966,POL1,V342,CAT05,apac,2023-01-08,88952.71,
PO06967, POL2,V332,CAT09 , EMEA,2023-03-03,46516.95,
PO06968,POL1, V452, CAT02,APAC,2023-10-03,,
PO06969,POL3,V458,cat05,apac,2024-10-31,68702.54,usd
PO06970,POL2,V250, CAT08,NA,2023-02-01,51099.44,USD
PO06971,POL3 ,V128,cat08,APAC,2024-02-22,99012.9,USD
PO06972,POL3,V267 ,CAT10,LATAM ,2023-07-12,45194.94,USD
PO06973,POL2,V264,CAT04,LATAM,2024-06-18,24693.72,USD
PO06974,POL1,V312 ,CAT03 ,APAC,2024-07-13,17612.89,
PO06975,POL3,V437,CAT02,apac,2024-03-02,80648.81,usd
PO06976,POL3,V022 ,cat06,LATAM,2024-10-31,70383.52,USD
PO06977,POL1,V009 ,CAT01, APAC,2024-08-27,44000.56,
PO06978,POL2,V365 , CAT06,NA ,2024-12-05,34860.56, USD
PO06979,POL2,V018, CAT04, APAC,2024-06-01,57012.95,USD
PO06980,POL3 ,V058,CAT05, EMEA,2023-11-12,77880.95,
PO06981,POL2,V174,CAT02,APAC ,2024-03-27,94263.34,USD
PO06982, POL3,V114,CAT09,NA,2023-11-25,4196.78,usd
PO06983,POL1,V266,CAT03,NA,2024-08-12,, USD
PO06984,POL1 ,V222, CAT08,latam,2023-12-17,98088.98,
PO06985,POL2, V303, CAT04, LATAM,2023-03-31,83004.32, USD
PO06986,pol3, V493,CAT02, LATAM,2024-06-08,54741.87,USD
PO06987,POL3,V036,CAT01, EMEA,2024-02-08,6083.73, USD
PO06988,POL3,v213,CAT04,EMEA,2023-12-14,62736.98, USD
PO06989,POL2,V012,CAT09, EMEA,2024-01-23,34694.34,usd
PO06990,pol3,V039 ,CAT01,LATAM,2023-04-23,78186.23,USD
PO06991,pol2,v464,CAT02 ,NA ,2023-09-16,44110.71, USD
PO06992,POL3,V425 ,CAT01 ,NA,2023-01-23,68149.63,USD
PO06993,POL3, V074,CAT10,emea,2023-07-13,56581.93,
PO06994,POL1,V362,CAT07, LATAM,2023-12-01,25069.56, USD
PO06995, POL3,V178,CAT07 ,APAC,2023-10-06,5670.29,
PO06996,POL2 , V098,CAT09,LATAM,2024-10-27,85505.89, USD
PO06997,pol3,V027,CAT05,na,2023-09-27,39585.07,USD
PO06998,POL2,V137,CAT06 ,APAC ,2023-01-26,97111.32,
PO06999, POL3,V287 ,CAT08 ,latam,2024-02-19,42381.27,
PO07000,pol3,V300, CAT01,EMEA,2023-01-29,85119.99,usd
PO07001, POL2,V165,CAT04,NA,2023-01-22,55307.77,USD
PO07002,POL1,V089,cat09,emea,2023-12-11,41302.92,
PO07003, POL1, V297,cat02,NA ,2023-08-06,28804.36,usd
PO07004,pol1,V115,CAT02 ,LATAM,2023-07-08,1011.71,USD
PO07005, POL3,V133 ,CAT09,EMEA,2024-01-01,55623.76,
PO07006,POL1 ,V214 ,CAT01,LATAM ,2024-07-24,92531.51,usd
PO07007,POL1,V254,CAT03, EMEA,2024-08-28,26885.61,
PO07008,POL1,v062,CAT05 ,LATAM,2024-04-26,31437.28, USD
PO07009,pol1,V182,CAT06,APAC ,2023-10-31,56267.03,usd
PO07010,POL1,V471,CAT05,apac,2024-07-03,95588.25,usd
PO07011,pol3,V109,CAT07,LATAM,2024-02-14,79390.92,usd
PO07012,POL1,V320,CAT09,EMEA,2024-09-30,77177.39,usd
PO07013,POL1,V156, CAT04,EMEA ,2024-05-20,26843.09,USD
PO07014,POL3,v292,CAT04,LATAM ,2023-03-12,,USD
PO07015,POL1,v149,cat03, LATAM,2023-06-15,60031.44, USD
PO07016,POL2,V139,CAT01 ,APAC,2023-03-16,48864.24, USD
PO07017,POL3,V198, CAT04,NA,2023-01-08,85904.16,usd
PO07018,POL1,V362 ,CAT08 ,apac,2024-03-03,87671.99,
PO07019,POL3, V098,CAT01 ,NA,2024-09-30,66960.75, USD
PO07020,pol1, V394,CAT06,NA,2024-06-25,75723.13, USD
PO07021,POL1, V012,CAT03,APAC,2023-08-04,60966.07,USD
PO07022,POL3,V139,CAT01,NA,2024-01-13,89037.25,usd
PO07023,POL3,V470 ,CAT04,na,2024-04-21,3340.13, USD
PO07024,pol3,v049,CAT02,APAC,2024-04-08,, USD
PO07025,POL1,V051,CAT05, EMEA,2023-09-08,37669.18,usd
PO07026,POL2,V444,CAT01,EMEA,2024-08-25,29774.56,
PO07027,POL1,V430 ,CAT02,emea,2024-03-24,92719.21, USD
PO07028,POL3 ,V251, CAT09, LATAM,2024-07-22,36608.29, USD
PO07029,POL2,V204,CAT08,EMEA,2023-08-04,68344.58, USD
PO07030,POL1,V007,CAT05,EMEA,2024-10-05,61961.6,USD
PO07031,POL3, V259,CAT10, EMEA,2023-09-23,12074.57,usd
PO07032,POL1,V160,CAT05,emea,2023-03-28,54278.29, USD
PO07033, POL1,V266 ,CAT09,LATAM,2023-07-10,23621.29,
PO07034,POL2,V325 ,CAT02,LATAM ,2024-10-08,20151.57, USD
PO07035,POL3 ,V431,CAT03,LATAM,2024-03-31,,usd
PO07036,POL1,V243 ,CAT07,EMEA,2023-02-23,86777.85,USD
PO07037,POL3 ,V290,CAT05,NA,2024-06-16,37124.7,usd
PO07038,POL2,V064,CAT04 ,NA,2024-10-06,45012.88,USD
PO07039,POL3 ,V222 ,CAT08, EMEA,2023-09-06,97386.69,usd
PO07040, POL1, V196, CAT04,EMEA,2023-10-27,17725.02,
PO07041,POL3,V190,CAT06,APAC,2023-12-29,72916.72, USD
PO07042,POL3 ,v213,CAT07,APAC ,2024-05-03,53516.22, USD
PO07043, POL1, V224,CAT09 ,APAC,2023-08-06,6615.54,
PO07044,POL2, V123,CAT02,apac,2023-01-08,47669.44,
PO07045,POL2,v043,cat06,APAC ,2024-04-03,87178.15,USD
PO07046,POL3 ,V175 ,CAT02,NA,2023-04-16,61578.63,USD
PO07047,POL3 ,V063,CAT08, NA,2023-04-17,15046.38,USD
PO07048, POL2,V379,CAT03, LATAM,2023-03-01,11469.33,USD
PO07049,POL3,V177,cat04,latam,2023-06-10,60455.92, USD
PO07050,POL3,V241,CAT07,LATAM,2023-12-02,16516.84,
PO07051, POL3,V384,CAT06,LATAM ,2024-12-17,93310.43, USD
PO07052,POL3,V083,CAT05,APAC,2023-05-29,49758.37,
PO07053, POL3,V476, CAT09,NA ,2024-11-19,33352.75,usd
PO07054,pol3,V069,CAT08, LATAM,2024-09-04,78866.22,USD
PO07055,POL3 ,v046,cat08,apac,2024-02-04,86197.86,usd
PO07056,pol1,V042,CAT06,EMEA,2023-12-18,53965.45,USD
PO07057,POL1 ,V216 ,CAT10 ,na,2024-04-05,32089.57,
PO07058,pol3,V186,CAT01,na,2024-11-17,90316.27, USD
PO07059, POL2,V069,cat04,NA,2023-08-13,74668.59, USD
PO07060,POL2 ,V389 ,CAT04, LATAM,2024-07-28,95286.29,USD
PO07061,pol3,V233 , CAT04,APAC,2024-04-03,, USD
PO07062, POL2,V342,CAT08,apac,2023-08-27,41132.2,
PO07063,POL2,V451 ,CAT05,LATAM,2024-11-21,81672.51,usd
PO07064, POL1,V357,CAT08, NA,2023-07-20,30846.64,usd
PO07065,POL3, V016,CAT01 ,LATAM,2023-11-01,13588.49,usd
PO07066,POL3,V487,CAT09,emea,2023-03-16,75798.08,USD
PO07067,POL3,v064,CAT05,APAC,2024-04-04,91005.89,
PO07068,POL1,v430,cat09,na,2024-12-01,33875.45, USD
PO07069,POL3,V495,CAT04,NA,2023-06-09,57060.07,usd
PO07070,POL2,v327,CAT01 ,APAC,2024-12-30,75917.1,USD
PO07071,pol2,V217,cat06,LATAM,2023-01-10,,USD
PO07072,POL1,V132,CAT05, LATAM,2023-12-28,74324.66,USD
PO07073, POL2,V325,cat05,NA,2023-02-10,1379.09, USD
PO07074,pol1,V365,CAT07 ,APAC,2023-09-18,60729.21,USD
PO07075, POL1,V339 ,CAT03,EMEA,2024-01-25,55141.43,
PO07076, POL3,V001,CAT09,APAC,2024-01-09,6084.3,
PO07077,POL2,v129,CAT03,APAC,2024-03-29,,
PO07078, POL3,v434,CAT10 , APAC,2024-07-13,73533.54,
PO07079, POL1,V010,CAT01,EMEA,2023-10-07,85358.83,USD
PO07080,POL3,V280,CAT10,LATAM ,2024-01-31,24549.36, USD
PO07081,POL2,V244,CAT07,EMEA,2024-02-06,57089.82,usd
PO07082,POL1 , V178,CAT10 ,emea,2024-01-23,72965.35,
PO07083,POL3,V444 ,CAT04,APAC,2023-05-28,25038.91, USD
PO07084,pol2, V073, CAT06,EMEA,2024-03-27,82920.82,
PO07085,POL2,V303,CAT02 , LATAM,2023-04-16,6060.38,USD
PO07086,POL3, V067,cat03,NA,2023-07-29,46016.44, USD
PO07087,POL2,v185,cat03,LATAM,2023-03-07,38308.7,
PO07088,POL1 , V245,CAT02, EMEA,2023-05-19,77500.64,USD
PO07089, POL3,V234 , CAT10,LATAM,2024-12-19,30320.71,
PO07090, POL2,V229,CAT07,LATAM,2023-10-16,41338.13,
PO07091,POL3,V085,CAT02, LATAM,2023-02-18,14641.97, USD
PO07092,POL1,V412 ,cat10,NA,2023-04-21,24914.48,USD
PO07093,POL2 ,V096 ,CAT08,LATAM,2023-08-23,87572.73,USD
PO07094,POL2,V270,CAT03,APAC ,2023-07-07,84810.35,usd
PO07095,POL3, V117,cat08, NA,2024-02-11,8804.61,USD
PO07096, POL2,V272,CAT06,LATAM,2023-12-19,19201.15,
PO07097,POL2,V203,cat02,NA ,2023-09-09,63430.01, USD
PO07098,pol2,V251,CAT08,NA,2024-04-01,82104.57,usd
PO07099,POL3 ,V448, CAT05,NA,2023-08-30,6388.02,usd
PO07100, POL1,V402,cat08,LATAM,2023-08-20,99646.68,
PO07101, POL2,v408,cat10,NA,2024-08-01,81781.87, USD
PO07102,POL2,V170,cat10,NA ,2024-04-05,80229.49, USD
PO07103,pol3,V355, CAT03,APAC,2024-07-01,, USD
PO07104,POL3 ,V287,cat05,NA,2024-01-12,62466.57,
PO07105, POL3,V258 , CAT01,APAC,2023-02-22,9086.31,usd
PO07106,POL1,V229,cat01, LATAM,2023-09-12,8993.31, USD
PO07107,pol3,V451, CAT10,LATAM,2024-03-25,10574.71, USD
PO07108,POL3, V488,CAT04,NA,2024-01-06,1515.02,usd
PO07109,POL2 ,V350,CAT09, NA,2023-07-04,50809.81,usd
PO07110,POL2,V175,CAT08, LATAM,2023-09-05,73526.61,
PO07111,POL3,V328 ,CAT04 ,latam,2023-09-07,39284.25, USD
PO07112,POL3,V159, CAT07,LATAM ,2023-12-24,69813.75,USD
PO07113,POL1,V215,cat02, APAC,2024-01-16,24209.33,
PO07114,POL3,V331 ,CAT09, LATAM,2024-11-02,14123.15,usd
PO07115, POL2,v211,CAT07, NA,2023-09-26,54142.55,USD
PO07116,POL1,V331,cat10, APAC,2024-10-01,92687.21, USD
PO07117,POL2 ,V407,CAT04,NA,2024-09-16,18030.3, USD
PO07118,pol1,v292,CAT02 ,LATAM ,2024-11-06,12056.4,USD
PO07119,POL3,V111,CAT10 ,APAC,2023-07-08,99547.34,
PO07120, POL1, V471,cat05,LATAM ,2023-02-12,43168.05,
PO07121,POL1,V446,CAT09, APAC,2024-06-09,51152.61,usd
PO07122,POL2,V368,cat01,LATAM,2024-01-25,3831.1, USD
PO07123, POL3,V168,cat10,APAC,2024-04-19,72099.63, USD
PO07124,POL2,V070, CAT10,LATAM,2024-12-26,81740.25, USD
PO07125,pol1,V059 ,CAT07,NA ,2023-12-02,25285.93,usd
PO07126,POL3, V384,cat02, LATAM,2023-02-05,87512.37, USD
PO07127,POL2,V488,CAT03,NA,2023-05-01,41080.46,usd
PO07128,POL1,V027 ,CAT10,LATAM,2024-09-13,49899.57, USD
PO07129, POL3,v236, CAT08,EMEA ,2023-09-02,17118.89,
PO07130,POL3,v293,cat10, APAC,2023-07-20,37576.02,USD
PO07131,POL1,V346,cat04,LATAM,2024-10-15,9238.64,USD
PO07132,POL3 ,V299,cat08,EMEA,2023-11-07,71397.87,usd
PO07133,POL1,V181,cat04,NA,2023-11-08,73795.81,
PO07134,POL2,v484, CAT04,LATAM,2023-08-09,86949.52,USD
PO07135,POL3,V348,CAT08,apac,2024-11-19,36152.42,
PO07136,POL1 ,V363,cat01,APAC ,2024-03-16,,usd
PO07137,POL3,V324,CAT06 ,APAC,2024-01-15,55164.25,
PO07138,pol1,V407,CAT01 , APAC,2024-12-07,62945.67, USD
PO07139,POL2,V282,CAT02,apac,2024-07-30,86459.98,USD
PO07140,POL2,V012,CAT04,na,2023-04-25,99783.64,
PO07141, POL1,V381,cat01, NA,2023-11-29,39136.44, USD
PO07142,POL1 ,v419,CAT06,APAC,2023-08-14,89188.72,USD
PO07143,POL2, V306,CAT09,APAC,2023-06-10,33974.04,
PO07144,POL2,v164,cat08,na,2024-05-23,90805.96,usd
PO07145,POL1,V166,CAT08,NA,2024-03-07,58466.41, USD
PO07146,POL1,V130,CAT09,apac,2023-07-28,54253.93,usd
PO07147,POL2,V387,CAT07,NA,2024-10-09,54238.0,usd
PO07148, POL2,V359,CAT03,NA,2024-09-22,50484.83,usd
PO07149,POL2,V324,CAT02 , EMEA,2023-11-25,69593.31,
PO07150,POL3,V412,CAT01,,2024-03-23,8220.06, USD
PO07151,POL2,V005 ,CAT01,NA ,2024-11-30,77267.95,USD
PO07152,POL1,V324, CAT01,LATAM,2024-06-12,81955.72,usd
PO07153,pol1, V356,cat05,LATAM,2023-12-26,99468.51,USD
PO07154,POL3, V140,CAT07,EMEA,2023-03-21,66990.78,USD
PO07155,POL3,V248,cat07,NA,2023-10-07,41672.16,
PO07156,POL1 ,V151,cat06,na,2024-10-28,72125.42,
PO07157, POL1,v355,CAT07,apac,2023-05-18,55296.14, USD
PO07158,pol2,V217,cat07,APAC,2023-08-07,89268.43,usd
PO07159,POL1,V066, CAT01,NA,2024-05-09,30190.51,
PO07160,POL3,V265, CAT09, APAC,2023-02-24,44747.61, USD
PO07161,POL3,V487, CAT04,LATAM,2023-10-10,75868.76,
PO07162,POL3,v234,CAT04,APAC,2024-05-30,15364.43,
PO07163,POL3,V080,CAT09, NA,2023-12-14,29746.52,
PO07164, POL2,V093, CAT10,na,2024-01-14,3124.29,usd
PO07165,POL2,V466,CAT07, EMEA,2023-04-14,22046.86,USD
PO07166,POL1 , V483,CAT08 , EMEA,2023-07-15,24329.83, USD
PO07167,POL1 ,V484 ,cat10,NA,2023-04-16,14999.54,
PO07168,POL3,v346,CAT08 ,NA,2023-08-16,51067.66,usd
PO07169,POL2,V255 ,CAT03,NA,2024-06-25,22607.17,usd
PO07170, POL3,V463,CAT06 ,NA,2023-09-20,79939.8, USD
PO07171,POL2 ,V067,CAT01,latam,2023-08-15,56426.29,USD
PO07172,POL3,V394,,NA,2024-12-26,68781.04,usd
PO07173, POL1, V247, CAT06,APAC,2024-02-23,29821.92,USD
PO07174,POL3,V341 , CAT01,LATAM,2024-01-25,63996.38,USD
PO07175,POL2,v363,CAT07,LATAM,2023-03-17,80905.62,usd
PO07176,pol2,V307,CAT07,APAC ,2023-03-19,4121.84,USD
PO07177,POL3,V241,cat03,latam,2023-07-19,43430.07, USD
PO07178,pol1,V323,CAT08,APAC,2024-01-04,30541.53,USD
PO07179,POL1,V094,CAT05,APAC,2024-12-08,34949.9, USD
PO07180,POL3,V490,CAT09, LATAM,2024-06-05,36182.63,USD
PO07181,POL3,V482,CAT07,LATAM,2024-12-30,7042.9, USD
PO07182, POL1,,CAT08,NA,2024-10-07,88746.14,
PO07183,POL3,v136,CAT02, LATAM,2024-07-11,73590.21, USD
PO07184,pol3,v455,cat01,NA,2024-07-18,74337.57,usd
PO07185,POL2,V310,cat10,LATAM,2023-10-08,44359.87,USD
PO07186,pol1, V343,CAT07, APAC,2024-01-02,88719.98,USD
PO07187,POL2,V407,CAT01, EMEA,2024-05-20,11827.09,USD
PO07188,POL2,V047, CAT01, APAC,2024-04-22,29932.08,
PO07189,POL1,V480, CAT07, LATAM,2024-11-05,69478.62,usd
PO07190,POL1,v118, CAT04,EMEA,2024-11-19,23441.23,usd
PO07191,POL1, V257, CAT04,,2023-11-24,32521.85,usd
PO07192,POL3 ,V401,CAT03 ,APAC,2023-01-26,51650.7,USD
PO07193,POL2,V112,CAT02 ,NA,2023-06-19,37660.66,USD
PO07194,POL1,V101,cat06,LATAM ,2024-10-06,12647.94,usd
PO07195,POL2 ,V470,CAT03,APAC ,2024-08-31,11303.85,
PO07196, POL1,V074 ,CAT03,LATAM ,2024-04-09,33739.26,
PO07197, POL1,V273,CAT03, LATAM,2023-12-26,97242.0,
PO07198,POL1, V456,CAT01,LATAM,2024-11-15,57596.35,USD
PO07199,POL2,v164,CAT02, NA,2024-09-22,52805.74,usd
PO07200,POL2,V497,CAT07 ,EMEA ,2024-09-30,32928.87,usd
PO07201,POL2,v383,CAT03 , LATAM,2024-07-12,95072.42, USD
PO07202,POL2, V091,cat02,APAC,2024-09-08,42825.77,usd
PO07203,,V335,CAT06,na,2023-01-08,84513.96,USD
PO07204,POL2 ,V237 ,CAT09 ,APAC,2023-03-05,5929.54, USD
PO07205,POL1,V486,CAT10,APAC,2023-03-20,78377.01,
PO07206,POL1,V348, CAT10,EMEA,2023-04-27,43986.15, USD
PO07207, POL2,V094,CAT07,na,2023-03-17,17103.66, USD
PO07208,POL1,V134,cat08,EMEA,2024-07-03,69157.32, USD
PO07209,POL1 ,V404,CAT03,EMEA,2023-04-16,31751.6,USD
PO07210,POL1, V208,CAT04,APAC,2024-08-08,54471.2,USD
PO07211, POL2,v055,CAT05,NA,2023-12-09,38855.9,usd
PO07212,POL1,v091,CAT01 , LATAM,2023-01-30,12191.79, USD
PO07213,POL3 ,V171 ,CAT04,APAC,2024-01-06,34915.54,usd
PO07214, POL1,V131,CAT09,LATAM,2023-06-25,25537.3,
PO07215,POL3,V391 ,cat10,APAC,2024-07-08,96680.98,USD
PO07216, POL3,V033,CAT01,LATAM,2023-12-10,21182.45,
PO07217,POL3,v173,CAT01,APAC,2024-07-26,74386.43,USD
PO07218, POL2,V112,CAT09, NA,2024-08-24,56600.06,
PO07219,POL1,v334,CAT03,emea,2023-08-23,45967.87,
PO07220,POL3,V075,CAT08 ,EMEA,2023-02-14,26652.04,USD
PO07221,POL1 ,V406 ,cat05,NA,2024-07-01,32431.32,usd
PO07222,POL1,V348 , CAT02,NA,2023-06-09,64169.08,USD
PO07223,pol2,v029,CAT07,LATAM,2023-04-14,37192.37,usd
PO07224,POL2,V446,cat10,LATAM,2023-01-12,5152.18,USD
PO07225,pol3,V365,cat09,NA,2024-03-24,27470.66, USD
PO07226,POL3,V447,CAT09,LATAM,2024-08-12,72971.72,usd
PO07227,POL1,V056, CAT04,NA,2023-03-13,63227.66,
PO07228, POL3,V335,cat08,apac,2024-12-01,79749.57,
PO07229,POL2,V457,CAT10 ,LATAM ,2023-02-11,38874.45,usd
PO07230,POL1,v478,CAT04,EMEA,2024-06-02,12849.76,usd
PO07231,POL1 ,V384,CAT08,APAC,2024-05-04,62096.22, USD
PO07232,POL2,v324,CAT09,APAC ,2024-05-20,7578.69,
PO07233,POL1,v187,CAT06,LATAM,2024-08-24,6317.33,usd
PO07234,POL3, V473,CAT05,APAC,2024-07-20,9142.81,usd
PO07235, POL1,V392 ,CAT10,APAC,2023-02-13,34608.14,
PO07236,POL3,v298,cat04,LATAM,2024-07-27,79673.65,usd
PO07237,POL1,V226,CAT08, EMEA,2024-05-26,57956.04, USD
PO07238,pol1,V032 ,CAT01 ,EMEA,2023-11-01,69794.35,usd
PO07239, POL2,V265,CAT02,APAC,2023-12-11,65059.47,
PO07240,POL1,V395,CAT04, NA,2024-02-22,10876.92,
PO07241,POL3,V094,CAT07,NA,2023-09-07,37882.02,
PO07242, POL2,V197,CAT10,na,2023-10-09,59714.67, USD
PO07243,POL2,V477 ,CAT05, APAC,2024-04-25,94132.04,USD
PO07244,POL1,V361, CAT05,EMEA,2024-10-08,64395.0,usd
PO07245, POL3,V482,CAT03,LATAM,2024-10-14,41283.84,USD
PO07246, POL3, V337,CAT09 ,NA ,2023-09-02,68823.68, USD
PO07247,pol2,V112,CAT09,apac,2024-03-31,83020.35,USD
PO07248,POL3 , V054,CAT04 ,LATAM,2023-06-21,86933.85,USD
PO07249,pol2, V201,CAT09,emea,2024-07-18,33784.18,usd
PO07250,POL2 ,v242,CAT10,APAC,2023-09-03,14501.25,USD
PO07251,POL1, V011,CAT03, LATAM,2023-03-04,33677.68,USD
PO07252,POL2,V223,CAT05 ,LATAM,2023-02-07,5394.09,
PO07253,POL3 ,V275 ,CAT07,NA ,2024-08-09,85567.16,
PO07254,POL2,V256,CAT08,latam,2023-08-04,56918.8,
PO07255,POL3,V070,CAT06,latam,2023-02-08,28438.83,usd
PO07256,POL1,V270,cat05,EMEA ,2024-03-05,15306.12,USD
PO07257,pol1,V321, CAT02,APAC,2023-08-09,51155.86,USD
PO07258, POL2,V370, CAT02, APAC,2023-08-24,49967.07,USD
PO07259, POL3,v212,CAT03,EMEA,2024-07-25,86519.29,
PO07260,POL2,V224 , CAT08,EMEA,2024-01-20,15977.29,usd
PO07261,POL2 , V173,CAT05,LATAM,2024-10-05,72671.92,usd
PO07262, POL3,V080 ,cat07,APAC,2023-04-17,29716.55,
PO07263,POL2,V186,CAT05 ,APAC,2024-03-15,18387.48,usd
PO07264,POL1,v280,CAT04,LATAM ,2023-02-22,43993.58,usd
PO07265,pol2,v343,CAT06, LATAM,2023-06-08,, USD
PO07266, POL1,V100,cat05,LATAM ,2023-06-07,68176.0,usd
PO07267,POL3 ,V078,CAT03 ,LATAM,2023-05-31,54045.92,USD
PO07268,pol1, V399,CAT01,APAC,2024-04-06,51631.62,usd
PO07269,pol2,V312,CAT08 ,LATAM ,2023-10-06,92382.66,USD
PO07270,POL3, V121,CAT02,EMEA ,2024-11-13,38973.06, USD
PO07271,POL1,V279,CAT03,NA ,2023-06-07,79692.46,USD
PO07272,POL3 ,V314 ,CAT01,LATAM,2024-12-17,17728.66,usd
PO07273,pol1,V372 ,CAT02, LATAM,2023-04-01,8742.42, USD
PO07274, POL2,V412,CAT06, APAC,2024-04-29,96806.72,
PO07275, POL2, V210,CAT10,na,2024-07-20,60210.88, USD
PO07276,POL3,V211 ,CAT09, EMEA,2024-11-12,,USD
PO07277,pol2,V436 ,CAT03,,2023-07-07,17952.8,usd
PO07278,POL3,V212 ,cat04,APAC ,2024-12-13,89157.21,
PO07279,POL2,V165,CAT01 ,EMEA,2024-04-24,99764.02, USD
PO07280, POL2, V078,CAT01,NA,2024-03-28,36713.31, USD
PO07281,POL1 ,V053,cat07,EMEA,2023-03-16,85060.68,usd
PO07282,POL2 ,V282, CAT03,LATAM,2023-02-28,7741.28,
PO07283,POL1,V351,CAT01,LATAM,2023-12-31,33527.13, USD
PO07284,POL3,v026,CAT08 , APAC,2024-12-12,, USD
PO07285,pol3,V162 ,CAT06,emea,2023-01-27,49808.41,usd
PO07286,POL1,V420 ,CAT06,latam,2024-11-04,87964.24,
PO07287,POL1 ,V385, CAT08,EMEA,2023-03-23,, USD
PO07288,pol3,V174,CAT09 ,LATAM ,2024-12-22,21852.27, USD
PO07289,POL2 ,V007,CAT09,NA,2024-11-11,62805.16,USD
PO07290,POL1,V056,CAT04,EMEA,2024-07-23,71000.57,usd
PO07291,POL2,V285, CAT01,EMEA ,2023-08-25,30093.96,
PO07292,POL3,v216, CAT08,NA,2023-06-23,95735.93,usd
PO07293,POL2 ,V412 ,cat05,APAC ,2023-12-29,97643.71,
PO07294,pol2,V256,CAT07 ,LATAM,2024-12-24,15948.97,
PO07295,POL1,V109,CAT07, NA,2023-11-20,77882.72, USD
PO07296,POL1,v396,CAT02,LATAM,2023-04-03,88866.76,
PO07297,POL3,v193,cat01,apac,2023-06-05,84325.38,USD
PO07298,POL1,v403,CAT10 ,latam,2023-03-25,4848.78,usd
PO07299, POL2, V391, CAT06,EMEA,2023-07-29,97853.9, USD
PO07300, POL2,v120,CAT02,NA,2024-11-25,41562.45,
PO07301, POL1,V227, CAT10, NA,2024-07-12,91827.29, USD
PO07302,POL3, V210,CAT02,NA ,2023-08-09,53547.61,USD
PO07303,POL1,V488,cat06,NA,2023-02-18,93350.6,USD
PO07304,POL2,V076,CAT08,NA ,2024-06-03,29584.18,USD
PO07305,POL2, V477,CAT06,LATAM,2023-09-12,8319.37,USD
PO07306, POL2,V258,CAT02,APAC,2023-08-19,78002.47, USD
PO07307, POL1, V177,CAT02,NA,2024-09-28,35986.7,usd
PO07308,POL3 ,V249,CAT03,LATAM,2023-07-18,47264.94,usd
PO07309,POL1, V454,CAT09,NA,2023-08-08,65012.82,USD
PO07310,POL3,V148, CAT02,EMEA,2023-10-20,88688.25,usd
PO07311, POL1,V166,CAT04, EMEA,2024-03-18,15106.03,USD
PO07312,POL1,V308 ,CAT06 , LATAM,2023-05-28,11945.03, USD
PO07313,POL1,V466 ,CAT08 ,EMEA,2023-06-26,63214.28, USD
PO07314, POL1,v243,CAT06 ,NA,2024-02-23,15934.45,usd
PO07315,POL3,V014,CAT01 ,NA,2023-09-15,67601.71,
PO07316,POL3 ,v466,CAT06, LATAM,2023-05-26,48981.69, USD
PO07317,POL1 ,V084 ,CAT06,NA,2023-09-17,50234.13, USD
PO07318,POL2,v182,CAT01,LATAM,2023-01-11,19701.98, USD
PO07319,POL2,v231,CAT05,LATAM ,2023-02-04,18505.4,usd
PO07320,POL1,V194,CAT09,APAC,2024-12-14,30945.27, USD
PO07321,POL1,V385 ,CAT09,LATAM,2023-04-18,48009.6,usd
PO07322, POL1,V298,CAT10,NA,2024-05-10,12694.23,
PO07323,POL2,V048 ,CAT09 ,LATAM,2023-10-13,6610.72, USD
PO07324,POL2, V249,cat05, NA,2023-06-23,64336.3,usd
PO07325, POL2, V200,cat01, APAC,2024-01-06,69081.99,
PO07326,pol1,V315,CAT10,NA,2024-09-23,46452.32,
PO07327,POL1 ,v270,CAT10,latam,2023-04-13,61817.4, USD
PO07328,POL2,V413,CAT05,apac,2023-10-16,64269.02,usd
PO07329,pol1,V305 ,CAT03,LATAM,2024-12-08,71358.58,usd
PO07330,POL1,V463 ,CAT09,EMEA,2023-09-26,76596.41,usd
PO07331, POL2,V232,CAT03,latam,2024-05-06,, USD
PO07332, POL3,V410, CAT08,apac,2023-09-02,72926.31,USD
PO07333,pol3,V130 ,CAT01, EMEA,2024-07-16,46935.26,
PO07334, POL2,V491,CAT02,emea,2023-07-25,96658.69, USD
PO07335,POL2,v478, CAT03,APAC,2023-08-16,36918.48,usd
PO07336,POL3,V125 ,cat04,emea,2023-08-06,33862.67,
PO07337,POL3,V093 ,CAT08 ,APAC,2024-02-14,50001.57,USD
PO07338,POL1,V245 ,CAT03, EMEA,2024-05-02,64213.07,USD
PO07339,pol1, V122,CAT03,EMEA,2023-02-11,13886.81,
PO07340,POL1,V041,CAT05,APAC,2024-04-01,1296.9,USD
PO07341,POL1,v141,CAT03, EMEA,2024-03-12,71273.41,USD
PO07342,POL2,V190,CAT08, LATAM,2023-06-16,19076.04, USD
PO07343,POL1,V038, CAT04, LATAM,2024-06-13,26875.96,usd
PO07344,POL3,V042,CAT04 ,apac,2023-01-19,10414.08,usd
PO07345,POL1,v289,CAT09,APAC,2024-11-29,85422.31,usd
PO07346,POL2,V171,CAT05,APAC,2024-08-31,93133.52,USD
PO07347,pol2,V446,CAT01,NA,2024-11-28,83903.8, USD
PO07348,POL1 ,V499,CAT07 ,LATAM ,2024-08-16,57860.91,usd
PO07349,POL2,V096, CAT03,latam,2023-12-21,89968.44, USD
PO07350,POL2,V328,CAT02,EMEA,2024-02-22,96555.76,usd
PO07351,POL3,V166 ,CAT06 ,EMEA,2023-01-20,31755.96,usd
PO07352,POL2,V147,CAT05,APAC,2023-12-16,21327.35, USD
PO07353,POL3,V225 ,CAT06,NA,2023-05-21,57750.72,usd
PO07354,pol1,V282,CAT05,na,2023-11-13,, USD
PO07355,POL2,V166,CAT02, NA,2024-10-11,10949.56,usd
PO07356,POL1,V293 ,CAT02,APAC,2023-11-16,15755.97,
PO07357,POL1,v474,cat02,NA ,2023-01-11,25926.45,usd
PO07358,POL3,V065,cat02,APAC,2024-07-28,38884.23,USD
PO07359, POL1, V446,CAT08, LATAM,2024-10-09,41260.04,USD
PO07360,POL1 , V097,CAT08,EMEA,2023-10-30,89190.0, USD
PO07361, POL2,V481,CAT06,latam,2024-05-24,20541.49,
PO07362,POL3 ,v397,CAT05, APAC,2024-03-29,97076.25,
PO07363,POL3,V173 , CAT07,NA,2024-12-15,96592.0, USD
PO07364, POL3,V450,CAT08 ,NA ,2023-04-22,89915.69,USD
PO07365, POL2,v189, CAT01,LATAM ,2023-01-19,54746.07,USD
PO07366, POL1,V161,CAT05 ,EMEA,2023-02-07,3039.4, USD
PO07367,POL1,V300,CAT01,LATAM,2023-05-27,87589.81,
PO07368,POL1,V293,cat08,NA,2024-03-31,96985.97,USD
PO07369,POL2,V081,CAT04,NA,2023-12-15,8691.64,usd
PO07370,POL1,v361,CAT05,EMEA,2024-05-22,94831.37,
PO07371,POL1 ,v470,CAT05,emea,2024-07-25,42706.71,USD
PO07372,POL2,V287,CAT01,APAC,2024-09-11,61657.32,usd
PO07373,pol1,V167,CAT01, APAC,2024-07-02,97951.87,USD
PO07374,POL3, V334,cat03,APAC,2024-02-28,87535.93,
PO07375,POL3,v399,cat09,EMEA,2024-07-07,90977.62,
PO07376,POL1,v098,cat08,NA ,2024-05-08,79777.38,usd
PO07377, POL1,v127,CAT05,APAC ,2024-11-22,53043.5, USD
PO07378,pol2,V234, CAT09,APAC,2024-05-23,24744.54,USD
PO07379, POL1, V417,CAT07,LATAM ,2024-07-12,65567.98,usd
PO07380,POL1,v445,CAT03 ,APAC,2023-05-03,1180.79,usd
PO07381,POL2,v211,cat09,NA,2023-05-04,84750.51,
PO07382, POL3,v337, CAT09,LATAM,2024-03-20,29721.84,USD
PO07383,POL1,V258 ,CAT02,LATAM,2023-10-15,79672.18,USD
PO07384,POL2,,CAT10,APAC,2024-09-26,79270.05,USD
PO07385,POL1,V029 ,CAT08, APAC,2023-02-20,13099.51,usd
PO07386,POL2,V143,CAT01 ,APAC,2023-05-09,24082.61,
PO07387,POL3, V024,CAT07,APAC,2023-11-09,93713.68,
PO07388, POL3,V308,CAT08,EMEA,2024-07-08,89672.61,usd
PO07389, POL1,V459,CAT03,LATAM,2023-07-17,46829.47,USD
PO07390,POL2,V380, CAT04,NA,2024-06-05,98708.39,
PO07391,POL2,V009,cat05,EMEA ,2024-08-05,99553.63,USD
PO07392,POL2,V119,CAT09,NA,2024-03-22,74919.08,USD
PO07393,POL1,V487 ,CAT05,LATAM,2024-01-24,3157.43,USD
PO07394,POL2, V076,CAT07 ,EMEA,2023-12-07,80981.57, USD
PO07395,POL1 , V177,CAT01, NA,2023-07-16,3994.31, USD
PO07396,POL3,V009 ,CAT03,NA ,2024-10-21,47223.83,usd
PO07397,pol3,V344 ,CAT05,NA,2024-02-09,, USD
PO07398, POL2,V218,cat07,emea,2024-10-31,31522.81,
PO07399, POL1, V235,CAT05,emea,2024-04-28,1547.41, USD
PO07400,pol3,V300,cat08,EMEA,2024-02-14,26479.57,
PO07401, POL2,V491, CAT04,NA,2023-08-09,66826.15,
PO07402,POL3,V227,CAT08,NA,2023-02-20,75020.44,
PO07403,POL2,V327, CAT10,EMEA ,2024-04-02,93429.23, USD
PO07404,POL1,V367,CAT10,EMEA,2023-06-18,48034.4, USD
PO07405,POL2,v434,CAT04 ,NA,2024-07-09,78064.38, USD
PO07406,POL1,V344,CAT01,EMEA,2024-04-08,36196.05, USD
PO07407,POL3,V344,CAT09,APAC,2023-05-13,85916.01,usd
PO07408,POL3 ,V254 ,CAT05 ,NA,2024-04-21,46159.55,USD
PO07409, POL1,V392, CAT07,LATAM,2023-12-30,37284.23,usd
PO07410,POL1, V413,CAT08 ,APAC,2024-04-10,32189.56,USD
PO07411,POL2,V380,CAT01, NA,2024-10-12,,
PO07412,POL2 ,v321,CAT07,APAC,2023-08-10,92932.19,USD
PO07413,POL1,V268,CAT09,LATAM,2023-04-20,63675.52, USD
PO07414,POL1,V485,CAT07,LATAM,2024-07-24,92859.19, USD
PO07415,POL1,V233, CAT04, NA,2023-07-02,23787.48,usd
PO07416,pol1, V179,CAT09,EMEA,2024-11-22,50807.32,
PO07417,pol2,V437,CAT03,EMEA,2024-09-25,22129.61,
PO07418,pol3,V213,CAT01, LATAM,2023-04-20,80985.92, USD
PO07419,POL3 ,V400,CAT07,EMEA,2023-07-23,20054.74, USD
PO07420,POL3, V163,cat08,EMEA,2023-03-18,29779.44,
PO07421,POL1,V284,CAT01 ,APAC,2023-08-18,48276.6,
PO07422,POL3,v424,CAT01 ,APAC ,2023-09-13,10935.54,
PO07423,POL2,V443 ,CAT02, NA,2024-07-25,54657.69,usd
PO07424,POL2,V115, CAT07,LATAM,2024-01-24,95505.58,usd
PO07425,POL1,V286,cat07,EMEA,2023-03-03,71038.65,USD
PO07426,POL1,V148,CAT01 ,APAC,2024-04-04,98000.76, USD
PO07427,pol2,V294,CAT04, EMEA,2024-08-05,10713.67,USD
PO07428,POL2,v115,CAT01 ,emea,2023-06-11,91015.18,usd
PO07429, POL3,v124,cat08,EMEA ,2024-05-14,79157.09,USD
PO07430,POL1,V353,CAT01 ,LATAM,2023-10-18,43221.55, USD
PO07431,pol3,V425 , CAT04,LATAM,2024-02-18,83334.58,USD
PO07432,POL2,v272,CAT10,LATAM ,2023-05-22,79528.29,USD
PO07433, POL3,V287,CAT09 , NA,2023-06-12,57557.93,USD
PO07434,POL2,v105,CAT08,EMEA,2023-06-18,62411.51,USD
PO07435,pol3,V399,cat10,NA,2023-05-19,63266.26,USD
PO07436,POL2,v476,CAT08,EMEA,2023-12-02,80006.05,USD
PO07437,POL2,v083,CAT03,APAC ,2023-10-04,77067.89,usd
PO07438,POL2,v218, CAT03,APAC,2023-11-05,23100.24, USD
PO07439,POL1,v024,CAT08,NA,2024-01-20,31753.76,usd
PO07440,POL1 ,V247 ,CAT02,EMEA,2024-10-27,7277.13,usd
PO07441,POL3,V289,CAT08,EMEA,2023-09-10,28706.13, USD
PO07442,POL2,V125,CAT02,NA ,2024-09-25,45439.76,USD
PO07443,POL1,V405,CAT09,LATAM ,2024-02-17,36672.29,usd
PO07444, POL2,V416,CAT03,na,2024-11-03,44568.58,
PO07445, POL3,v388,CAT10,emea,2023-07-20,48288.15,usd
PO07446, POL2, V247,CAT09,emea,2024-11-17,29421.65,usd
PO07447,POL3,V182 ,CAT10 ,NA,2024-09-23,10982.19,USD
PO07448,POL2,V021,CAT09 ,LATAM,2024-12-13,51948.67,
PO07449, POL2,V423,CAT01,APAC,2023-05-20,38571.3,
PO07450,POL1 ,V334,cat02,EMEA ,2024-01-24,33193.89,
PO07451,POL1,V281,CAT06,APAC,2024-02-26,63625.54,usd
PO07452,POL1,V277,CAT01, APAC,2024-08-01,90401.6,usd
PO07453,pol3, V167,CAT09,NA,2023-04-16,56647.1,USD
PO07454,POL1 ,V109,CAT04, LATAM,2024-09-07,79606.27,USD
PO07455,pol2,V150,CAT09,LATAM,2024-05-08,62431.85,
PO07456,POL1 ,V242,CAT05,APAC ,2024-02-01,35468.09,USD
PO07457,POL1,V270 ,CAT07 ,NA,2024-08-05,49319.53, USD
PO07458, POL1,V482,cat08,na,2024-02-07,32100.13,
PO07459,POL2,V147,CAT06,na,2023-07-21,76437.64,usd
PO07460,POL3,V405,CAT04, LATAM,2023-07-20,20399.47,USD
PO07461,POL1,V156,CAT09 ,EMEA,2023-01-04,42325.76,USD
PO07462,POL2,V208,CAT02, LATAM,2023-07-06,45163.76,usd
PO07463, POL3,V344,CAT06 , EMEA,2023-10-22,24417.46, USD
PO07464,POL2 ,V349,CAT03,latam,2023-04-05,75447.88, USD
PO07465,POL2,V176,CAT08,EMEA,2023-11-18,31292.83, USD
PO07466, POL3,V196,cat05,APAC ,2024-12-14,40913.7,usd
PO07467,POL1,V119,CAT01,APAC,2024-09-27,84351.83,USD
PO07468,POL2,V361,CAT07,NA,2024-07-28,95936.07,
PO07469,POL3,V336, CAT03,apac,2023-09-22,22576.23,usd
PO07470,POL1,V022 ,CAT07, EMEA,2023-10-04,87205.0,USD
PO07471,POL3 ,V172, CAT07,NA,2024-08-26,14736.42,
PO07472, POL1,V486,CAT09,na,2024-03-18,4310.62,usd
PO07473,POL1,v071,CAT08 ,EMEA,2024-04-14,9784.7,usd
PO07474,POL2,V012, CAT07,EMEA,2024-12-07,2625.95,usd
PO07475,POL1,V319, CAT06,LATAM ,2024-08-24,92641.49,usd
PO07476,POL3,V197,CAT06, EMEA,2023-09-21,91704.18,USD
PO07477,pol3,V158 ,CAT03,NA,2024-07-01,92212.27,
PO07478,pol3,V224,CAT05,EMEA,2024-11-08,44927.94, USD
PO07479,POL2,V357, CAT10, LATAM,2023-11-15,67026.41,USD
PO07480,POL3,V423,CAT09,,2024-04-08,11389.81,
PO07481,pol1,V472,CAT06,NA,2023-04-20,8826.71,
PO07482, POL1,V336,CAT01,apac,2024-02-16,25312.78,usd
PO07483,POL3 ,v112,CAT01 , EMEA,2024-05-24,52009.99, USD
PO07484,POL1 ,V072 ,CAT02,NA,2024-01-16,98448.75,USD
PO07485, POL1,V186,CAT07,NA ,2024-02-01,16018.4,USD
PO07486,pol2,v470,CAT07,NA ,2024-08-09,75003.12,
PO07487,POL2, V020,CAT09 ,APAC,2024-11-11,74943.91,USD
PO07488, POL1,V121,CAT10 ,LATAM,2023-10-21,72637.34,usd
PO07489,POL1,V391,CAT04,LATAM ,2024-06-06,25332.52, USD
PO07490,POL1,V330 ,CAT09,NA,2024-01-07,35082.34,
PO07491,POL3,V140, CAT09,apac,2024-10-15,96347.04,USD
PO07492,POL1 ,V402,CAT06,EMEA,2024-03-12,67654.92,
PO07493,POL1,V364,cat03,EMEA,2023-11-10,90287.65, USD
PO07494,POL1 ,V127,cat09, NA,2024-10-27,40648.95,
PO07495,POL2,V395,CAT01,APAC,2024-07-28,10049.42,USD
PO07496,pol1,V134,CAT10, EMEA,2023-09-13,98014.71, USD
PO07497,pol2,V465,CAT03,EMEA ,2023-01-20,23720.8, USD
PO07498,pol3,V010,CAT02, EMEA,2024-08-31,11848.41,usd
PO07499,POL1,V462,CAT10 , EMEA,2024-06-02,99278.53, USD
PO07500,POL1,V390,CAT07,EMEA,2024-05-30,37551.07,usd
PO07501,POL2, V214,cat02,APAC,2024-09-06,23531.91,USD
PO07502,POL2,V432 ,CAT09,APAC,2023-02-25,81504.22,usd
PO07503,POL1,v006,CAT06,LATAM,2024-07-17,64242.16,USD
PO07504,POL2,V057,cat09,na,2023-03-25,51658.69,usd
PO07505,POL2,v290,CAT02,APAC,2023-12-01,34024.53, USD
PO07506,POL2,V108, CAT06, LATAM,2023-11-23,18495.07,USD
PO07507,POL1,V008,cat04, APAC,2023-02-23,81062.92,usd
PO07508, POL1,v496, CAT05,NA,2024-11-11,48637.37, USD
PO07509,pol2,V497,CAT05 , APAC,2024-01-24,36546.2,USD
PO07510,POL2 , V467,CAT04 ,EMEA,2023-10-28,66367.03,USD
PO07511, POL1,,cat03,,2023-03-02,13756.94,USD
PO07512,pol1,v321,CAT09 ,APAC,2023-07-26,,
PO07513,POL2, V309,cat06, EMEA,2023-08-09,34351.7,
PO07514,pol2,V282,CAT02 , NA,2024-11-07,17448.05, USD
PO07515,POL3,V052 ,CAT06,LATAM,2023-12-30,68702.89,
PO07516,POL1 ,v134,CAT02,NA,2024-10-28,17758.84,USD
PO07517, POL3, V079,CAT10 , LATAM,2024-01-28,97229.06,
PO07518, POL2,V058 ,CAT01, LATAM,2024-11-29,, USD
PO07519,POL2, V113,cat08, NA,2023-06-17,20280.93, USD
PO07520, POL2,V226,CAT01, LATAM,2024-03-13,72379.45,USD
PO07521,POL1,V232,CAT02,emea,2023-10-16,48417.48, USD
PO07522,POL3,V444,CAT03,APAC ,2024-11-25,78505.77,USD
PO07523,POL1,V484 ,CAT07,apac,2024-10-20,86965.65, USD
PO07524,POL3,V476,cat05,APAC,2023-02-18,12104.96,
PO07525,POL2 ,V328 ,CAT04 ,APAC,2024-06-29,41310.58,usd
PO07526,POL2 ,V251, CAT09,NA,2023-12-28,56043.99, USD
PO07527,POL1,V285,CAT08, APAC,2024-12-20,83857.89, USD
PO07528,POL2,V332,cat03,NA,2024-08-06,37948.48, USD
PO07529,POL3, V232,, LATAM,2023-12-15,36272.43,usd
PO07530, POL1,V334,cat10,emea,2023-11-23,76467.72,usd
PO07531,POL2 ,V173,CAT10, NA,2023-04-03,58311.19,usd
PO07532,POL3 ,V478 ,CAT05 ,APAC,2023-11-03,22752.91,usd
PO07533,POL2,V089,CAT03 ,LATAM ,2024-09-06,88886.14,
PO07534,POL2 ,V043,CAT06 , LATAM,2024-01-11,11565.05, USD
PO07535,POL1,v130,CAT09,NA,2024-04-10,45286.73,usd
PO07536,pol2,V171 , CAT09,EMEA,2023-05-22,41769.43, USD
PO07537,pol1,V135 ,CAT09 ,latam,2024-10-16,83309.51,usd
PO07538,pol1,V095 ,CAT05, APAC,2024-12-03,26654.69,usd
PO07539,POL3 ,V496,cat09,na,2023-06-12,18388.76, USD
PO07540,pol2, V257,CAT09,APAC,2024-07-28,89094.24,usd
PO07541,pol2,v307,CAT05,APAC,2023-04-13,9150.13,usd
PO07542,POL1,V379,CAT06,NA,2024-01-23,79689.61,usd
PO07543,POL1 ,V189,CAT08,latam,2023-02-05,54371.18,usd
PO07544,POL3 ,V345,cat02,LATAM,2023-11-29,49615.32,USD
PO07545,POL3, V453,CAT08, APAC,2024-09-27,9729.14,
PO07546, POL1,v478,CAT08,EMEA,2024-03-05,96629.61,USD
PO07547,POL2,V286,cat02,emea,2023-02-16,46787.53,
PO07548,POL1,v260,CAT02,LATAM ,2023-11-29,82280.69,
PO07549,POL1 , V070,CAT03,latam,2023-05-23,62651.18,USD
PO07550,pol2, V416,CAT04, NA,2024-01-29,62176.19,USD
PO07551,POL3,v228,cat08,NA,2024-04-03,64966.41, USD
PO07552, POL2, V477,CAT04,APAC,2023-03-23,35106.26,USD
PO07553,pol2,V160,CAT07,APAC,2024-03-02,15000.48,USD
PO07554,POL1,V244,CAT10,EMEA,2024-08-28,59650.15,usd
PO07555,pol1,V361 ,CAT08,APAC,2024-04-16,1458.4,USD
PO07556,POL2,V338 ,CAT10,emea,2024-04-14,45770.03,USD
PO07557,POL3,V224,cat08,LATAM ,2024-07-19,29748.85,
PO07558,pol2,V458,cat06, APAC,2023-03-14,45394.3,usd
PO07559,POL3,V088,cat05,latam,2024-09-02,2888.13,USD
PO07560,POL2,V098 ,CAT02,LATAM,2024-05-23,39505.93,usd
PO07561, POL1,V080 ,cat02,LATAM,2024-02-04,51811.37, USD
PO07562,pol1, V198,CAT06 ,EMEA ,2024-04-11,51503.57,USD
PO07563,pol2,v074,CAT01,emea,2024-11-28,7256.61, USD
PO07564,POL3,V369,CAT10,NA ,2023-08-14,, USD
PO07565,POL1,V107,CAT08,LATAM,2023-05-05,72136.65,usd
PO07566,POL3,V442 ,CAT06,LATAM,2023-11-08,83504.83,USD
PO07567, POL3,V038, CAT08,EMEA ,2024-07-15,78643.53,USD
PO07568,POL3, V342,CAT05,NA,2023-04-05,93236.09,
PO07569,POL3,V446 ,CAT07, LATAM,2023-06-09,29669.42,usd
PO07570, POL2,v396,cat01,EMEA,2023-09-29,41172.2,
PO07571,POL3 ,v174,cat03, NA,2024-05-15,40966.42,usd
PO07572,POL3,V463,cat10,APAC,2024-08-28,54655.78,
PO07573,POL3,V032 ,cat03,LATAM,2024-01-17,78506.91,
PO07574,pol3, V332,CAT09,LATAM,2024-03-12,92173.04,
PO07575,POL1 , V357,CAT04, APAC,2023-02-11,56592.21,usd
PO07576,POL3,v242, CAT03,latam,2023-11-29,45969.81,
PO07577,POL3,V097,CAT08,na,2024-11-17,80940.96, USD
PO07578,POL1,V355, CAT07,emea,2023-01-19,17868.65, USD
PO07579,POL3 ,V317,CAT05, LATAM,2024-12-08,30515.61,USD
PO07580,pol3,V480,CAT09,NA,2023-06-08,76162.54,usd
PO07581,POL3,v128,CAT03,apac,2023-02-17,37049.41,
PO07582,pol2, V082,CAT07,NA,2024-02-10,70352.88, USD
PO07583, POL1, V080,cat10,APAC,2023-12-11,97401.93,
PO07584,POL1,V230,CAT08 , APAC,2023-03-06,47097.52,usd
PO07585, POL1,v220,CAT07,APAC,2023-11-19,40934.83,usd
PO07586,POL3,V452,cat05,EMEA,2024-04-08,17831.77,
PO07587,POL1,V407,CAT01, NA,2023-05-23,93715.83,USD
PO07588,POL3,V298 ,CAT09,EMEA,2023-01-26,15412.93, USD
PO07589,POL3,v391,CAT10 ,LATAM,2023-07-04,93540.37, USD
PO07590,POL3,V328,CAT06,NA,2023-09-15,21418.29,USD
PO07591,pol3, V151,CAT07,EMEA,2024-10-24,44272.35,USD
PO07592,pol1,V500 ,CAT08 , NA,2024-11-22,31110.55, USD
PO07593,POL3,V311,CAT01, EMEA,2023-04-26,80998.72,
PO07594, POL1,v038, CAT07,APAC,2024-09-29,46862.57, USD
PO07595,POL2,v178, CAT09,EMEA,2023-01-28,69098.5,usd
PO07596,POL1,V081,CAT01 ,APAC,2023-12-26,11221.29,USD
PO07597, POL2,v373,CAT06,NA,2023-08-08,90392.35,USD
PO07598, POL2,V210,CAT09,na,2024-01-22,70857.42, USD
PO07599,POL1,V418, CAT06,EMEA ,2023-06-04,46931.36,usd
PO07600,POL3, V466,CAT03,APAC,2024-03-18,18541.8,usd
PO07601,POL1,v208,cat01,EMEA ,2023-07-27,97581.71,usd
PO07602,POL3 ,V331,CAT06,EMEA,2024-08-30,86599.77, USD
PO07603,POL2,V096,CAT08 ,APAC,2024-02-03,54372.16, USD
PO07604,POL3,V204, CAT02, EMEA,2023-09-12,29622.51,usd
PO07605,POL2,V365,CAT01,NA,2024-07-25,32531.39,
PO07606,pol3,V055,CAT01 ,NA,2023-11-30,48855.43,usd
PO07607,POL1,V008 ,cat03, EMEA,2024-03-16,84417.53,usd
PO07608,POL1 ,V022, CAT09,EMEA,2024-09-07,21187.45, USD
PO07609,POL3, V349,CAT02,LATAM,2023-02-14,4196.29,USD
PO07610,POL2,V103 ,cat05,NA ,2024-01-07,97897.37, USD
PO07611,POL3 ,V408,cat07,LATAM ,2024-10-22,,USD
PO07612,POL1,V050,CAT01,NA,2023-08-05,6446.53,
PO07613,POL3,V204,cat09, APAC,2024-01-22,12249.44,
PO07614,POL1, V419,CAT10,LATAM ,2023-06-07,96759.49,
PO07615,POL1,V217,cat02,NA,2023-12-20,20524.12, USD
PO07616,POL3,V445,CAT02, NA,2024-02-28,80058.03, USD
PO07617,POL2,V114,CAT05 ,na,2024-11-29,98392.15,USD
PO07618,POL2,V355,cat09,NA,2024-02-11,71996.37,
PO07619,pol1, V330,CAT06, EMEA,2024-01-14,98763.37,
PO07620, POL3,V037 ,CAT01,EMEA,2023-10-16,6715.35, USD
PO07621,POL3, V397,cat02,LATAM,2024-06-18,44746.74,USD
PO07622,POL3,V289,CAT06,EMEA,2023-04-18,39214.67,
PO07623,POL1,V185 ,cat02,LATAM,2024-08-24,38193.72,
PO07624,POL2,V415 , CAT07,EMEA,2023-02-25,16057.94,
PO07625,POL3,V297,CAT03,LATAM ,2023-04-22,2792.66,
PO07626,POL3 ,v345,CAT01,emea,2024-10-22,38586.11,
PO07627,pol1,V007, CAT02,NA,2023-04-21,73877.7, USD
PO07628,POL1,v094,CAT02,NA,2024-05-05,40357.13,
PO07629,pol3,v181,CAT06,LATAM ,2023-02-20,90066.78,USD
PO07630,pol3,v020,CAT07,apac,2024-04-29,61919.14, USD
PO07631,POL1, V468,CAT10,NA,2024-06-28,6923.01,usd
PO07632,POL3,V415,CAT04,latam,2023-05-09,35859.78,usd
PO07633,POL3,V488,CAT09 ,LATAM,2024-11-20,11504.45,
PO07634,pol1,V310 ,CAT07,LATAM,2023-04-18,42021.88,usd
PO07635,POL1,V054,CAT09,LATAM,2023-04-20,86687.64, USD
PO07636,POL2,v357,CAT08, LATAM,2024-05-03,66978.34, USD
PO07637,POL2,V493,CAT08,LATAM,2024-03-06,73037.45,USD
PO07638,POL3,V398,CAT05 ,latam,2023-10-07,29743.65,USD
PO07639,pol3,V490,CAT05,LATAM ,2023-09-04,75401.56,usd
PO07640,POL1,V031,cat08,EMEA,2024-11-09,68986.27,
PO07641,POL3,v040,CAT07,APAC,2024-12-12,53131.53,usd
PO07642,pol1,V433,CAT10,LATAM,2024-08-25,90936.08,usd
PO07643,POL3,V255, CAT04,APAC,2024-08-30,98684.18,USD
PO07644,pol2,V203,CAT10,latam,2024-03-20,71498.26,USD
PO07645,POL3,V453,CAT06, LATAM,2023-02-03,31329.67,usd
PO07646,pol3,v289,cat10,APAC,2024-02-10,41483.89,
PO07647,pol1,V329, CAT02,LATAM,2024-04-24,57765.14, USD
PO07648,POL2,v490,cat03,LATAM,2024-01-01,33485.89, USD
PO07649, POL3,V215,CAT06,NA ,2023-05-23,57189.79,
PO07650,POL1,V274,cat01,NA,2023-09-28,99651.35,
PO07651,POL2,V048,cat03, EMEA,2024-04-20,84566.01, USD
PO07652,pol1, V477,CAT01 ,latam,2024-12-09,34760.48,
PO07653,POL1 ,v059,CAT02,na,2024-12-13,,usd
PO07654,POL2 , V489,CAT04,LATAM,2024-01-06,49365.52, USD
PO07655,POL3,v028,CAT04,APAC,2023-01-22,49125.79, USD
PO07656,POL1 ,V043,CAT10 ,NA,2024-05-07,46885.9,USD
PO07657,pol3, V102,CAT09,NA ,2024-10-28,79380.72,usd
PO07658,POL1, V317,CAT08,NA,2023-03-13,74949.34,
PO07659,POL3,V014 , CAT02,apac,2023-06-28,65979.42,USD
PO07660, POL3,V433,CAT01,NA,2024-09-23,7550.23, USD
PO07661,POL2 ,V201,CAT01,NA,2024-04-01,30164.73,USD
PO07662,POL1,V021,CAT06,EMEA ,2024-11-04,27244.67, USD
PO07663, POL3,V091 , CAT06,LATAM ,2023-06-21,57444.82,USD
PO07664, POL1,V253,CAT02, LATAM,2023-12-29,90025.36,
PO07665,POL1 ,v168,CAT08 ,na,2024-07-10,79981.86,USD
PO07666,POL3,V320, CAT07,EMEA,2024-07-13,2976.32,
PO07667,POL3, V432, CAT03,NA,2024-05-02,55490.15,USD
PO07668,pol2,v033,CAT09 ,na,2023-04-20,87968.19,usd
PO07669,POL1,V117 ,CAT01,NA,2023-09-06,39965.64,usd
PO07670,POL2 ,V481,CAT09,EMEA,2023-05-20,, USD
PO07671,POL1, V402,CAT02,LATAM,2024-10-28,51722.76,USD
PO07672,POL2 ,V070,CAT06,LATAM,2023-06-28,93995.92,
PO07673,pol1,V348, CAT10,LATAM,2024-06-10,41422.96,USD
PO07674,POL2,V168,CAT03,EMEA,2024-04-30,9145.58,
PO07675,pol3,V152,CAT03 ,NA,2023-12-29,81008.12,USD
PO07676,POL2 ,V347,CAT05 ,LATAM,2023-09-14,28459.5,USD
PO07677, POL3,V487 ,cat01,NA,2023-06-04,97045.76,usd
PO07678,POL2 ,V251 ,CAT07,LATAM,2024-10-29,16670.65, USD
PO07679,POL3,V150, CAT06,EMEA,2024-06-12,95697.46,usd
PO07680,POL2,V260,CAT03,na,2024-08-17,61066.37, USD
PO07681, POL2,V160 ,CAT08,EMEA ,2023-01-28,36074.1, USD
PO07682,POL3,V233,cat05,APAC,2023-01-24,48990.35, USD
PO07683, POL2,V244,CAT02,latam,2024-01-15,66089.14,
PO07684,POL1,V426,CAT09,na,2024-02-09,58270.14, USD
PO07685,pol2, V139,CAT06, APAC,2024-04-24,80675.3,USD
PO07686,POL3,V205,CAT05,latam,2023-11-07,4188.98,
PO07687,POL2,v428,CAT02,latam,2023-03-12,,usd
PO07688,POL1 ,V432,CAT08 ,EMEA,2024-06-15,76666.52,USD
PO07689,POL3,V333,CAT07,APAC,2023-05-27,25616.98, USD
PO07690, POL3,V144 , CAT06,APAC,2024-10-24,38816.34,
PO07691,POL3 ,v279,CAT01,APAC,2024-07-30,61589.37,usd
PO07692,pol1,,CAT09,APAC,2023-11-03,45391.0, USD
PO07693,pol1,v380,CAT08,NA,2024-11-11,55935.38,usd
PO07694,POL3,V497,CAT09,LATAM ,2023-07-31,10648.0,usd
PO07695,POL2,V028,CAT04,,2023-02-10,48632.38,usd
PO07696,POL2,V228, CAT05, APAC,2023-12-02,24457.36,usd
PO07697, POL3,V323, CAT03, LATAM,2023-02-08,40048.94,USD
PO07698,POL2,V117,CAT01,NA ,2023-10-13,9718.44,USD
PO07699, POL3,V362 ,CAT06, EMEA,2023-10-05,59087.37,
PO07700,POL3,V099,CAT04,APAC,2024-07-07,41325.81, USD
PO07701, POL3,V413,CAT06 ,LATAM,2023-07-28,43612.46, USD
PO07702,POL2,V216 ,CAT08,APAC,2024-08-02,11426.3,
PO07703,pol2,V010,cat03,APAC,2023-03-08,88707.91,
PO07704,POL3,V160,CAT10,EMEA,2024-04-27,96908.26,
PO07705, POL2, V454,CAT05,LATAM,2023-07-14,46480.46,
PO07706,pol2,V472 ,CAT10,EMEA ,2023-02-15,15051.03,usd
PO07707, POL1,v096,CAT09,LATAM ,2023-01-23,53806.5,usd
PO07708,POL2,V086,CAT02,NA ,2024-07-27,95612.82, USD
PO07709,POL3,V498, CAT02,EMEA,2024-02-07,55252.46,USD
PO07710,POL2,v291, CAT02,apac,2023-11-28,32128.37,
PO07711, POL1,V381,CAT08,na,2024-11-24,9425.12, USD
PO07712, POL3, V198,cat07,APAC,2024-05-09,5735.26, USD
PO07713, POL3,V119,CAT08,APAC,2024-07-13,93155.71,usd
PO07714,POL2,V150,cat08,APAC ,2024-04-20,70805.92,USD
PO07715,POL1,V489,CAT01,LATAM ,2024-08-14,91038.17,usd
PO07716,POL3,V004,CAT05,APAC ,2024-05-18,53544.77,USD
PO07717, POL2,V354,CAT03,NA,2023-02-24,51479.48,usd
PO07718,POL3,V407 ,CAT01,EMEA,2023-10-14,94829.16, USD
PO07719,POL2,V239 , CAT09,APAC,2023-04-10,89154.17,usd
PO07720,POL1,V024,CAT01,APAC,2023-11-20,22171.07,usd
PO07721,POL2,V310, CAT02, EMEA,2024-04-29,99875.65,usd
PO07722,POL1,V186, CAT02,NA,2023-09-17,10956.28,USD
PO07723,POL1,V307,CAT09 ,APAC ,2023-05-16,78811.58,usd
PO07724, POL3,V003,CAT02,APAC,2024-09-30,98157.34,usd
PO07725,pol3,V417,CAT04,na,2024-08-12,42738.12, USD
PO07726,POL1, V226,CAT02, NA,2023-09-29,21627.88, USD
PO07727,POL3 ,V327,CAT10,APAC,2023-07-30,70933.82,usd
PO07728, POL3,V214 ,CAT08,NA ,2023-06-01,92812.32, USD
PO07729,POL3,v307, CAT04,EMEA ,2023-03-19,70573.76, USD
PO07730,POL1,V410 ,cat10,emea,2024-01-02,42356.6,
PO07731,POL2, V094,cat03,LATAM,2024-09-13,17744.38,
PO07732,POL3, V334,CAT02, APAC,2024-03-07,21005.58,usd
PO07733,POL1,V361,CAT01,LATAM,2024-03-05,40132.41,
PO07734,pol1,v402,CAT04,LATAM,2024-10-17,23178.4,usd
PO07735,POL2,v051,CAT07,APAC,2024-07-03,63015.91,USD
PO07736,POL1 ,V168,CAT10,LATAM,2023-05-30,60539.66,
PO07737,pol3, V087,CAT08,NA,2024-08-03,18077.19,
PO07738,POL1,v496,CAT08 , NA,2023-07-07,1069.41,usd
PO07739,POL3,V226,cat03,apac,2024-05-10,25692.92,usd
PO07740,POL1,V341,cat01,NA,2023-08-05,95489.71, USD
PO07741, POL2,v189, CAT09,LATAM,2023-02-22,57176.84, USD
PO07742,POL1, V173,CAT06,EMEA,2024-10-07,24585.88,
PO07743,POL2,V366,CAT10,LATAM,2024-05-09,7553.57,USD
PO07744,pol2,V320,CAT04 , NA,2023-09-13,5902.4, USD
PO07745,pol1,V428, CAT05,APAC ,2024-09-25,43035.08, USD
PO07746,pol3, V347,cat02,APAC,2023-09-03,89229.13,
PO07747,POL1,V202 ,CAT05,LATAM,2024-04-04,75219.89,
PO07748,POL3,V270,CAT06, APAC,2023-02-02,58462.94, USD
PO07749,POL2,V320,CAT10 ,LATAM,2024-05-10,89135.3,USD
PO07750,POL2 ,V474, CAT03,NA ,2023-08-04,55833.07, USD
PO07751,POL2,V366, CAT05,APAC ,2023-10-16,94118.91,usd
PO07752,POL1, V374,CAT06,EMEA ,2024-07-26,76103.99, USD
PO07753,POL3,V051,CAT09,EMEA,2023-11-28,49253.89,USD
PO07754,pol3,V163,CAT06,LATAM ,2024-03-04,63942.42,USD
PO07755,pol1, V048, CAT09,EMEA,2024-05-09,27818.04,USD
PO07756,POL2, V371,CAT02,LATAM ,2023-12-06,34901.41,usd
PO07757,POL1 ,V150,CAT09 ,LATAM,2024-07-02,85348.63, USD
PO07758,POL1,V160 ,CAT09,APAC,2023-11-11,85782.65, USD
PO07759, POL3, V495,CAT06,LATAM,2024-10-27,21573.73,
PO07760,POL1 , V039,CAT10,LATAM,2024-08-03,68268.99,
PO07761,POL3,V228,CAT07,LATAM,2024-08-31,22659.6,usd
PO07762,POL3,V241,CAT08,APAC,2023-01-04,41184.94,usd
PO07763, POL1,V136,CAT06,NA,2024-10-16,40800.51,
PO07764, POL1,V350,CAT08 ,EMEA,2023-02-27,57975.82,USD
PO07765,POL2,V165 ,CAT04,EMEA,2024-12-28,28811.88,USD
PO07766,POL2 ,V336 ,cat09,na,2024-11-17,7330.42,
PO07767,POL2 ,V244,CAT07 ,NA,2024-08-28,78797.29,
PO07768,POL3,V099,cat04,LATAM,2024-05-04,,USD
PO07769,POL2,V333,CAT09,NA,2023-09-20,54214.64,USD
PO07770,POL2,V478,CAT02,EMEA ,2024-08-28,71210.59, USD
PO07771,POL2,V237, CAT02,APAC ,2024-08-28,40240.12, USD
PO07772,POL1,V106,CAT02,LATAM,2023-08-13,89695.8,USD
PO07773,pol1, V059,cat10,LATAM,2024-03-27,33814.92,
PO07774,POL2, V232,CAT05 ,NA,2023-12-20,50967.03, USD
PO07775,pol3,V439, CAT07, EMEA,2024-04-03,59063.06,
PO07776,POL3,V324,CAT02,APAC ,2024-08-01,1271.46,
PO07777,POL3 , V233,CAT02,na,2023-06-09,74083.82,usd
PO07778, POL1,V494,CAT06, NA,2024-05-18,44041.5,
PO07779,POL3,V195,CAT07,NA,2023-02-28,25945.56,
PO07780,POL3 ,V217,CAT10, NA,2024-12-30,76659.44,USD
PO07781,POL2 ,V033,CAT05 , NA,2024-06-01,73349.6,USD
PO07782,POL1,V397,cat02,NA,2024-01-18,20095.71,usd
PO07783,POL3,V467,CAT05,LATAM,2024-01-13,61038.24,
PO07784,POL1,V067,CAT03,NA ,2023-07-15,10229.91,usd
PO07785,POL3,V030,cat07,APAC,2023-03-19,37560.46,usd
PO07786,POL1, V225,CAT02, NA,2024-01-25,98806.04,usd
PO07787,POL2,V437,CAT01, EMEA,2024-02-08,49694.15,usd
PO07788,POL3 , V216,CAT05,NA ,2023-12-23,95323.87,USD
PO07789,POL1, V139,CAT05 ,emea,2023-02-27,41837.6,
PO07790,pol2,V156,cat03,EMEA,2023-10-26,61838.37, USD
PO07791,POL2 ,V432, CAT08,EMEA,2023-08-23,28900.76,usd
PO07792,POL1,v130,CAT01,NA,2023-11-02,18798.22,usd
PO07793,POL1 ,V163,cat05,APAC ,2023-10-04,34729.74, USD
PO07794,POL2 , V203,CAT04,APAC,2024-07-06,82569.91,
PO07795, POL1,V141, CAT09,NA,2023-10-25,61101.46,
PO07796,POL3,V075,CAT06,APAC,2024-02-15,93988.88,usd
PO07797,POL3,V032 ,CAT09,LATAM ,2024-03-22,82186.92,
PO07798, POL3,V065,CAT05 ,LATAM,2023-04-24,77816.39,
PO07799,POL3,V041,CAT10,APAC,2024-10-10,74130.49,
PO07800,POL1, V134,CAT06,EMEA,2023-04-20,24019.28,
PO07801,POL3,V266,CAT04,APAC,2024-03-31,21587.02,USD
PO07802,POL2,V415,CAT07 ,LATAM,2024-04-17,8627.76,
PO07803,POL3 , V360, CAT05, EMEA,2023-04-02,, USD
PO07804,POL3,V122,CAT03,APAC ,2024-02-22,70260.95,USD
PO07805,POL1, V217,CAT04,LATAM,2023-06-05,94897.36,
PO07806,pol3,v034,CAT07,APAC,2023-08-31,66076.36,USD
PO07807,POL2,V147 ,CAT09,EMEA,2023-02-27,53766.81,
PO07808,pol2, V097,cat08,LATAM,2023-07-07,76343.6, USD
PO07809,POL2,V051,CAT08,LATAM,2023-10-15,86063.37,USD
PO07810, POL3,V444,CAT01,APAC,2024-06-06,77055.7,
PO07811,POL3,V162,CAT08,EMEA,2023-06-08,96814.02,usd
PO07812,POL2,V399,CAT09 ,NA,2024-08-09,96801.1, USD
PO07813,pol1,V148,CAT03,EMEA,2024-05-29,53905.53, USD
PO07814,POL2,V452,cat07, LATAM,2023-04-06,6093.51,usd
PO07815,POL3,V054,CAT06 ,na,2023-08-05,, USD
PO07816,POL2,v346,CAT06,APAC,2024-12-06,36664.02, USD
PO07817,POL3, V381, CAT10,EMEA,2023-07-07,27433.25,usd
PO07818,POL2,V324,CAT09, NA,2023-02-15,29278.69, USD
PO07819,POL3,V007,cat04, NA,2023-05-12,82217.06,USD
PO07820,POL3,V307,cat07,APAC,2024-05-20,50894.63, USD
PO07821,POL3,v328,CAT05,LATAM ,2023-05-31,93063.28,USD
PO07822,POL3,V296,CAT05 ,NA,2024-01-01,94101.14,USD
PO07823,POL2,v165,CAT01,APAC,2024-05-06,22314.25,
PO07824,POL1,V028,CAT10 ,NA ,2023-12-11,97694.39,
PO07825,pol1,V393, CAT03,na,2023-06-19,76578.62,USD
PO07826,POL1,V141,CAT09,EMEA ,2023-07-05,54341.48, USD
PO07827,POL2,V166 ,CAT04,APAC,2024-02-23,,USD
PO07828,POL1,V328 ,CAT09,EMEA,2023-07-01,17629.31,usd
PO07829,POL2, V429,CAT09, APAC,2023-11-17,87588.11,
PO07830,POL1,V137 ,CAT04, NA,2023-11-21,78197.27,USD
PO07831,pol2,V336, CAT04,LATAM,2023-10-30,40132.41, USD
PO07832, POL3,v312,CAT01,apac,2024-06-27,12216.18,
PO07833, POL1,V389,CAT06,EMEA,2023-08-17,99149.7,usd
PO07834,POL3,V049,CAT06,APAC,2023-05-02,69660.0,USD
PO07835,POL1 ,V396,CAT03,EMEA,2023-11-21,17745.02,USD
PO07836,POL2 , V487,cat07,NA,2023-06-27,17355.26,
PO07837,POL2,V040,CAT01,LATAM,2023-05-24,53701.29,USD
PO07838,POL1,V360,CAT07,NA,2024-08-05,45321.52,USD
PO07839,POL3,V164,CAT04,LATAM,2023-08-09,99600.08, USD
PO07840,POL1,v408,CAT07,NA,2023-02-08,62547.37, USD
PO07841,POL1,V010,CAT07,,2023-04-23,52383.88,USD
PO07842,POL1,V060,CAT01 ,LATAM,2023-04-09,15607.82,
PO07843,POL2,V204,CAT02 ,apac,2024-05-15,33527.37,
PO07844,POL2,V230,cat01,LATAM,2024-09-06,46057.25,usd
PO07845,pol2, V378,CAT08, EMEA,2024-01-28,95078.88,
PO07846, POL1,V290,CAT04, LATAM,2024-07-02,67345.31,usd
PO07847,POL1,V404 ,cat09, NA,2024-01-06,39435.33,
PO07848,POL3,v017, CAT05,,2023-04-09,64241.88, USD
PO07849,POL2,V472,CAT03,apac,2023-11-03,54427.52,
PO07850,POL1,v035,CAT06,apac,2023-12-24,3403.58,USD
PO07851,POL3,v374, CAT04, NA,2023-03-03,6150.91,
PO07852,POL1, V259,CAT07,apac,2024-07-14,4016.48,usd
PO07853,POL3,V380, CAT01,apac,2024-01-01,71062.52, USD
PO07854,POL1,V326 ,CAT04,APAC ,2023-09-28,33293.23,USD
PO07855,,V040,CAT02,na,2024-09-30,15269.61,usd
PO07856,POL1,V049 ,CAT03,NA ,2024-10-28,62298.15,usd
PO07857,pol2,V442, CAT02,LATAM,2023-03-21,20245.67,usd
PO07858, POL1,V354, CAT09, LATAM,2023-05-24,10779.38,usd
PO07859,POL3,v425,CAT01 ,LATAM ,2023-10-24,,USD
PO07860,pol1,V091,cat02, LATAM,2024-07-14,3401.18, USD
PO07861,POL2,V331,CAT02 ,NA ,2024-03-16,52662.48,usd
PO07862,POL3,V014,cat09,LATAM,2024-03-19,78877.73,usd
PO07863,POL1,V377,CAT10,latam,2024-07-27,23584.1,usd
PO07864,POL1, V202, CAT06,EMEA ,2023-02-24,55679.44, USD
PO07865,POL3, V046,CAT04 ,na,2024-12-05,26866.36, USD
PO07866,POL1,V492,CAT08, EMEA,2023-03-01,52248.17,USD
PO07867, POL3,V236 ,CAT08, LATAM,2023-04-22,92552.71,USD
PO07868,pol3,V309,CAT09 , NA,2023-12-14,8972.36, USD
PO07869,POL2, V077,CAT04,EMEA,2024-02-14,60685.79,
PO07870,POL3,V108,CAT07,LATAM,2023-08-31,16464.02,USD
PO07871,POL1,v095, CAT05,LATAM,2023-04-29,5386.26,USD
PO07872,POL1,V256,cat10,apac,2023-10-01,93272.3, USD
PO07873,POL1,V423,CAT04,NA,2023-08-05,67058.64, USD
PO07874,,V110 , CAT08, EMEA,2024-04-17,97332.84,
PO07875,POL2,v483,CAT01,EMEA,2024-04-17,32006.92, USD
PO07876,POL2,V064,CAT01,EMEA,2023-01-19,22977.24,usd
PO07877,POL2 ,V236 ,CAT07,LATAM,2024-11-16,27497.72,USD
PO07878, POL3,V048,CAT03,APAC,2023-04-16,84854.47, USD
PO07879,POL1,V090,CAT03,LATAM,2023-11-11,85444.1,
PO07880,POL3 , V254, CAT01, NA,2023-08-10,65030.58, USD
PO07881,POL3 , V162,CAT09,NA,2024-06-09,80684.1,USD
PO07882,POL1,V359 ,CAT02,NA,2024-08-29,94571.74,USD
PO07883,POL3,V093, CAT01,NA,2023-06-12,71089.75,usd
PO07884,POL1,V347,CAT10,na,2023-01-15,89109.64,usd
PO07885,POL2 ,V078 ,CAT08,APAC ,2023-11-07,4700.05,usd
PO07886,POL3,V095,CAT02,LATAM ,2023-10-30,66761.42,usd
PO07887,pol2,V123 ,cat05,EMEA,2024-02-18,28977.17, USD
PO07888, POL2,V058,cat06,NA,2023-07-27,, USD
PO07889,POL3 ,V234,cat04,latam,2023-11-23,54555.77,USD
PO07890,POL1,V316 ,CAT01,EMEA,2024-07-02,21870.16,USD
PO07891,POL2,V026,cat04,NA ,2023-12-08,97874.84,usd
PO07892, POL2, V169,cat04,LATAM,2023-05-11,32263.15,
PO07893,pol2,V340, CAT06, EMEA,2023-04-04,63162.13,USD
PO07894,pol1,V169,CAT06,EMEA,2023-04-02,77647.18, USD
PO07895,POL1 ,V463,CAT06 ,EMEA ,2023-02-23,40756.88,usd
PO07896, POL2,V443 , CAT07,EMEA ,2023-05-06,55040.56,USD
PO07897,pol2,V184,CAT03,LATAM,2024-05-21,73185.33,USD
PO07898,POL1 ,v351,cat05,LATAM,2024-09-07,36781.56, USD
PO07899,POL1 ,V312,CAT07,APAC,2024-12-25,2894.65,
PO07900, POL1,V311 ,CAT08, NA,2024-08-23,3200.92, USD
PO07901,pol3,v344,CAT10, APAC,2023-06-22,4436.18, USD
PO07902,POL1,V108 ,CAT03,NA,2023-02-26,40356.42, USD
PO07903,POL1,V233,CAT04,,2024-04-15,76600.66,usd
PO07904,POL1,v370,CAT06,LATAM,2024-05-05,70003.08, USD
PO07905,POL2,V492,CAT09 ,LATAM ,2023-02-09,66226.64,usd
PO07906, POL1,V066,CAT10 ,APAC ,2023-12-26,67159.62,
PO07907, POL2,V123,CAT01,EMEA ,2024-05-15,13850.85,usd
PO07908,POL1 ,V338,CAT10 ,EMEA ,2024-05-04,87649.59, USD
PO07909,POL2,V123,CAT07 ,NA,2023-06-01,80071.71,
PO07910,POL3 ,V055 ,CAT07 ,NA,2024-09-28,48959.34,USD
PO07911, POL3,V097,CAT05 ,APAC,2024-04-25,4462.55,usd
PO07912,POL1 ,,CAT07, EMEA,2024-01-19,43126.43, USD
PO07913,pol3,V134,CAT08 ,NA,2023-07-16,66791.18,
PO07914,POL3,V143,CAT06,NA,2023-08-13,91272.67,usd
PO07915,POL2,V398,CAT02 ,NA ,2023-08-09,89543.36,usd
PO07916,POL1, V375,CAT01,LATAM,2024-10-18,86253.8, USD
PO07917,pol3,V109,CAT06,APAC,2023-12-06,40285.51, USD
PO07918,POL2 ,V065,CAT01,EMEA ,2024-03-05,27283.64,
PO07919, POL3,V088,cat02,latam,2024-01-09,20126.07,
PO07920,POL2,V248,CAT07, APAC,2024-04-07,93010.11,usd
PO07921,POL3 ,V386,CAT05,EMEA,2023-07-19,25876.26,USD
PO07922,POL3 ,V441,cat03,na,2023-06-06,26254.92,usd
PO07923,pol3,V482,CAT03,APAC ,2024-08-25,99919.41,USD
PO07924,POL2, V369,CAT10 ,LATAM,2023-11-09,80156.18,USD
PO07925,POL2,V300,CAT03,APAC,2024-02-04,37568.77,usd
PO07926,POL1,V128,CAT03,LATAM,2023-01-30,19489.91,
PO07927,pol3,v500,CAT02, LATAM,2023-05-05,12191.94,usd
PO07928,POL3 ,v491,CAT06,APAC,2023-06-03,15103.62,USD
PO07929,POL1, V317,CAT09 ,EMEA,2024-06-09,55629.55, USD
PO07930, POL3,v487, CAT02,latam,2024-07-01,20910.69,usd
PO07931,POL1 ,V418,CAT08, LATAM,2024-12-05,57072.12,
PO07932, POL2,V096,cat08,na,2023-09-24,37950.72,
PO07933, POL1,V028,cat02,APAC,2023-12-17,9968.23,usd
PO07934,POL3,v415,cat02,emea,2023-07-09,13195.53, USD
PO07935,POL2,V035,CAT05, APAC,2024-08-27,15009.25,USD
PO07936,POL1,v119,CAT10,LATAM,2024-02-04,32139.11,USD
PO07937,POL2,V432 , CAT06,EMEA,2024-12-18,60786.63, USD
PO07938, POL1,V366,CAT06,LATAM ,2024-08-18,95038.26,usd
PO07939, POL2, V403,CAT04 , EMEA,2024-10-11,55862.56, USD
PO07940,pol2,v277,CAT10,,2023-08-25,73870.44,usd
PO07941,POL2,V327,CAT06 ,NA ,2023-08-20,35721.57,USD
PO07942, POL3,V225,CAT04,APAC,2024-05-27,1894.64,usd
PO07943, POL2,V119,cat05,NA,2024-09-20,89290.52,usd
PO07944, POL3,v115, CAT03,LATAM,2023-09-26,87059.9,
PO07945,POL1,V032,CAT01,LATAM,2024-05-25,43808.11,usd
PO07946,POL2,V137 ,cat05,APAC,2023-07-04,4809.17,
PO07947, POL1,V432 ,CAT01 ,APAC,2024-03-12,31325.21,
PO07948,POL1 ,v016,CAT02 ,EMEA,2024-08-23,,usd
PO07949,POL3,V452,CAT05 ,APAC,2024-05-05,38295.54, USD
PO07950, POL2,V165 ,CAT01, APAC,2023-02-20,25706.89,
PO07951,POL1 ,V165, CAT07,latam,2024-04-30,13524.77,USD
PO07952,POL1 , V266,cat08,emea,2024-12-29,45650.16, USD
PO07953,POL2,V470,CAT10,NA,2023-07-06,12650.01, USD
PO07954,POL3,V052,CAT06,na,2024-04-14,20089.47,usd
PO07955,pol1,V262,CAT09, NA,2024-09-30,8397.09,USD
PO07956,POL2,V416,CAT07 ,APAC ,2023-01-11,75156.57,USD
PO07957,POL1 ,V382 ,CAT09 ,EMEA,2024-07-13,63099.58,USD
PO07958,pol3, V030,CAT06 ,NA,2024-05-11,90327.43,usd
PO07959,pol1,V374 ,CAT03,NA ,2023-09-05,71531.53,usd
PO07960,POL2,V252,cat07,LATAM,2023-07-30,89405.47,usd
PO07961, POL3,V392 ,CAT01 ,LATAM,2024-11-02,,
PO07962,POL3,V264 ,CAT08,NA ,2024-12-31,61187.71,USD
PO07963,,V113 ,CAT01 ,APAC,2023-07-12,13151.02,
PO07964, POL2,V219,CAT07 ,NA ,2024-07-01,88172.21, USD
PO07965, POL1,V165,CAT01,APAC ,2024-10-10,4605.1,USD
PO07966,POL2,V485,CAT09 ,APAC,2023-03-27,59731.5,USD
PO07967,pol1,V018,CAT01 , LATAM,2024-01-21,9184.7,usd
PO07968, POL2,V196,cat06, NA,2024-09-13,81386.76,usd
PO07969,pol1,V457,CAT01 ,NA,2024-05-03,52794.6,usd
PO07970,POL3,v456,CAT03,NA,2024-11-25,14288.44,usd
PO07971,POL2 , V110,CAT06, EMEA,2024-01-01,68405.05, USD
PO07972,POL3,V047, CAT04,NA,2023-03-03,14919.92, USD
PO07973,POL2,V036,CAT07 ,,2024-04-03,71709.03,usd
PO07974,pol2,V048,CAT01,APAC,2024-07-28,3067.34, USD
PO07975,POL1 , V171,CAT02 ,NA,2023-08-23,90453.18, USD
PO07976,POL1,v014,CAT05,NA,2024-12-10,53012.76,usd
PO07977,POL2 ,V106,CAT01,EMEA,2024-06-10,22548.87, USD
PO07978,POL1,V098,cat05,LATAM,2024-06-23,69758.67,USD
PO07979,POL3,V118,CAT06 ,LATAM,2024-03-04,22712.74, USD
PO07980, POL2,V040,CAT10,NA,2023-12-20,29401.11,
PO07981,POL2,v397,cat07,APAC,2023-12-23,98920.8,usd
PO07982,pol3, V293,CAT04,LATAM,2024-07-27,74586.46,
PO07983,pol2,V015,CAT07,APAC,2024-09-13,,usd
PO07984,POL2 ,V276,cat06, NA,2024-09-28,71196.21,
PO07985,POL3,V459 ,CAT08,NA,2023-04-28,48452.57, USD
PO07986,POL2,v265,CAT10 ,EMEA,2024-10-06,20327.18,
PO07987,pol1,v074, CAT06,na,2023-07-30,32828.37,usd
PO07988,POL1,v094,CAT07,LATAM,2023-12-02,41679.38,
PO07989,POL2, V499,CAT04, NA,2023-11-03,6418.03,USD
PO07990,POL2,V153 , CAT04,emea,2024-02-12,37853.38,usd
PO07991,POL2, V478,CAT02,NA,2024-12-24,25385.89,USD
PO07992,pol1,V185 ,CAT02,latam,2024-02-18,25799.87,usd
PO07993,pol2,V032 ,cat04,APAC,2024-10-21,95296.82,
PO07994,POL3,V428,CAT04,LATAM,2023-12-19,20169.01,usd
PO07995,POL3,V311,cat01,EMEA,2023-06-01,67418.27,USD
PO07996,POL3,V457,CAT08,NA,2023-05-23,75296.68,USD
PO07997,POL2,V469,CAT10,apac,2024-06-16,98299.97,
PO07998,POL3,V326,CAT02, LATAM,2024-08-04,22271.86,
PO07999,POL3 , V417,cat07,NA ,2024-04-15,55320.04, USD
PO08000,POL3,V465,cat01,EMEA ,2023-12-17,80638.4,usd
